{"type": "FeatureCollection", "features": [{"type": "Feature", "geometry": {"type": "MultiPolygon", "coordinates": [[[[28.969171, 40.8752531], [28.9702489, 40.8739201], [28.9744868, 40.8746609], [28.9732905, 40.8762302], [28.9747406, 40.8757257], [28.9726575, 40.8771615], [28.969171, 40.8752531]]], [[[28.9901934, 40.8661954], [28.9935086, 40.8631537], [28.9969995, 40.8649852], [28.9938703, 40.866558], [28.9901934, 40.8661954]]], [[[29.0391703, 40.9118411], [29.0425949, 40.9069235], [29.0458292, 40.9051961], [29.0455111, 40.9025649], [29.0537401, 40.9031488], [29.057031, 40.9056075], [29.055971, 40.9107582], [29.0508886, 40.9144917], [29.0433172, 40.9138911], [29.0391703, 40.9118411]]], [[[29.0522687, 40.8782188], [29.0543301, 40.8759776], [29.0630566, 40.8738648], [29.0677539, 40.8753481], [29.0724689, 40.87927], [29.0697226, 40.8803979], [29.0708068, 40.881223], [29.068797, 40.8822115], [29.0695375, 40.8845879], [29.0563275, 40.8867464], [29.0552186, 40.8860962], [29.0571664, 40.8830197], [29.0522687, 40.8782188]]], [[[29.0747119, 40.8692218], [29.0833432, 40.8674753], [29.0824741, 40.8704337], [29.0852795, 40.8716466], [29.0883712, 40.8704138], [29.0871631, 40.8680701], [29.0953857, 40.8691345], [29.1039859, 40.8734377], [29.1015312, 40.873548], [29.1026372, 40.8753102], [29.104149, 40.8740088], [29.0992652, 40.8801287], [29.1002236, 40.8812106], [29.098686, 40.883821], [29.093137, 40.88482], [29.0888287, 40.8831549], [29.0900147, 40.8801887], [29.0760326, 40.8740419], [29.0748621, 40.8723914], [29.0761275, 40.8705973], [29.0747119, 40.8692218]]], [[[29.0760538, 40.8847455], [29.0773494, 40.8824652], [29.0769029, 40.8812186], [29.0786887, 40.8848168], [29.0760538, 40.8847455]]], [[[29.1072384, 40.8609052], [29.1130359, 40.8596926], [29.1103288, 40.8533873], [29.1146815, 40.8463786], [29.1099481, 40.8418163], [29.112098, 40.8416453], [29.1145943, 40.8382154], [29.1240097, 40.8376379], [29.1251447, 40.8399731], [29.1242938, 40.8440371], [29.1265929, 40.8462516], [29.1251915, 40.853909], [29.1261615, 40.8573416], [29.1312206, 40.8605892], [29.1391361, 40.8708851], [29.1342776, 40.8750223], [29.1292132, 40.8751019], [29.1180135, 40.8718012], [29.1149454, 40.8704647], [29.114344, 40.8621122], [29.1072384, 40.8609052]]], [[[29.1110226, 40.8203234], [29.1135945, 40.8180328], [29.113915, 40.8183649], [29.113424, 40.8205509], [29.1110226, 40.8203234]]], [[[29.1405469, 40.8504697], [29.1457826, 40.8468339], [29.1479069, 40.8471504], [29.1482181, 40.8491712], [29.1436583, 40.8558095], [29.1405469, 40.8504697]]]]}, "properties": {"id": "tr-34-adalar", "name": "Adalar", "province": "istanbul", "province_plate": "34", "osm_relation_id": 963209, "bbox": [40.8180328, 28.969171, 40.9144917, 29.1482181], "center": [40.870819851340585, 29.096574085945182]}}, {"type": "Feature", "geometry": {"type": "MultiPolygon", "coordinates": [[[[29.3210642, 41.183425], [29.3242115, 41.1800069], [29.3227118, 41.1729318], [29.3240214, 41.1681457], [29.3260493, 41.1694178], [29.3268519, 41.1674779], [29.326007, 41.1642021], [29.3297458, 41.1612124], [29.3292811, 41.1578409], [29.3388077, 41.1593677], [29.3407933, 41.1613715], [29.3434548, 41.1585248], [29.3435604, 41.155853], [29.3462853, 41.1541671], [29.3454193, 41.1517337], [29.3507846, 41.1534673], [29.3568258, 41.1497455], [29.3537418, 41.1427944], [29.3571426, 41.1432557], [29.3640499, 41.1408218], [29.3654018, 41.1343311], [29.3591084, 41.1253552], [29.3669016, 41.1226844], [29.3728161, 41.125835], [29.3783081, 41.122939], [29.3801036, 41.1210614], [29.3824694, 41.1089508], [29.3891866, 41.1061814], [29.3915946, 41.1029344], [29.4013733, 41.0999943], [29.4019873, 41.0985253], [29.4003898, 41.0942641], [29.3934588, 41.0931696], [29.3901583, 41.0896374], [29.3934588, 41.0869259], [29.3994327, 41.085906], [29.3996307, 41.0824481], [29.3944793, 41.0813926], [29.3945668, 41.0774887], [29.3878479, 41.0735411], [29.3872799, 41.0726855], [29.3903563, 41.0719736], [29.3849964, 41.0696685], [29.3760992, 41.0572311], [29.3761331, 41.0521742], [29.3782736, 41.0489577], [29.3753181, 41.0421077], [29.3766547, 41.0386753], [29.3759059, 41.0348941], [29.3843054, 41.0289163], [29.4046835, 41.0237932], [29.4137748, 41.026611], [29.4243155, 41.0215519], [29.4300975, 41.020676], [29.4283189, 41.0153692], [29.4331768, 41.0144242], [29.4348188, 41.0117293], [29.4333397, 41.009772], [29.4342126, 41.00825], [29.4361768, 41.0102843], [29.438104, 41.0092086], [29.434441, 41.0025853], [29.4398181, 40.999774], [29.4425417, 40.9964325], [29.4495465, 40.9989995], [29.4661879, 41.009022], [29.4758245, 41.0163852], [29.4759055, 41.0180349], [29.4813312, 41.0204177], [29.4836391, 41.023778], [29.4836391, 41.0299788], [29.4974868, 41.035782], [29.5018537, 41.0319922], [29.5053291, 41.0336577], [29.5079255, 41.0362312], [29.5086371, 41.041655], [29.5115335, 41.0400558], [29.5127049, 41.0422962], [29.5175406, 41.0440465], [29.5208967, 41.0415777], [29.5224649, 41.042129], [29.5248297, 41.0375592], [29.5272179, 41.0362283], [29.5257421, 41.0342647], [29.5281986, 41.0316644], [29.530487, 41.0319213], [29.5319957, 41.0341101], [29.5373054, 41.0331447], [29.5367735, 41.0354627], [29.5386128, 41.0368198], [29.5424802, 41.0370316], [29.5444479, 41.0354441], [29.5467789, 41.0370303], [29.5507902, 41.0353979], [29.5534896, 41.0388933], [29.5580567, 41.0392344], [29.5705148, 41.0331907], [29.5735003, 41.0327495], [29.5745194, 41.0353304], [29.5779985, 41.0325632], [29.5888435, 41.0313715], [29.5935998, 41.028816], [29.5973308, 41.0288959], [29.6002632, 41.026565], [29.5971894, 41.0205133], [29.6018565, 41.0124748], [29.6001291, 41.0104428], [29.6010196, 41.0076335], [29.5989275, 41.0033666], [29.6034227, 41.0070053], [29.605375, 41.0054929], [29.6090915, 41.0074019], [29.6112442, 41.0003707], [29.6103859, 40.9924675], [29.6068668, 40.9907831], [29.6048713, 40.9861507], [29.6069312, 40.9812588], [29.6109223, 40.9799791], [29.6136477, 40.9812279], [29.6210235, 40.9762167], [29.633646, 40.9709717], [29.6419716, 40.9708745], [29.6494978, 40.9685617], [29.6517777, 40.9694042], [29.6553022, 40.9672655], [29.6556294, 40.9640614], [29.6623349, 40.9633566], [29.6633166, 40.9617484], [29.6716958, 40.966427], [29.6731979, 40.9644948], [29.6791363, 40.966022], [29.6834981, 40.9699632], [29.6838077, 40.9770912], [29.6860134, 40.9795984], [29.6896344, 40.9796308], [29.6910721, 40.9813398], [29.6883792, 40.9839073], [29.6910154, 40.9845285], [29.6920094, 40.9887823], [29.7008315, 40.990049], [29.7031255, 40.9946586], [29.7116573, 41.0004562], [29.7116905, 41.002111], [29.7180605, 41.002897], [29.7189464, 41.0084263], [29.7134762, 41.0127571], [29.7100138, 41.0116086], [29.7070741, 41.0126125], [29.6964097, 41.0226179], [29.6961522, 41.0244148], [29.6996283, 41.0266325], [29.6998891, 41.0283644], [29.7058285, 41.0286119], [29.7044201, 41.0344787], [29.7181463, 41.0275067], [29.7180304, 41.0317493], [29.7230435, 41.0315198], [29.7298193, 41.0411028], [29.7324291, 41.0421757], [29.7365355, 41.0404878], [29.7364282, 41.0348392], [29.7406554, 41.035956], [29.7426057, 41.0341602], [29.746397, 41.0343493], [29.7563504, 41.026561], [29.7611368, 41.0271748], [29.7712369, 41.0252479], [29.7783629, 41.0273877], [29.7849979, 41.023886], [29.785734, 41.0215493], [29.7914994, 41.0192424], [29.8086226, 41.0201895], [29.8138047, 41.0146239], [29.8265547, 41.0132711], [29.8347909, 41.0158392], [29.8350048, 41.0173887], [29.8394794, 41.0184287], [29.8409454, 41.0208051], [29.8453259, 41.0202219], [29.8518598, 41.0268268], [29.8622285, 41.0308556], [29.8637715, 41.0355016], [29.8678136, 41.0375584], [29.8684617, 41.0402864], [29.877963, 41.0405202], [29.8804294, 41.0419671], [29.8810408, 41.054389], [29.8869974, 41.0581555], [29.8871367, 41.0631993], [29.8914465, 41.0625703], [29.8928225, 41.0639267], [29.8927045, 41.0707537], [29.8869006, 41.0804381], [29.8909982, 41.0827078], [29.8925543, 41.0856752], [29.8915028, 41.0929597], [29.9003367, 41.0908989], [29.9038088, 41.0917641], [29.9107692, 41.0879805], [29.9115443, 41.0896375], [29.9151599, 41.0887723], [29.9146664, 41.0898801], [29.9278371, 41.0864483], [29.9289909, 41.0877125], [29.9361086, 41.0868776], [29.9545133, 41.0800952], [29.9550497, 41.0837101], [29.9576783, 41.0840012], [29.9561217, 41.0894418], [29.9588048, 41.0944648], [29.9549532, 41.0987095], [29.9489605, 41.0998582], [29.9435943, 41.0974652], [29.9358378, 41.0984051], [29.9285222, 41.0969988], [29.9150097, 41.1010461], [29.914999, 41.1040373], [29.9166942, 41.10487], [29.9141782, 41.1049266], [29.9130249, 41.1077197], [29.9157017, 41.1099912], [29.9114513, 41.1183865], [29.9144608, 41.1200708], [29.9096302, 41.1194186], [29.9095273, 41.1210487], [29.9145913, 41.1259019], [29.9140978, 41.1403423], [29.918147, 41.14146], [29.91661, 41.142608], [29.9093692, 41.1433244], [29.9076442, 41.1406601], [29.9056515, 41.1427584], [29.8950732, 41.1433759], [29.8843099, 41.1422348], [29.8757039, 41.1388151], [29.8733148, 41.1403561], [29.8739011, 41.1420858], [29.8654038, 41.1412372], [29.8613244, 41.1436207], [29.8521111, 41.1418236], [29.8553413, 41.1393114], [29.8514073, 41.1409496], [29.8504705, 41.139174], [29.8459815, 41.1386417], [29.8195434, 41.1434023], [29.812249, 41.147772], [29.7961644, 41.153657], [29.793269, 41.1538823], [29.7893527, 41.1517287], [29.7894583, 41.1553865], [29.7811329, 41.1569901], [29.7799272, 41.1584345], [29.7766622, 41.1560293], [29.7753421, 41.1571557], [29.7765919, 41.1586798], [29.7671387, 41.1605486], [29.7559956, 41.157202], [29.7533639, 41.158481], [29.7536896, 41.1609926], [29.7524221, 41.1614498], [29.750961, 41.1589648], [29.7419501, 41.1599437], [29.7408485, 41.1582005], [29.7375329, 41.158205], [29.7332976, 41.1552224], [29.7061267, 41.1596767], [29.7029862, 41.1612808], [29.702943, 41.1636251], [29.699693, 41.1641533], [29.6966251, 41.1626586], [29.6940033, 41.1638216], [29.691221, 41.1626771], [29.6902827, 41.1639731], [29.6892601, 41.1625419], [29.6864262, 41.1638155], [29.6788463, 41.1620239], [29.6720579, 41.1637418], [29.6685059, 41.1664813], [29.6623702, 41.1648597], [29.6486, 41.1680229], [29.6452894, 41.1695494], [29.6461223, 41.1710938], [29.6449479, 41.1720272], [29.6418072, 41.1695551], [29.6358632, 41.1707224], [29.6327027, 41.1726279], [29.6332644, 41.1742966], [29.6248821, 41.1753131], [29.6243445, 41.1796632], [29.6199632, 41.1794772], [29.6182182, 41.1775718], [29.6166529, 41.1792517], [29.6143386, 41.1785414], [29.614099, 41.1809653], [29.6101296, 41.1797365], [29.6075642, 41.1812168], [29.6073666, 41.1821487], [29.5997669, 41.1786711], [29.6062951, 41.1810738], [29.6088958, 41.1800105], [29.6091688, 41.1780773], [29.6039635, 41.1761894], [29.6038734, 41.1775605], [29.6017797, 41.1778726], [29.6036279, 41.1752737], [29.5970588, 41.1712486], [29.564, 41.173591], [29.5124233, 41.1850523], [29.510722, 41.184007], [29.50464, 41.184909], [29.454843, 41.198047], [29.4406337, 41.1997609], [29.408695, 41.20929], [29.3924028, 41.2121954], [29.389526, 41.214952], [29.3785821, 41.211458], [29.3748971, 41.2129471], [29.368653, 41.211147], [29.357277, 41.2107767], [29.353074, 41.21275], [29.346634, 41.2129156], [29.34566, 41.214571], [29.3364711, 41.2146087], [29.3324799, 41.2166263], [29.3297247, 41.2112078], [29.3328298, 41.2058842], [29.3324496, 41.2036116], [29.3233455, 41.1954105], [29.321888, 41.19034], [29.3233032, 41.1894816], [29.3210642, 41.183425]]], [[[29.6047747, 41.1834546], [29.6055686, 41.1827117], [29.6059334, 41.1828853], [29.6057242, 41.1835838], [29.6047747, 41.1834546]]], [[[29.6084735, 41.1811976], [29.6098508, 41.1811045], [29.6092996, 41.1824593], [29.6085298, 41.1823281], [29.6084735, 41.1811976]]], [[[29.6105157, 41.181279], [29.6111086, 41.1808304], [29.6114729, 41.180869], [29.6109265, 41.1816722], [29.6105157, 41.181279]]], [[[29.6118372, 41.1833665], [29.6121667, 41.1830114], [29.6124588, 41.1831354], [29.6121293, 41.1835131], [29.6118372, 41.1833665]]], [[[29.7266625, 41.1574992], [29.726865, 41.1573534], [29.7273226, 41.1576052], [29.7270498, 41.1578835], [29.7266625, 41.1574992]]], [[[29.727992, 41.1574968], [29.728344, 41.1571125], [29.7290217, 41.1579474], [29.7285376, 41.1575498], [29.727992, 41.1574968]]], [[[29.747172, 41.1600327], [29.7473338, 41.1599812], [29.7475827, 41.1601264], [29.7475143, 41.1602295], [29.747172, 41.1600327]]], [[[29.7476637, 41.1601733], [29.7477757, 41.1601077], [29.7478939, 41.1603185], [29.747701, 41.1602764], [29.7476637, 41.1601733]]], [[[29.7480495, 41.1603701], [29.748174, 41.1602248], [29.748286, 41.1604919], [29.7482114, 41.1605481], [29.7480495, 41.1603701]]], [[[29.7543673, 41.1608799], [29.7549042, 41.1610058], [29.7550803, 41.1613835], [29.7545257, 41.1611516], [29.7543673, 41.1608799]]], [[[29.7810273, 41.1573479], [29.7811065, 41.1571425], [29.7813793, 41.1573147], [29.7812737, 41.1573943], [29.7810273, 41.1573479]]]]}, "properties": {"id": "tr-34-sile", "name": "Şile", "province": "istanbul", "province_plate": "34", "osm_relation_id": 1275310, "bbox": [40.9617484, 29.3210642, 41.2166263, 29.9588048], "center": [41.09754753191337, 29.611434537900017]}}, {"type": "Feature", "geometry": {"type": "Polygon", "coordinates": [[[27.9708481, 41.0998253], [27.9779506, 41.0989925], [27.9747685, 41.0876566], [27.9789505, 41.0835969], [27.9750011, 41.0796342], [27.9753971, 41.0756632], [27.9810104, 41.076032], [27.9810834, 41.072064], [27.9839906, 41.0718535], [27.9801792, 41.0677771], [27.9753475, 41.0656144], [27.9787849, 41.0575998], [27.9781295, 41.049336], [27.9738632, 41.042427], [27.9803968, 41.0436561], [27.9816959, 41.0401358], [27.9859367, 41.0440022], [27.9907823, 41.0432148], [27.9943246, 41.0411451], [27.9953149, 41.0381139], [28.0053767, 41.0401005], [28.0057943, 41.0334206], [28.0075828, 41.0320583], [28.0132167, 41.0353853], [28.0134334, 41.0342521], [28.0169493, 41.0352017], [28.0305553, 41.0411826], [28.0449956, 41.0427353], [28.0646209, 41.0531451], [28.0750236, 41.0567324], [28.11727, 41.0614265], [28.1228512, 41.05965], [28.1255259, 41.0635366], [28.1318778, 41.0664493], [28.1429747, 41.0690315], [28.1549556, 41.0693832], [28.1667402, 41.072715], [28.1848857, 41.0732835], [28.2114892, 41.0704116], [28.2190608, 41.076825], [28.2238635, 41.0777923], [28.236213, 41.0774505], [28.2408727, 41.0756187], [28.2423687, 41.0747695], [28.2399412, 41.0734851], [28.2423181, 41.0742191], [28.2430919, 41.0727666], [28.2403053, 41.0709226], [28.2382234, 41.0729202], [28.240387, 41.0701096], [28.2412517, 41.0713], [28.249351, 41.0684399], [28.259981, 41.062523], [28.2790527, 41.0637103], [28.3061993, 41.0598738], [28.313134, 41.057566], [28.3359754, 41.0567608], [28.34062, 41.058276], [28.3514628, 41.0560308], [28.352207, 41.054172], [28.3659562, 41.0514183], [28.3711731, 41.0530679], [28.3909885, 41.0480917], [28.3937073, 41.0565056], [28.3926498, 41.0592594], [28.3943858, 41.0662524], [28.3924408, 41.066425], [28.3921979, 41.0709885], [28.3941677, 41.0761401], [28.3896549, 41.0811925], [28.3909839, 41.0870944], [28.3954521, 41.0948286], [28.3916869, 41.0985364], [28.3876377, 41.1125976], [28.3872101, 41.1246047], [28.380524, 41.1286913], [28.3887381, 41.1299382], [28.3819853, 41.1444403], [28.3853902, 41.1493957], [28.3812636, 41.1551147], [28.3839812, 41.1604263], [28.3777165, 41.1637714], [28.3762028, 41.1624479], [28.3708161, 41.1626778], [28.3698059, 41.1725173], [28.3650465, 41.1742914], [28.3693278, 41.177689], [28.372075, 41.1842628], [28.3746761, 41.1850694], [28.371554, 41.1890742], [28.3684723, 41.1891035], [28.3672786, 41.1929132], [28.3741558, 41.1946126], [28.3730024, 41.1976077], [28.3784807, 41.2023922], [28.3767078, 41.2023029], [28.3755076, 41.2053491], [28.3738084, 41.2055918], [28.3739919, 41.2084839], [28.3698152, 41.2091963], [28.3684995, 41.2078149], [28.3670065, 41.209423], [28.3673215, 41.2122017], [28.3610666, 41.2142437], [28.357864, 41.2183758], [28.3521026, 41.221975], [28.3463765, 41.2351028], [28.3470487, 41.2388171], [28.3440989, 41.2395568], [28.3445442, 41.2410816], [28.339439, 41.241806], [28.3344498, 41.2393278], [28.3328997, 41.2406208], [28.3290699, 41.2392102], [28.3241849, 41.2429128], [28.317392, 41.2451594], [28.3152363, 41.2474166], [28.3188449, 41.2488157], [28.3179396, 41.2517462], [28.3076168, 41.2594783], [28.306196, 41.2678616], [28.3022605, 41.2701486], [28.3026252, 41.2755445], [28.2965219, 41.2755851], [28.2932925, 41.2732427], [28.2797313, 41.2975657], [28.2748389, 41.3126129], [28.2671908, 41.3179098], [28.2654081, 41.3233083], [28.2750454, 41.3334036], [28.2766963, 41.3393596], [28.2814018, 41.3463649], [28.2711135, 41.3558348], [28.2666421, 41.3534574], [28.2630611, 41.3471919], [28.2523298, 41.3462571], [28.2477619, 41.3436744], [28.2417948, 41.345352], [28.2331979, 41.342454], [28.2253897, 41.3430835], [28.2188652, 41.346268], [28.2132114, 41.3410511], [28.211369, 41.3354842], [28.2086883, 41.3415265], [28.2049434, 41.3452118], [28.1598382, 41.3586127], [28.1439487, 41.3578183], [28.1359101, 41.3607532], [28.1323678, 41.3637851], [28.1362986, 41.3542089], [28.1348172, 41.3506722], [28.1358676, 41.3492911], [28.13183, 41.3425588], [28.1241313, 41.3345175], [28.1278835, 41.3335966], [28.1287457, 41.3280162], [28.1330686, 41.3211221], [28.1385572, 41.3204746], [28.1390595, 41.318415], [28.1345743, 41.3176656], [28.132765, 41.313753], [28.119347, 41.3028164], [28.1166755, 41.2981365], [28.1099726, 41.2970965], [28.1071797, 41.2989667], [28.104059, 41.2968593], [28.094126, 41.2999154], [28.0935067, 41.2970874], [28.0884871, 41.2955606], [28.0821894, 41.2991218], [28.0788167, 41.2970434], [28.0770884, 41.2998688], [28.0750917, 41.2967023], [28.0767309, 41.2879246], [28.0721357, 41.2849863], [28.0718148, 41.2825662], [28.0675243, 41.2790025], [28.063118, 41.277723], [28.0578519, 41.2680061], [28.0458562, 41.2653249], [28.0301426, 41.2561208], [28.0155317, 41.2522807], [28.0003812, 41.240615], [27.9974718, 41.2304], [27.9983085, 41.2224189], [28.0183983, 41.1970466], [28.0207632, 41.1840943], [28.02334, 41.1812963], [28.0231833, 41.1790739], [28.0203509, 41.1722904], [28.0169606, 41.171499], [28.0167889, 41.1670086], [28.0129557, 41.1669367], [28.0136239, 41.1623401], [27.9850101, 41.1621463], [27.9808259, 41.1573563], [27.978605, 41.1513704], [27.9807079, 41.1437923], [27.9733564, 41.1229912], [27.9758237, 41.1233733], [27.9756439, 41.1195252], [27.9724038, 41.1117251], [27.9773618, 41.1114299], [27.972873, 41.1088861], [27.9756868, 41.1065596], [27.9708481, 41.0998253]]]}, "properties": {"id": "tr-34-silivri", "name": "Silivri", "province": "istanbul", "province_plate": "34", "osm_relation_id": 1275379, "bbox": [41.0320583, 27.9708481, 41.3637851, 28.3954521], "center": [41.17938882229823, 28.181702748480344]}}, {"type": "Feature", "geometry": {"type": "Polygon", "coordinates": [[[28.3909885, 41.0480917], [28.397379, 41.047846], [28.4292414, 41.0386136], [28.46577, 41.0246338], [28.4802392, 41.0161966], [28.4825701, 41.0129886], [28.5084201, 41.0021276], [28.5091465, 41.0009056], [28.5076439, 41.0002007], [28.507387, 40.9995938], [28.5083628, 40.9981521], [28.5101008, 40.9969375], [28.5075581, 40.9997776], [28.5091229, 40.9985983], [28.508028, 41.0000752], [28.5090371, 41.0005359], [28.5100268, 40.9980505], [28.512988, 40.9976975], [28.5119467, 40.9971027], [28.5174461, 40.9967456], [28.5337625, 40.9894848], [28.5414947, 40.984499], [28.5444752, 40.9863046], [28.5471964, 40.9997144], [28.5509295, 41.0029444], [28.5521182, 41.0073585], [28.5653656, 41.0139892], [28.5661703, 41.0148169], [28.5662006, 41.0152677], [28.5629224, 41.0137166], [28.5642829, 41.0153222], [28.5630485, 41.0162331], [28.5654129, 41.0154426], [28.567502, 41.0181592], [28.5727487, 41.0183112], [28.5745731, 41.0165591], [28.5810061, 41.014762], [28.5830754, 41.0151469], [28.5751141, 41.0167106], [28.5748874, 41.0182852], [28.5776287, 41.0180186], [28.5774464, 41.0169269], [28.5822501, 41.0172919], [28.5820091, 41.0157036], [28.5833501, 41.0174829], [28.5868065, 41.0170785], [28.5958948, 41.0138486], [28.5998595, 41.0083547], [28.5975813, 41.0040657], [28.5971958, 40.9970129], [28.6017144, 40.9980185], [28.6026424, 40.9963666], [28.6048177, 40.9975549], [28.6127072, 40.9916686], [28.620179, 41.0041171], [28.6259346, 41.0097734], [28.6263988, 41.0166879], [28.6317723, 41.0164075], [28.6332242, 41.0185797], [28.6266226, 41.0222542], [28.6254869, 41.0250306], [28.625819, 41.0295851], [28.6233609, 41.0348983], [28.6276988, 41.0437759], [28.6280848, 41.052893], [28.6205441, 41.0682123], [28.6258752, 41.0799909], [28.6292885, 41.0839929], [28.628515, 41.0855094], [28.6309601, 41.08571], [28.6340208, 41.088634], [28.6127436, 41.1193918], [28.6084896, 41.1158829], [28.6077601, 41.1112118], [28.6026746, 41.1145785], [28.603404, 41.1189771], [28.6007488, 41.1207456], [28.5974389, 41.1202324], [28.5946387, 41.1225116], [28.5929275, 41.1290416], [28.5916722, 41.1296274], [28.5898054, 41.1261201], [28.5875416, 41.1282375], [28.586536, 41.1269775], [28.5813028, 41.1281688], [28.5662555, 41.1147159], [28.5624499, 41.1155572], [28.5593318, 41.1040858], [28.5535132, 41.093384], [28.5465481, 41.093082], [28.5374628, 41.1015737], [28.5229862, 41.1082249], [28.5080856, 41.1026769], [28.5155901, 41.0855302], [28.5257861, 41.0718825], [28.5209906, 41.0689904], [28.5166413, 41.0706314], [28.5151595, 41.0675668], [28.5073103, 41.0651917], [28.5011202, 41.0588076], [28.4816909, 41.0563142], [28.4717989, 41.068232], [28.4572023, 41.0685334], [28.4439951, 41.076379], [28.4367156, 41.0784292], [28.4323329, 41.078963], [28.4222324, 41.0756545], [28.4166366, 41.0778428], [28.4122017, 41.0824798], [28.402019, 41.0857275], [28.3960211, 41.0827882], [28.3933792, 41.0777245], [28.3941677, 41.0761401], [28.3921979, 41.0709885], [28.3924408, 41.066425], [28.3943858, 41.0662524], [28.3926498, 41.0592594], [28.3937073, 41.0565056], [28.3909885, 41.0480917]]]}, "properties": {"id": "tr-34-buyukcekmece", "name": "Büyükçekmece", "province": "istanbul", "province_plate": "34", "osm_relation_id": 1275387, "bbox": [40.984499, 28.3909885, 41.1296274, 28.6340208], "center": [41.054286914224335, 28.536664666111413]}}, {"type": "Feature", "geometry": {"type": "Polygon", "coordinates": [[[28.0709481, 41.4947567], [28.0711841, 41.4934067], [28.0786008, 41.4931414], [28.0853471, 41.4900769], [28.093586, 41.4800571], [28.1027643, 41.4752341], [28.1049293, 41.4756726], [28.1064498, 41.4692291], [28.1116855, 41.4654104], [28.1137776, 41.4388739], [28.1110816, 41.4319092], [28.1112403, 41.4265362], [28.1217715, 41.4096812], [28.1133068, 41.4070568], [28.1101298, 41.4039901], [28.1017631, 41.4041086], [28.0989144, 41.394076], [28.0988078, 41.3860364], [28.0893576, 41.3695754], [28.0877387, 41.3524185], [28.0897665, 41.3462732], [28.082119, 41.3330359], [28.0795005, 41.325843], [28.0804324, 41.3244661], [28.0778702, 41.321122], [28.0781802, 41.3119094], [28.0764326, 41.3021638], [28.0783645, 41.3010962], [28.0770884, 41.2998688], [28.0788167, 41.2970434], [28.0821894, 41.2991218], [28.088133, 41.295613], [28.0911854, 41.2958146], [28.0935067, 41.2970874], [28.094126, 41.2999154], [28.104059, 41.2968593], [28.1071797, 41.2989667], [28.1099726, 41.2970965], [28.1166755, 41.2981365], [28.119347, 41.3028164], [28.132765, 41.313753], [28.1345743, 41.3176656], [28.1390595, 41.318415], [28.1385572, 41.3204746], [28.1330686, 41.3211221], [28.1287457, 41.3280162], [28.1278835, 41.3335966], [28.1241313, 41.3345175], [28.13183, 41.3425588], [28.1358676, 41.3492911], [28.1348172, 41.3506722], [28.1362986, 41.3542089], [28.1323678, 41.3637851], [28.1359101, 41.3607532], [28.1439487, 41.3578183], [28.1598382, 41.3586127], [28.2049434, 41.3452118], [28.2086883, 41.3415265], [28.211369, 41.3354842], [28.2132114, 41.3410511], [28.2188652, 41.346268], [28.2253897, 41.3430835], [28.2331979, 41.342454], [28.2417948, 41.345352], [28.2477619, 41.3436744], [28.2523298, 41.3462571], [28.2630611, 41.3471919], [28.2666421, 41.3534574], [28.2725247, 41.3556688], [28.2727846, 41.3539109], [28.2814018, 41.3463649], [28.2766963, 41.3393596], [28.2750454, 41.3334036], [28.2654081, 41.3233083], [28.2671908, 41.3179098], [28.2748389, 41.3126129], [28.2797313, 41.2975657], [28.2932925, 41.2732427], [28.2965219, 41.2755851], [28.3026252, 41.2755445], [28.3022605, 41.2701486], [28.306196, 41.2678616], [28.3076168, 41.2594783], [28.3179396, 41.2517462], [28.3188449, 41.2488157], [28.3152363, 41.2474166], [28.317392, 41.2451594], [28.3241849, 41.2429128], [28.3290699, 41.2392102], [28.3328997, 41.2406208], [28.3344498, 41.2393278], [28.339439, 41.241806], [28.3445442, 41.2410816], [28.3440989, 41.2395568], [28.3470487, 41.2388171], [28.3463765, 41.2351028], [28.3521026, 41.221975], [28.357864, 41.2183758], [28.3610666, 41.2142437], [28.3673215, 41.2122017], [28.3670065, 41.209423], [28.3684995, 41.2078149], [28.3698152, 41.2091963], [28.3739919, 41.2084839], [28.3738084, 41.2055918], [28.3755076, 41.2053491], [28.3767078, 41.2023029], [28.3784807, 41.2023922], [28.3730024, 41.1976077], [28.3741558, 41.1946126], [28.3672786, 41.1929132], [28.3684723, 41.1891035], [28.371554, 41.1890742], [28.3746761, 41.1850694], [28.372075, 41.1842628], [28.3693278, 41.177689], [28.3650465, 41.1742914], [28.3698059, 41.1725173], [28.3708161, 41.1626778], [28.3762028, 41.1624479], [28.3777165, 41.1637714], [28.3839812, 41.1604263], [28.3812636, 41.1551147], [28.3853902, 41.1493957], [28.3819853, 41.1444403], [28.3887381, 41.1299382], [28.380524, 41.1286913], [28.3872101, 41.1246047], [28.3876377, 41.1125976], [28.3916869, 41.0985364], [28.3954521, 41.0948286], [28.3909839, 41.0870944], [28.3896549, 41.0811925], [28.391845, 41.0782764], [28.3933792, 41.0777245], [28.3960211, 41.0827882], [28.402019, 41.0857275], [28.4122017, 41.0824798], [28.4166366, 41.0778428], [28.4222324, 41.0756545], [28.4323329, 41.078963], [28.4367156, 41.0784292], [28.4439951, 41.076379], [28.4572023, 41.0685334], [28.4717989, 41.068232], [28.4805038, 41.0571457], [28.4836972, 41.0557883], [28.5011202, 41.0588076], [28.5073103, 41.0651917], [28.5151595, 41.0675668], [28.5166413, 41.0706314], [28.5209906, 41.0689904], [28.5257861, 41.0718825], [28.5155901, 41.0855302], [28.5080856, 41.1026769], [28.5229862, 41.1082249], [28.5374628, 41.1015737], [28.5465481, 41.093082], [28.5535132, 41.093384], [28.5593318, 41.1040858], [28.5625533, 41.1179936], [28.5743178, 41.1278347], [28.5677859, 41.1402], [28.5798782, 41.1518139], [28.5858248, 41.1634917], [28.591315, 41.1656596], [28.5940308, 41.172154], [28.595096, 41.1850264], [28.5950843, 41.1900742], [28.5857312, 41.2050745], [28.5857195, 41.210156], [28.5824886, 41.2140835], [28.582992, 41.2225454], [28.581002, 41.2302403], [28.5792248, 41.2293888], [28.5740212, 41.2345663], [28.5772351, 41.2371544], [28.5750317, 41.2437478], [28.576864, 41.2472828], [28.5744718, 41.2490705], [28.5746133, 41.2584979], [28.5622948, 41.2617812], [28.549246, 41.2604594], [28.5455274, 41.2651787], [28.5435787, 41.2708851], [28.5447671, 41.2718726], [28.5432851, 41.2765083], [28.5521922, 41.2788656], [28.551869, 41.2869604], [28.5567164, 41.2950744], [28.5572727, 41.3093727], [28.5730883, 41.3536243], [28.5653133, 41.3660487], [28.5342134, 41.3711307], [28.5196667, 41.3831754], [28.4955893, 41.3876916], [28.4913939, 41.390082], [28.4892653, 41.3943481], [28.4901435, 41.4055197], [28.4919557, 41.408084], [28.4881014, 41.4099529], [28.4018683, 41.4432057], [28.2905057, 41.4889464], [28.2783139, 41.495524], [28.2722855, 41.4962233], [28.2684892, 41.499989], [28.2619335, 41.5023343], [28.2599641, 41.5072705], [28.2563129, 41.5075248], [28.2503567, 41.5115486], [28.2468072, 41.5112627], [28.247101, 41.5143784], [28.2439479, 41.5148338], [28.2439694, 41.5159464], [28.2373926, 41.5168421], [28.2317626, 41.5210675], [28.2316956, 41.5240416], [28.2291716, 41.5250336], [28.224226, 41.5231208], [28.2204801, 41.5246505], [28.219097, 41.528001], [28.2214103, 41.5296878], [28.2140295, 41.5330348], [28.2077754, 41.5386525], [28.2060456, 41.5384533], [28.1990551, 41.5453919], [28.1994635, 41.5484476], [28.1925174, 41.5481903], [28.1930134, 41.5524765], [28.1860846, 41.5541522], [28.1857896, 41.5573837], [28.1882679, 41.5585598], [28.1827855, 41.5611368], [28.1808919, 41.5642475], [28.186509, 41.567361], [28.1823459, 41.5684721], [28.18231, 41.571383], [28.1675881, 41.5738396], [28.1657213, 41.5750756], [28.167041, 41.577699], [28.1651419, 41.5787114], [28.15581, 41.580509], [28.1535816, 41.5793053], [28.1458783, 41.5833019], [28.1380892, 41.5814962], [28.1329476, 41.5764275], [28.1334677, 41.5749333], [28.1307185, 41.5728765], [28.1283367, 41.5731574], [28.1255901, 41.5681086], [28.1231071, 41.5670807], [28.1241366, 41.5663536], [28.12294, 41.5644562], [28.1179902, 41.5625885], [28.1189925, 41.560325], [28.1233907, 41.5601454], [28.124876, 41.5556822], [28.1236625, 41.5535608], [28.1246567, 41.5523899], [28.1209016, 41.5519884], [28.1188631, 41.5496921], [28.1224251, 41.5471709], [28.1206012, 41.5441678], [28.1213426, 41.5428488], [28.1159019, 41.5417587], [28.121438, 41.5369886], [28.1198002, 41.5294475], [28.105613, 41.5181054], [28.1046152, 41.5157436], [28.1022967, 41.5167105], [28.0973759, 41.5151332], [28.0924272, 41.5092361], [28.0789104, 41.5089587], [28.0761886, 41.5076325], [28.0754757, 41.5065848], [28.0776214, 41.5033226], [28.0709481, 41.4947567]]]}, "properties": {"id": "tr-34-catalca", "name": "Çatalca", "province": "istanbul", "province_plate": "34", "osm_relation_id": 1275389, "bbox": [41.0557883, 28.0709481, 41.5833019, 28.595096], "center": [41.324396356599166, 28.35636481387067]}}, {"type": "Feature", "geometry": {"type": "Polygon", "coordinates": [[[29.2545791, 40.8145617], [29.2586727, 40.8079769], [29.2571419, 40.8027042], [29.263601, 40.8050142], [29.265518, 40.8095056], [29.2643287, 40.8082309], [29.2616819, 40.8088111], [29.2620772, 40.809947], [29.2646822, 40.8094354], [29.2651925, 40.8114717], [29.2709398, 40.8116159], [29.27735, 40.8142081], [29.2973987, 40.8117144], [29.2932621, 40.814064], [29.2939425, 40.8156226], [29.2971454, 40.8163208], [29.309284, 40.8114063], [29.3127462, 40.8131183], [29.3179228, 40.8129302], [29.3143908, 40.813668], [29.315915, 40.8160857], [29.317781, 40.8137135], [29.320566, 40.8137479], [29.3182076, 40.8172064], [29.3200596, 40.817541], [29.3200733, 40.8161211], [29.3207091, 40.8153304], [29.3205144, 40.8177253], [29.3215827, 40.8172923], [29.3206489, 40.8143757], [29.3222331, 40.8170534], [29.324177, 40.8165826], [29.322637, 40.8151379], [29.3237395, 40.815692], [29.3250576, 40.8183726], [29.3249289, 40.8171101], [29.3260199, 40.8179902], [29.3391181, 40.8097985], [29.3498691, 40.8244937], [29.3622896, 40.8164292], [29.3642175, 40.8189761], [29.3641731, 40.8271147], [29.3711445, 40.8377785], [29.3616071, 40.8491162], [29.3680846, 40.855846], [29.366085, 40.8559704], [29.3644095, 40.8590876], [29.3666626, 40.8592742], [29.3672366, 40.8625442], [29.3711919, 40.8638663], [29.3793144, 40.8722799], [29.396453, 40.876355], [29.4035705, 40.8797887], [29.4140375, 40.8791754], [29.4135547, 40.886492], [29.4154339, 40.8891208], [29.4162583, 40.8980087], [29.4421303, 40.9004758], [29.4564576, 40.9126028], [29.452107, 40.9172908], [29.450264, 40.9153664], [29.4437379, 40.9161315], [29.4417412, 40.9200553], [29.4419688, 40.9336088], [29.438274, 40.9339374], [29.4395214, 40.9364854], [29.4370782, 40.9381046], [29.4430685, 40.944275], [29.4519701, 40.9475126], [29.4549894, 40.9542659], [29.456816, 40.954383], [29.4533954, 40.9596743], [29.4563809, 40.9707317], [29.4535786, 40.9806318], [29.4463607, 40.9754561], [29.4182377, 40.9728727], [29.4133865, 40.9695295], [29.4067032, 40.9600886], [29.3999806, 40.9645165], [29.399029, 40.9591567], [29.3958813, 40.9542212], [29.3910926, 40.9531322], [29.3900811, 40.954592], [29.3899074, 40.9524948], [29.3845965, 40.9513496], [29.3822645, 40.948062], [29.3761846, 40.948218], [29.3732493, 40.9452886], [29.3727896, 40.9422114], [29.3556702, 40.9351111], [29.3366223, 40.9310924], [29.3385797, 40.9263433], [29.3351239, 40.9160816], [29.3358211, 40.9138595], [29.3348207, 40.9117977], [29.3279394, 40.9089799], [29.3293263, 40.9016025], [29.326598, 40.8999699], [29.3291482, 40.8961337], [29.3279254, 40.8903159], [29.3247064, 40.8861673], [29.3145673, 40.8788226], [29.3065501, 40.8767795], [29.312002, 40.8743358], [29.312143, 40.8685643], [29.3151799, 40.863746], [29.3060118, 40.8611361], [29.3039069, 40.8638361], [29.2981333, 40.8638248], [29.2947277, 40.8575599], [29.2911989, 40.8554998], [29.2876996, 40.8573893], [29.287262, 40.854434], [29.2911, 40.848069], [29.29125, 40.8450182], [29.2893968, 40.842967], [29.2857919, 40.8440253], [29.2832261, 40.8415175], [29.2842481, 40.8397082], [29.2802702, 40.8356843], [29.2822243, 40.8342689], [29.2798979, 40.8353741], [29.2783213, 40.8339168], [29.271124, 40.837296], [29.2674499, 40.8422982], [29.2703853, 40.8454408], [29.2712694, 40.8506284], [29.2708301, 40.8492056], [29.26776, 40.8496677], [29.2668201, 40.8456865], [29.2627038, 40.8399621], [29.2666972, 40.8398989], [29.265198, 40.8389333], [29.268309, 40.8383748], [29.2663281, 40.8383132], [29.2662048, 40.8378735], [29.2694294, 40.8364939], [29.2667864, 40.8351315], [29.2657227, 40.8372186], [29.2641047, 40.8372414], [29.2673451, 40.8339973], [29.2716835, 40.8318091], [29.2779548, 40.8315183], [29.279467, 40.8257535], [29.2760409, 40.8232346], [29.2754089, 40.8204272], [29.2696504, 40.8196695], [29.2673703, 40.8150613], [29.2619533, 40.816441], [29.2660688, 40.818945], [29.2633542, 40.8186155], [29.2578911, 40.8143254], [29.2545791, 40.8145617]]]}, "properties": {"id": "tr-34-tuzla", "name": "Tuzla", "province": "istanbul", "province_plate": "34", "osm_relation_id": 1276010, "bbox": [40.8027042, 29.2545791, 40.9806318, 29.456816], "center": [40.89081739421486, 29.3673269891389]}}, {"type": "Feature", "geometry": {"type": "Polygon", "coordinates": [[[29.2154413, 40.8781452], [29.2224112, 40.8755295], [29.2271253, 40.8710551], [29.2395857, 40.8676982], [29.2336061, 40.8707458], [29.2357009, 40.8720228], [29.234631, 40.8744355], [29.2401526, 40.8744013], [29.2574097, 40.8670417], [29.2563952, 40.8661773], [29.2585419, 40.8671392], [29.2545313, 40.8625], [29.2560516, 40.8594834], [29.2566315, 40.8644421], [29.2589082, 40.8645065], [29.2650608, 40.8599773], [29.2592703, 40.8570556], [29.2524295, 40.8592108], [29.2652768, 40.8538339], [29.2676038, 40.8540033], [29.2677339, 40.8558442], [29.2690326, 40.8540738], [29.2690838, 40.8567224], [29.2700032, 40.8558036], [29.2717328, 40.8578036], [29.2749528, 40.8556048], [29.287262, 40.854434], [29.2876996, 40.8573893], [29.2911989, 40.8554998], [29.2947277, 40.8575599], [29.2981333, 40.8638248], [29.3039069, 40.8638361], [29.3060118, 40.8611361], [29.3151799, 40.863746], [29.312143, 40.8685643], [29.312002, 40.8743358], [29.3065501, 40.8767795], [29.3145673, 40.8788226], [29.3247064, 40.8861673], [29.3279254, 40.8903159], [29.3291482, 40.8961337], [29.326598, 40.8999699], [29.3293263, 40.9016025], [29.3279394, 40.9089799], [29.3348207, 40.9117977], [29.3358211, 40.9138595], [29.3351239, 40.9160816], [29.3385797, 40.9263433], [29.3366223, 40.9310924], [29.3556702, 40.9351111], [29.3727896, 40.9422114], [29.3732493, 40.9452886], [29.3761846, 40.948218], [29.3822645, 40.948062], [29.3845965, 40.9513496], [29.3899074, 40.9524948], [29.3900811, 40.954592], [29.3910926, 40.9531322], [29.3958813, 40.9542212], [29.399029, 40.9591567], [29.3999806, 40.9645165], [29.4067032, 40.9600886], [29.4133865, 40.9695295], [29.4182377, 40.9728727], [29.4463607, 40.9754561], [29.4535786, 40.9806318], [29.4563809, 40.9707317], [29.4533954, 40.9596743], [29.4560074, 40.9547812], [29.4632713, 40.950964], [29.4699567, 40.9516608], [29.4696772, 40.9533098], [29.4756102, 40.9594596], [29.4790309, 40.9579604], [29.4790309, 40.9619014], [29.4828844, 40.9626274], [29.4844878, 40.9650425], [29.4847298, 40.9687602], [29.4812186, 40.9696018], [29.4841718, 40.9752001], [29.4894451, 40.9768514], [29.5008109, 40.9867665], [29.5047605, 40.9870092], [29.5063269, 40.989212], [29.5062518, 40.9994234], [29.5017457, 41.0009537], [29.4928408, 41.0090827], [29.49548, 41.0147011], [29.4996757, 41.0176734], [29.5018537, 41.0319922], [29.4974868, 41.035782], [29.4836391, 41.0299788], [29.4836391, 41.023778], [29.4813312, 41.0204177], [29.4759055, 41.0180349], [29.4758245, 41.0163852], [29.4661879, 41.009022], [29.4495465, 40.9989995], [29.4414484, 40.9964325], [29.4398181, 40.999774], [29.434441, 41.0025853], [29.437866, 41.0096336], [29.4361768, 41.0102843], [29.4342126, 41.00825], [29.4333397, 41.009772], [29.4348188, 41.0117293], [29.4331768, 41.0144242], [29.4283189, 41.0153692], [29.4300975, 41.020676], [29.4243155, 41.0215519], [29.4137748, 41.026611], [29.4046835, 41.0237932], [29.3990818, 41.0245329], [29.3843054, 41.0289163], [29.3759059, 41.0348941], [29.3766547, 41.0386753], [29.3753181, 41.0421077], [29.3782736, 41.0489577], [29.3761331, 41.0521742], [29.3760992, 41.0572311], [29.36988, 41.0575972], [29.3652716, 41.0605633], [29.3587143, 41.0515833], [29.3654059, 41.04389], [29.3617955, 41.0415897], [29.3592498, 41.0357691], [29.3643262, 41.0290568], [29.3643724, 41.0265401], [29.3555799, 41.0257346], [29.3425625, 41.0158953], [29.3154446, 41.0170975], [29.2948815, 41.0151029], [29.2933651, 41.0135714], [29.2941666, 41.0119157], [29.287747, 41.0063106], [29.2862174, 41.0009144], [29.2900364, 40.9791249], [29.2902062, 40.9760894], [29.2889887, 40.9757474], [29.2935757, 40.9688849], [29.2998286, 40.9641386], [29.3027668, 40.9589668], [29.3108029, 40.9600343], [29.3117751, 40.9590355], [29.3099644, 40.9492854], [29.2963886, 40.9385013], [29.28027, 40.9346357], [29.2779169, 40.9326307], [29.2551653, 40.9320913], [29.2495887, 40.9222921], [29.2430452, 40.9195675], [29.2451086, 40.9149639], [29.2435189, 40.9138857], [29.2458755, 40.911603], [29.2466612, 40.9008528], [29.2431113, 40.8983368], [29.2374643, 40.8985941], [29.2370991, 40.8962469], [29.2322942, 40.8923614], [29.2245486, 40.8973843], [29.2232245, 40.8896182], [29.2187487, 40.890044], [29.2187573, 40.8866813], [29.2174068, 40.8866583], [29.2189055, 40.8847345], [29.2179029, 40.8807444], [29.2154413, 40.8781452]]]}, "properties": {"id": "tr-34-pendik", "name": "Pendik", "province": "istanbul", "province_plate": "34", "osm_relation_id": 1276011, "bbox": [40.8538339, 29.2154413, 41.0605633, 29.5063269], "center": [40.959035283492405, 29.35163169453851]}}, {"type": "Feature", "geometry": {"type": "Polygon", "coordinates": [[[29.2447211, 40.967708], [29.2497883, 40.9554107], [29.2493673, 40.9524083], [29.2466168, 40.9509398], [29.2498894, 40.9465262], [29.2522777, 40.9348136], [29.2551653, 40.9320913], [29.2735697, 40.9317408], [29.2963886, 40.9385013], [29.3099644, 40.9492854], [29.3119449, 40.9555785], [29.3108029, 40.9600343], [29.3027668, 40.9589668], [29.2998286, 40.9641386], [29.2905177, 40.972498], [29.2889887, 40.9757474], [29.2902062, 40.9760894], [29.2900364, 40.9791249], [29.2875031, 40.989246], [29.2868823, 41.0023819], [29.2630308, 41.0048748], [29.2597997, 41.0032573], [29.257812, 40.9945373], [29.2543963, 40.9898895], [29.2520717, 40.9765959], [29.2455264, 40.9703795], [29.2447211, 40.967708]]]}, "properties": {"id": "tr-34-sultanbeyli", "name": "Sultanbeyli", "province": "istanbul", "province_plate": "34", "osm_relation_id": 1276012, "bbox": [40.9317408, 29.2447211, 41.0048748, 29.3119449], "center": [40.96450038318727, 29.274084019018282]}}, {"type": "Feature", "geometry": {"type": "Polygon", "coordinates": [[[29.138277, 40.906671], [29.1441637, 40.9016536], [29.1481306, 40.9004413], [29.1475867, 40.901431], [29.1517659, 40.901531], [29.1636799, 40.8963935], [29.1793876, 40.8856849], [29.1845117, 40.8853341], [29.1883241, 40.8869955], [29.198073, 40.8833874], [29.203694, 40.883273], [29.2056813, 40.881135], [29.2154413, 40.8781452], [29.2179029, 40.8807444], [29.2189055, 40.8847345], [29.2174068, 40.8866583], [29.2187573, 40.8866813], [29.2187487, 40.890044], [29.2232245, 40.8896182], [29.2245486, 40.8973843], [29.2322942, 40.8923614], [29.2370991, 40.8962469], [29.2374643, 40.8985941], [29.2431113, 40.8983368], [29.2466612, 40.9008528], [29.2458755, 40.911603], [29.2435189, 40.9138857], [29.2451086, 40.9149639], [29.2430452, 40.9195675], [29.2495887, 40.9222921], [29.2551653, 40.9320913], [29.2522777, 40.9348136], [29.2498894, 40.9465262], [29.2465976, 40.9512968], [29.2299405, 40.9492832], [29.2252557, 40.9529265], [29.2211252, 40.9518211], [29.2115148, 40.9405245], [29.207466, 40.9327927], [29.2057187, 40.92377], [29.2037844, 40.9224953], [29.1998407, 40.9213249], [29.1991279, 40.9236139], [29.1940263, 40.921174], [29.1833156, 40.9216739], [29.1718313, 40.9192657], [29.1569975, 40.9137575], [29.1593539, 40.9131961], [29.1510471, 40.9096826], [29.1474681, 40.9141181], [29.1428545, 40.9135508], [29.1394917, 40.9116258], [29.1399288, 40.9082039], [29.138277, 40.906671]]]}, "properties": {"id": "tr-34-kartal", "name": "Kartal", "province": "istanbul", "province_plate": "34", "osm_relation_id": 1276013, "bbox": [40.8781452, 29.138277, 40.9529265, 29.2551653], "center": [40.91327130967023, 29.207785700788925]}}, {"type": "Feature", "geometry": {"type": "Polygon", "coordinates": [[[29.1856762, 41.0090429], [29.1894103, 41.0059354], [29.1929421, 40.9967049], [29.1912982, 40.992665], [29.1927911, 40.9924674], [29.1926187, 40.9889727], [29.2035055, 40.9831703], [29.1979611, 40.9812459], [29.1994033, 40.9743479], [29.2025936, 40.9761883], [29.2060965, 40.9751677], [29.2052489, 40.9736449], [29.2122764, 40.9759283], [29.214046, 40.9741909], [29.2069683, 40.9609341], [29.2145618, 40.9531286], [29.2162998, 40.9460384], [29.2211252, 40.9518211], [29.2252557, 40.9529265], [29.2281991, 40.9516983], [29.2287462, 40.949436], [29.2320742, 40.9491375], [29.2425078, 40.9498646], [29.2493673, 40.9524083], [29.2491829, 40.9579711], [29.2453395, 40.9648785], [29.2449499, 40.9691547], [29.2519743, 40.9763681], [29.2545267, 40.990334], [29.257812, 40.9945373], [29.2595878, 41.0029456], [29.262111, 41.0047937], [29.2867737, 41.0023896], [29.287747, 41.0063106], [29.2941666, 41.0119157], [29.2933651, 41.0135714], [29.2948815, 41.0151029], [29.3154446, 41.0170975], [29.3425625, 41.0158953], [29.3555799, 41.0257346], [29.3643724, 41.0265401], [29.3643262, 41.0290568], [29.3595119, 41.0343444], [29.3603205, 41.0384623], [29.3485809, 41.0413682], [29.3465712, 41.0479526], [29.3298123, 41.0485112], [29.3220762, 41.0508521], [29.3120848, 41.0486392], [29.3025299, 41.0495171], [29.300071, 41.0478353], [29.2902669, 41.0527344], [29.2848177, 41.0505088], [29.2814968, 41.0448877], [29.2744952, 41.0423455], [29.2722683, 41.0364328], [29.2653091, 41.0298205], [29.2593789, 41.0278618], [29.2500653, 41.0281515], [29.2514705, 41.0253591], [29.2491102, 41.0235113], [29.246127, 41.0246278], [29.2459919, 41.0218164], [29.2393914, 41.0223771], [29.2368024, 41.0186988], [29.2370544, 41.0166322], [29.2137273, 41.0160293], [29.2051927, 41.0130298], [29.1907382, 41.0140145], [29.1939648, 41.0133184], [29.1946641, 41.011395], [29.1856762, 41.0090429]]]}, "properties": {"id": "tr-34-sancaktepe", "name": "Sancaktepe", "province": "istanbul", "province_plate": "34", "osm_relation_id": 1276014, "bbox": [40.9460384, 29.1856762, 41.0527344, 29.3643724], "center": [41.00808841974876, 29.264882193985027]}}, {"type": "Feature", "geometry": {"type": "Polygon", "coordinates": [[[29.1382426, 41.0407401], [29.139925, 41.0387213], [29.1398732, 41.0349368], [29.1471103, 41.0368616], [29.1541195, 41.0367286], [29.1705249, 41.0305018], [29.1840831, 41.0148105], [29.2051927, 41.0130298], [29.2137273, 41.0160293], [29.2370544, 41.0166322], [29.2368024, 41.0186988], [29.2393914, 41.0223771], [29.2459919, 41.0218164], [29.246127, 41.0246278], [29.2491102, 41.0235113], [29.2514705, 41.0253591], [29.2500653, 41.0281515], [29.2642062, 41.029216], [29.2722683, 41.0364328], [29.2744952, 41.0423455], [29.2814968, 41.0448877], [29.2848177, 41.0505088], [29.2902669, 41.0527344], [29.300071, 41.0478353], [29.3025299, 41.0495171], [29.3120848, 41.0486392], [29.3220762, 41.0508521], [29.3298123, 41.0485112], [29.3465712, 41.0479526], [29.3485809, 41.0413682], [29.3603205, 41.0384623], [29.3617955, 41.0415897], [29.3654059, 41.04389], [29.35929, 41.0496822], [29.3601615, 41.0550103], [29.3652716, 41.0605633], [29.36988, 41.0575972], [29.3760992, 41.0572311], [29.3849964, 41.0696685], [29.3894266, 41.0708832], [29.3903563, 41.0719736], [29.3872799, 41.0726855], [29.3945668, 41.0774887], [29.3944793, 41.0813926], [29.3996307, 41.0824481], [29.3994327, 41.085906], [29.3934588, 41.0869259], [29.3901583, 41.0896374], [29.3934588, 41.0931696], [29.4003898, 41.0942641], [29.4019873, 41.0985253], [29.4013733, 41.0999943], [29.3915946, 41.1029344], [29.3891866, 41.1061814], [29.3824694, 41.1089508], [29.3801036, 41.1210614], [29.3728161, 41.125835], [29.3669016, 41.1226844], [29.3617475, 41.1253735], [29.3526347, 41.1249979], [29.3499016, 41.1265662], [29.3508012, 41.12889], [29.3464159, 41.1296081], [29.3278277, 41.1258717], [29.3197178, 41.129818], [29.3141084, 41.1279246], [29.312071, 41.1256724], [29.3029689, 41.1259714], [29.298603, 41.128662], [29.2919881, 41.1294592], [29.2852012, 41.1325384], [29.284037, 41.1317013], [29.2850954, 41.128393], [29.2820658, 41.1256923], [29.2809386, 41.1206217], [29.2756996, 41.1217618], [29.2627555, 41.1162124], [29.2597285, 41.1187639], [29.2567439, 41.1159253], [29.252849, 41.116029], [29.2516742, 41.114506], [29.2536944, 41.1129088], [29.2489621, 41.1110129], [29.2501197, 41.1078729], [29.2472753, 41.1034867], [29.2440009, 41.1024898], [29.2424464, 41.1042842], [29.2380641, 41.1023029], [29.2342936, 41.105007], [29.2338801, 41.1102154], [29.229845, 41.1069135], [29.2219568, 41.1043715], [29.2224033, 41.0967698], [29.2128214, 41.090991], [29.2083453, 41.0906949], [29.2087031, 41.0879985], [29.2041823, 41.0798718], [29.2026856, 41.0719463], [29.2056434, 41.0672542], [29.2054092, 41.0649312], [29.2104217, 41.0590486], [29.2082263, 41.0566575], [29.2018842, 41.0561792], [29.2021606, 41.0549039], [29.1986481, 41.0536899], [29.1933421, 41.055457], [29.1831633, 41.0557867], [29.1713601, 41.0542523], [29.1713883, 41.0558495], [29.1705243, 41.054707], [29.1683922, 41.0562585], [29.1672933, 41.0540253], [29.1588786, 41.0512216], [29.1484057, 41.0496991], [29.1478714, 41.0477496], [29.1425602, 41.047674], [29.1417231, 41.0437973], [29.1382426, 41.0407401]]]}, "properties": {"id": "tr-34-cekmekoy", "name": "Çekmeköy", "province": "istanbul", "province_plate": "34", "osm_relation_id": 1276034, "bbox": [41.0130298, 29.1382426, 41.1325384, 29.4019873], "center": [41.07413096599763, 29.282084650579197]}}, {"type": "Feature", "geometry": {"type": "Polygon", "coordinates": [[[29.0948141, 40.952004], [29.1028249, 40.9442668], [29.1018333, 40.9409349], [29.1019277, 40.939234], [29.1031176, 40.9439792], [29.1070357, 40.9427992], [29.1066666, 40.9390534], [29.1132407, 40.9315643], [29.112425, 40.9301087], [29.1143405, 40.9324597], [29.1164309, 40.9333549], [29.11447, 40.9322651], [29.1136835, 40.9288022], [29.1192281, 40.9225383], [29.1226858, 40.9242771], [29.1192871, 40.9224474], [29.1226092, 40.918932], [29.12795, 40.9190219], [29.1319394, 40.9120982], [29.138277, 40.906671], [29.1399288, 40.9082039], [29.1394917, 40.9116258], [29.1428545, 40.9135508], [29.1474681, 40.9141181], [29.1510471, 40.9096826], [29.1593539, 40.9131961], [29.1569975, 40.9137575], [29.1718313, 40.9192657], [29.1833156, 40.9216739], [29.1940263, 40.921174], [29.1991279, 40.9236139], [29.1998407, 40.9213249], [29.2037844, 40.9224953], [29.2057187, 40.92377], [29.2091567, 40.9366612], [29.2162998, 40.9460384], [29.2145618, 40.9531286], [29.2069683, 40.9609341], [29.214046, 40.9741909], [29.2122764, 40.9759283], [29.2052489, 40.9736449], [29.2060965, 40.9751677], [29.2025936, 40.9761883], [29.1994033, 40.9743479], [29.1979611, 40.9812459], [29.17959, 40.9745058], [29.1778557, 40.9771897], [29.1734453, 40.976102], [29.1716205, 40.9782221], [29.1623212, 40.9807697], [29.157476, 40.9791139], [29.1538801, 40.9741862], [29.1496003, 40.9724462], [29.1374444, 40.9741048], [29.1262307, 40.9727992], [29.1157999, 40.9606628], [29.1011504, 40.9562626], [29.0948141, 40.952004]]]}, "properties": {"id": "tr-34-maltepe", "name": "Maltepe", "province": "istanbul", "province_plate": "34", "osm_relation_id": 1276407, "bbox": [40.906671, 29.0948141, 40.9812459, 29.2162998], "center": [40.94660788558356, 29.160191468358235]}}, {"type": "Feature", "geometry": {"type": "Polygon", "coordinates": [[[29.0148423, 40.9925657], [29.020198, 40.9852743], [29.0198493, 40.9811495], [29.0222146, 40.9782847], [29.0294809, 40.9796896], [29.0336679, 40.9822215], [29.0380801, 40.9787691], [29.0360862, 40.9769565], [29.0387687, 40.9777421], [29.0394047, 40.9762895], [29.0379648, 40.9759205], [29.0396387, 40.9753867], [29.036229, 40.9742246], [29.0355714, 40.9770651], [29.0347199, 40.9764304], [29.038324, 40.9709452], [29.0366283, 40.9695724], [29.033996, 40.9710165], [29.0337657, 40.9738713], [29.0337629, 40.9710735], [29.0315445, 40.9684186], [29.0314271, 40.9677056], [29.0322368, 40.9667588], [29.034466, 40.9664457], [29.0375274, 40.9688528], [29.0418457, 40.9656429], [29.0454261, 40.9695669], [29.0487679, 40.969206], [29.0531763, 40.9676067], [29.0565208, 40.9637108], [29.0583477, 40.9640059], [29.057713, 40.9631233], [29.068267, 40.9626946], [29.0723719, 40.9576264], [29.076706, 40.9568537], [29.0815646, 40.953331], [29.0875117, 40.9545127], [29.0888455, 40.9515854], [29.0896136, 40.9517899], [29.0917288, 40.9503736], [29.0944763, 40.9499656], [29.0905122, 40.9513392], [29.0941831, 40.9514506], [29.1011504, 40.9562626], [29.1112349, 40.9590646], [29.1046601, 40.9656787], [29.0926035, 40.9835982], [29.0843092, 40.9883971], [29.0472018, 41.0016009], [29.0471574, 41.0101508], [29.035714, 41.0117161], [29.0275472, 41.0043099], [29.0281249, 41.0028268], [29.0218033, 40.9985299], [29.0176451, 41.0012922], [29.0157894, 41.0002533], [29.0190723, 40.9970434], [29.017624, 40.9962372], [29.0184425, 40.9955813], [29.0236782, 40.9949202], [29.0230084, 40.99212], [29.0185131, 40.9910594], [29.0148423, 40.9925657]]]}, "properties": {"id": "tr-34-kadikoy", "name": "Kadıköy", "province": "istanbul", "province_plate": "34", "osm_relation_id": 1276548, "bbox": [40.9499656, 29.0148423, 41.0117161, 29.1112349], "center": [40.9799958758166, 29.061506751591438]}}, {"type": "Feature", "geometry": {"type": "Polygon", "coordinates": [[[29.072293, 41.0029064], [29.0740329, 40.9967136], [29.073352, 40.992524], [29.0926035, 40.9835982], [29.1046601, 40.9656787], [29.1112349, 40.9590646], [29.1165948, 40.9613755], [29.1262307, 40.9727992], [29.1374444, 40.9741048], [29.1496003, 40.9724462], [29.1538801, 40.9741862], [29.157476, 40.9791139], [29.1623212, 40.9807697], [29.1716205, 40.9782221], [29.1734453, 40.976102], [29.1778557, 40.9771897], [29.17959, 40.9745058], [29.2035055, 40.9831703], [29.1903888, 40.9897624], [29.1773346, 40.9908445], [29.1646425, 40.9942589], [29.13624, 40.996993], [29.1141017, 40.9963609], [29.0975132, 41.0070267], [29.0904171, 41.0093909], [29.0726392, 41.0056665], [29.072293, 41.0029064]]]}, "properties": {"id": "tr-34-atasehir", "name": "Ataşehir", "province": "istanbul", "province_plate": "34", "osm_relation_id": 1276672, "bbox": [40.9590646, 29.072293, 41.0093909, 29.2035055], "center": [40.98628309905792, 29.12737612302881]}}, {"type": "Feature", "geometry": {"type": "Polygon", "coordinates": [[[29.0063631, 41.0221357], [29.0111505, 41.0129903], [29.0094428, 41.0138767], [29.0110146, 41.0123251], [29.008896, 41.0109117], [29.009829, 41.0092283], [29.0068601, 41.0109525], [29.0103569, 41.0072237], [29.0066612, 41.0073035], [29.0083587, 41.0048587], [29.01244, 41.0044517], [29.0133872, 41.0025344], [29.0103433, 41.0026696], [29.0115514, 41.0008972], [29.0176451, 41.0012922], [29.0218033, 40.9985299], [29.0281249, 41.0028268], [29.0279177, 41.0047044], [29.0372254, 41.012286], [29.0418212, 41.0100199], [29.0471574, 41.0101508], [29.0472018, 41.0016009], [29.073352, 40.992524], [29.0726392, 41.0056665], [29.0894421, 41.0094753], [29.0832266, 41.0211155], [29.0830935, 41.0241339], [29.0845963, 41.0247094], [29.0803543, 41.02943], [29.0869393, 41.0317482], [29.0916708, 41.0402719], [29.0896554, 41.0436625], [29.0887098, 41.052452], [29.0868473, 41.0549962], [29.0830935, 41.0562519], [29.0854227, 41.0616317], [29.0834486, 41.0642688], [29.077698, 41.0661455], [29.0708497, 41.0742678], [29.0642506, 41.0778919], [29.063693, 41.0763721], [29.055917, 41.0743206], [29.0569597, 41.0664207], [29.0524193, 41.0615024], [29.0521167, 41.0482385], [29.0315999, 41.0384123], [29.013168, 41.0261531], [29.0095189, 41.0259551], [29.0063631, 41.0221357]]]}, "properties": {"id": "tr-34-uskudar", "name": "Üsküdar", "province": "istanbul", "province_plate": "34", "osm_relation_id": 1276889, "bbox": [40.992524, 29.0063631, 41.0778919, 29.0916708], "center": [41.03034832230185, 29.055347574243928]}}, {"type": "Feature", "geometry": {"type": "Polygon", "coordinates": [[[29.0803543, 41.02943], [29.0845963, 41.0247094], [29.0830935, 41.0241339], [29.0832266, 41.0211155], [29.0894421, 41.0094753], [29.0975132, 41.0070267], [29.1130144, 40.9967249], [29.1206268, 40.9956919], [29.1373802, 40.9969011], [29.1933435, 40.9895923], [29.1927911, 40.9924674], [29.1912982, 40.992665], [29.1930684, 40.9961907], [29.1894103, 41.0059354], [29.1856762, 41.0090429], [29.1946641, 41.011395], [29.1939648, 41.0133184], [29.183448, 41.0151473], [29.1797745, 41.0213176], [29.1709218, 41.0302291], [29.162128, 41.034642], [29.147802, 41.0368948], [29.1398732, 41.0349368], [29.1382718, 41.0449547], [29.1343192, 41.0487526], [29.1338215, 41.0531464], [29.1253001, 41.0499098], [29.119824, 41.0521752], [29.1135602, 41.0589836], [29.1081923, 41.061108], [29.0964418, 41.0611991], [29.0956627, 41.063783], [29.0979706, 41.0642397], [29.0925996, 41.0654058], [29.0836032, 41.0637433], [29.0854978, 41.0602807], [29.0830935, 41.0562519], [29.0868473, 41.0549962], [29.0887098, 41.052452], [29.0896554, 41.0436625], [29.0916883, 41.0404203], [29.0869393, 41.0317482], [29.0803543, 41.02943]]]}, "properties": {"id": "tr-34-umraniye", "name": "Ümraniye", "province": "istanbul", "province_plate": "34", "osm_relation_id": 1276890, "bbox": [40.9895923, 29.0803543, 41.0654058, 29.1946641], "center": [41.022255139129086, 29.13197298870837]}}, {"type": "Feature", "geometry": {"type": "Polygon", "coordinates": [[[29.0642474, 41.0779355], [29.0717139, 41.0735978], [29.0795648, 41.0650292], [29.0836032, 41.0637433], [29.0925996, 41.0654058], [29.0979706, 41.0642397], [29.0956627, 41.063783], [29.0964418, 41.0611991], [29.1081923, 41.061108], [29.1135602, 41.0589836], [29.119824, 41.0521752], [29.1253001, 41.0499098], [29.1338215, 41.0531464], [29.1343192, 41.0487526], [29.1375984, 41.0462133], [29.1390596, 41.042288], [29.1417231, 41.0437973], [29.1426527, 41.0477187], [29.1478714, 41.0477496], [29.1484057, 41.0496991], [29.1588786, 41.0512216], [29.1672933, 41.0540253], [29.1683922, 41.0562585], [29.1705243, 41.054707], [29.1713883, 41.0558495], [29.1713601, 41.0542523], [29.1831633, 41.0557867], [29.1933421, 41.055457], [29.1986481, 41.0536899], [29.2021606, 41.0549039], [29.2018842, 41.0561792], [29.2082263, 41.0566575], [29.2104217, 41.0590486], [29.2054092, 41.0649312], [29.2056434, 41.0672542], [29.2026486, 41.072448], [29.2065077, 41.0859516], [29.2088332, 41.0883539], [29.2083453, 41.0906949], [29.2128214, 41.090991], [29.2224033, 41.0967698], [29.2219568, 41.1043715], [29.229845, 41.1069135], [29.2322099, 41.1099662], [29.2338801, 41.1102154], [29.2342936, 41.105007], [29.2380641, 41.1023029], [29.2424464, 41.1042842], [29.2440009, 41.1024898], [29.2472753, 41.1034867], [29.2501197, 41.1078729], [29.2489621, 41.1110129], [29.2536944, 41.1129088], [29.2516742, 41.114506], [29.252849, 41.116029], [29.2567439, 41.1159253], [29.2597285, 41.1187639], [29.2627555, 41.1162124], [29.2756996, 41.1217618], [29.2809386, 41.1206217], [29.2820658, 41.1256923], [29.2850954, 41.128393], [29.284037, 41.1317013], [29.2852012, 41.1325384], [29.2919881, 41.1294592], [29.298603, 41.128662], [29.3029689, 41.1259714], [29.312071, 41.1256724], [29.3141084, 41.1279246], [29.3197178, 41.129818], [29.3278277, 41.1258717], [29.3464159, 41.1296081], [29.3508012, 41.12889], [29.3499016, 41.1265662], [29.3526347, 41.1249979], [29.3591084, 41.1253552], [29.3647893, 41.1324697], [29.365085, 41.1377834], [29.3636697, 41.1413468], [29.3537418, 41.1427944], [29.3568258, 41.1497455], [29.3507846, 41.1534673], [29.3454193, 41.1517337], [29.3462853, 41.1541671], [29.3435604, 41.155853], [29.3434548, 41.1585248], [29.3407933, 41.1613715], [29.3388077, 41.1593677], [29.3292811, 41.1578409], [29.3289009, 41.1630412], [29.326007, 41.1642021], [29.3271265, 41.1667305], [29.3260493, 41.1694178], [29.3240214, 41.1681457], [29.3227118, 41.1764138], [29.3242115, 41.1800069], [29.3210642, 41.183425], [29.3233032, 41.1894816], [29.321888, 41.19034], [29.3233455, 41.1954105], [29.3324496, 41.2036116], [29.3328298, 41.2058842], [29.3297247, 41.2112078], [29.3322806, 41.21437], [29.3324799, 41.2166263], [29.3311002, 41.2153119], [29.3273129, 41.217047], [29.3191789, 41.2167495], [29.3099143, 41.2209436], [29.2902303, 41.2223238], [29.2772883, 41.2280017], [29.2718581, 41.2278022], [29.2707237, 41.2296151], [29.2676521, 41.2280226], [29.2654311, 41.2312144], [29.257508, 41.2306136], [29.2563501, 41.2353335], [29.2457184, 41.2319015], [29.2413709, 41.2278775], [29.2378392, 41.2293418], [29.2357427, 41.2285303], [29.2341072, 41.2301233], [29.2289027, 41.2281535], [29.2239472, 41.230581], [29.2194959, 41.2289465], [29.2186259, 41.231344], [29.2150599, 41.2313093], [29.2138824, 41.2299832], [29.2168493, 41.2260131], [29.2141563, 41.2234775], [29.2029555, 41.2215099], [29.2000788, 41.2240472], [29.2005716, 41.2217353], [29.1975679, 41.220317], [29.1769865, 41.2225641], [29.175782, 41.221546], [29.1723463, 41.2244282], [29.1654468, 41.224459], [29.162021, 41.2174759], [29.1540356, 41.2196045], [29.1507315, 41.2180763], [29.1522083, 41.214742], [29.149902, 41.2130388], [29.1466078, 41.2118446], [29.1416323, 41.2129846], [29.1350582, 41.2089591], [29.1300433, 41.2084203], [29.1253889, 41.2048244], [29.1277152, 41.2045418], [29.126993, 41.2055165], [29.1297348, 41.207401], [29.131594, 41.205758], [29.131043, 41.2031409], [29.1180584, 41.2002838], [29.1201455, 41.1967124], [29.1186179, 41.1877689], [29.1126681, 41.1846153], [29.1125844, 41.1829603], [29.1087632, 41.1839652], [29.1066779, 41.180741], [29.1017526, 41.1816548], [29.0871223, 41.1786616], [29.0883944, 41.1731014], [29.0866851, 41.1700517], [29.0813717, 41.1673459], [29.0757768, 41.1667079], [29.0734935, 41.1645956], [29.0724157, 41.1611886], [29.0768757, 41.1573876], [29.0779089, 41.1544962], [29.0711649, 41.1431569], [29.078978, 41.139605], [29.0834657, 41.1404397], [29.0781771, 41.1389197], [29.0803528, 41.1368472], [29.0854602, 41.1369102], [29.0915494, 41.1342807], [29.0929073, 41.1301426], [29.0973008, 41.1261726], [29.0977997, 41.1229641], [29.0961273, 41.1177349], [29.087773, 41.115046], [29.0816962, 41.1072331], [29.073226, 41.1070179], [29.066174, 41.1027446], [29.0643731, 41.0977684], [29.0674665, 41.0944014], [29.0655869, 41.0930172], [29.0669161, 41.0851068], [29.0642474, 41.0779355]]]}, "properties": {"id": "tr-34-beykoz", "name": "Beykoz", "province": "istanbul", "province_plate": "34", "osm_relation_id": 1276910, "bbox": [41.042288, 29.0642474, 41.2353335, 29.365085], "center": [41.146539038961485, 29.198004473982397]}}, {"type": "Feature", "geometry": {"type": "Polygon", "coordinates": [[[28.9390119, 41.0493344], [28.9415351, 41.045489], [28.9490976, 41.0413772], [28.9507788, 41.0374956], [28.9536137, 41.0357614], [28.9524144, 41.0348895], [28.960882, 41.0338777], [28.9656802, 41.0311348], [28.9672885, 41.0289049], [28.9660719, 41.0279948], [28.9671736, 41.024888], [28.9711077, 41.0219526], [28.976992, 41.0211279], [28.9885635, 41.0281199], [28.9921124, 41.0326102], [28.9943811, 41.0326149], [28.993798, 41.0349976], [28.9957843, 41.0367733], [28.9897549, 41.040241], [28.9820165, 41.0409452], [28.9759079, 41.0456743], [28.9680675, 41.0455653], [28.9680092, 41.047699], [28.9627058, 41.0509209], [28.9619994, 41.0532024], [28.9555373, 41.0536726], [28.954913, 41.0587776], [28.9484396, 41.064434], [28.9477059, 41.0555208], [28.9402724, 41.0525362], [28.9390119, 41.0493344]]]}, "properties": {"id": "tr-34-beyoglu", "name": "Beyoğlu", "province": "istanbul", "province_plate": "34", "osm_relation_id": 1765892, "bbox": [41.0211279, 28.9390119, 41.064434, 28.9957843], "center": [41.0399328622651, 28.966485807888752]}}, {"type": "Feature", "geometry": {"type": "Polygon", "coordinates": [[[28.9919114, 41.0393428], [28.9957843, 41.0367733], [29.0327995, 41.0497522], [29.036586, 41.059498], [29.0407865, 41.0628895], [29.0422707, 41.0667627], [29.046376, 41.0678914], [29.0444714, 41.0778666], [29.0546675, 41.080969], [29.0551191, 41.0839033], [29.0418699, 41.084786], [29.0420286, 41.0908168], [29.0233028, 41.0941902], [29.028317, 41.0953461], [29.0330532, 41.0991837], [29.0231261, 41.0990947], [29.018467, 41.1014915], [29.0144458, 41.1066686], [29.0134575, 41.1060718], [29.0051969, 41.0927339], [29.0067881, 41.0871857], [29.0138843, 41.0772336], [29.0158942, 41.0718339], [29.0116901, 41.0627445], [29.0073766, 41.0664389], [29.0031966, 41.066595], [29.0010525, 41.0577396], [28.9987099, 41.0555261], [29.0014493, 41.0522366], [29.00027, 41.0520433], [29.0008202, 41.0491714], [28.9982304, 41.0497948], [28.9951301, 41.0454643], [28.9955509, 41.0430721], [28.9932298, 41.0422569], [28.9919114, 41.0393428]]]}, "properties": {"id": "tr-34-besiktas", "name": "Beşiktaş", "province": "istanbul", "province_plate": "34", "osm_relation_id": 1765893, "bbox": [41.0367733, 28.9919114, 41.1066686, 29.0551191], "center": [41.07052064914881, 29.02189196337703]}}, {"type": "Feature", "geometry": {"type": "Polygon", "coordinates": [[[28.9480788, 41.0647209], [28.954913, 41.0587776], [28.9555373, 41.0536726], [28.9607026, 41.0529715], [28.9693824, 41.0638625], [28.974618, 41.067229], [28.9784413, 41.0674293], [28.979879, 41.0708345], [28.9827069, 41.0691136], [28.9887674, 41.0724504], [28.9892722, 41.078131], [29.0008751, 41.0747014], [29.0070712, 41.0758795], [29.0076693, 41.0793599], [29.0052259, 41.0834433], [29.0070558, 41.0846336], [29.0039841, 41.0989203], [28.9991641, 41.1010905], [28.9971708, 41.0995903], [28.985531, 41.0988636], [28.9839934, 41.1039776], [28.9696276, 41.1020971], [28.9605019, 41.1049612], [28.9601541, 41.1067132], [28.9538742, 41.1048578], [28.9540976, 41.1006095], [28.9588651, 41.0987825], [28.967278, 41.0919178], [28.9680676, 41.0861086], [28.963995, 41.085469], [28.9636248, 41.0803378], [28.9568664, 41.0739921], [28.9554013, 41.0681293], [28.9480788, 41.0647209]]]}, "properties": {"id": "tr-34-kagithane", "name": "Kâğıthane", "province": "istanbul", "province_plate": "34", "osm_relation_id": 1765894, "bbox": [41.0529715, 28.9480788, 41.1067132, 29.0076693], "center": [41.083040430055014, 28.978225595730443]}}, {"type": "Feature", "geometry": {"type": "Polygon", "coordinates": [[[28.9325702, 41.2319768], [28.9351648, 41.2295893], [28.9349121, 41.2249634], [28.9370184, 41.2253436], [28.9371027, 41.2223018], [28.9382823, 41.2234425], [28.9417368, 41.2214779], [28.9532614, 41.2208004], [28.9538488, 41.2192808], [28.9534025, 41.2146467], [28.9477696, 41.2034057], [28.9501994, 41.1952831], [28.9540577, 41.1936445], [28.9520143, 41.1604662], [28.9578527, 41.1604223], [28.9570353, 41.1580046], [28.9593123, 41.1566859], [28.9713979, 41.1574772], [28.9755943, 41.1520643], [28.9763209, 41.147212], [28.9693573, 41.1403542], [28.9678795, 41.136709], [28.964113, 41.1345002], [28.965894, 41.1328841], [28.9650592, 41.1315027], [28.9598928, 41.1274049], [28.962053, 41.118919], [28.9602935, 41.1183532], [28.9587593, 41.1134711], [28.9621157, 41.1110466], [28.9599191, 41.1053805], [28.9696276, 41.1020971], [28.9839934, 41.1039776], [28.985531, 41.0988636], [28.9869118, 41.0986691], [29.0011596, 41.1008696], [29.0041653, 41.0985893], [29.0045648, 41.0933824], [29.0144458, 41.1066686], [29.018467, 41.1014915], [29.0231261, 41.0990947], [29.0330532, 41.0991837], [29.028317, 41.0953461], [29.0233028, 41.0941902], [29.0420286, 41.0908168], [29.0418699, 41.084786], [29.0545611, 41.0841081], [29.0546498, 41.081221], [29.0558382, 41.0816432], [29.057102, 41.090318], [29.0540054, 41.0948485], [29.053534, 41.0989294], [29.0593579, 41.1093226], [29.0576907, 41.1134941], [29.0543508, 41.1137722], [29.0571567, 41.1149429], [29.0617587, 41.1131254], [29.0644658, 41.1166723], [29.070327, 41.1202092], [29.0716977, 41.1245372], [29.0701664, 41.1273616], [29.0639734, 41.1306145], [29.0610878, 41.1357071], [29.0542289, 41.1385837], [29.0579745, 41.1396613], [29.0524003, 41.1469566], [29.0445203, 41.149686], [29.04142, 41.1529212], [29.03682, 41.1546532], [29.0382222, 41.1557243], [29.0361651, 41.1557183], [29.0363909, 41.1567372], [29.0463832, 41.1607592], [29.051774, 41.1647553], [29.0570347, 41.1657578], [29.0604421, 41.1706402], [29.0727073, 41.1750224], [29.0738494, 41.1808707], [29.0741686, 41.1796944], [29.0772246, 41.1855276], [29.0815523, 41.1875721], [29.091431, 41.2003617], [29.0978292, 41.2028664], [29.1001675, 41.2060705], [29.106311, 41.2051582], [29.105204, 41.2075009], [29.1110275, 41.2128468], [29.1094649, 41.2136178], [29.1115042, 41.2141658], [29.1068167, 41.2169544], [29.106375, 41.2211217], [29.1097166, 41.22291], [29.1080843, 41.2242561], [29.1139531, 41.2296367], [29.1121015, 41.2313667], [29.1133322, 41.234073], [29.115308, 41.2334396], [29.1138802, 41.231842], [29.1147566, 41.2287553], [29.1162318, 41.2339606], [29.1091726, 41.2353701], [29.1121806, 41.2377734], [29.1059563, 41.2370901], [29.1070209, 41.2396657], [29.1050744, 41.2387415], [29.1052472, 41.2404206], [29.1009736, 41.2420525], [29.0977209, 41.2401907], [29.0984612, 41.24226], [29.095383, 41.2449176], [29.0913378, 41.2437694], [29.0910266, 41.2474081], [29.0846954, 41.2455969], [29.083077, 41.2494248], [29.0844798, 41.249929], [29.0796924, 41.248828], [29.0802042, 41.251711], [29.0781525, 41.2539358], [29.0753716, 41.2496861], [29.0720417, 41.2479125], [29.0710433, 41.2499153], [29.0721832, 41.2516658], [29.0674511, 41.2522522], [29.0674454, 41.2535514], [29.0645631, 41.2506727], [29.0621476, 41.2516655], [29.0604311, 41.2552264], [29.0544176, 41.2548069], [29.0495152, 41.2570239], [29.0430786, 41.2536041], [29.0419024, 41.2564917], [29.0381353, 41.2565652], [29.0385659, 41.2519328], [29.033665, 41.2494724], [29.0339655, 41.2467253], [29.0222044, 41.2449819], [28.9986974, 41.2476845], [28.982376, 41.252333], [28.9688015, 41.2539197], [28.9543176, 41.2621786], [28.9492882, 41.2617809], [28.9467078, 41.2570846], [28.9432534, 41.2563245], [28.9325702, 41.2319768]]]}, "properties": {"id": "tr-34-sariyer", "name": "Sarıyer", "province": "istanbul", "province_plate": "34", "osm_relation_id": 1765895, "bbox": [41.081221, 28.9325702, 41.2621786, 29.1162318], "center": [41.18463757890056, 29.01727101191148]}}, {"type": "Feature", "geometry": {"type": "Polygon", "coordinates": [[[28.9617094, 41.0533744], [28.9627058, 41.0509209], [28.9680092, 41.047699], [28.9680675, 41.0455653], [28.9759079, 41.0456743], [28.9820165, 41.0409452], [28.9830816, 41.0417906], [28.9910747, 41.0392677], [28.9928759, 41.0391941], [28.993113, 41.042086], [28.9955509, 41.0430721], [28.9951301, 41.0454643], [28.9982304, 41.0497948], [29.0008202, 41.0491714], [29.00027, 41.0520433], [29.0014493, 41.0522366], [28.9987099, 41.0555261], [29.0010525, 41.0577396], [29.0031966, 41.066595], [29.0073766, 41.0664389], [29.0116901, 41.0627445], [29.0159976, 41.072246], [29.0067881, 41.0871857], [29.0052191, 41.0937086], [29.0070558, 41.0846336], [29.005242, 41.0831966], [29.0075433, 41.0798485], [29.0071196, 41.075922], [29.0008751, 41.0747014], [28.9892722, 41.078131], [28.9887674, 41.0724504], [28.9827069, 41.0691136], [28.979879, 41.0708345], [28.9784413, 41.0674293], [28.974618, 41.067229], [28.9693824, 41.0638625], [28.9617094, 41.0533744]]]}, "properties": {"id": "tr-34-sisli", "name": "Şişli", "province": "istanbul", "province_plate": "34", "osm_relation_id": 1765896, "bbox": [41.0391941, 28.9617094, 41.0937086, 29.0159976], "center": [41.05992328491567, 28.988615667485814]}}, {"type": "Feature", "geometry": {"type": "Polygon", "coordinates": [[[28.4892653, 41.3943481], [28.4913939, 41.390082], [28.4955893, 41.3876916], [28.5196667, 41.3831754], [28.5342134, 41.3711307], [28.5653133, 41.3660487], [28.5730883, 41.3536243], [28.5572727, 41.3093727], [28.5567164, 41.2950744], [28.551869, 41.2869604], [28.5521922, 41.2788656], [28.5432851, 41.2765083], [28.5447671, 41.2718726], [28.5435787, 41.2708851], [28.5455274, 41.2651787], [28.549246, 41.2604594], [28.5622948, 41.2617812], [28.5746133, 41.2584979], [28.5744718, 41.2490705], [28.576864, 41.2472828], [28.5750317, 41.2437478], [28.5772351, 41.2371544], [28.5740212, 41.2345663], [28.5792248, 41.2293888], [28.581002, 41.2302403], [28.582992, 41.2225454], [28.5824886, 41.2140835], [28.5857195, 41.210156], [28.5857312, 41.2050745], [28.5950843, 41.1900742], [28.595096, 41.1850264], [28.5940308, 41.172154], [28.591315, 41.1656596], [28.5858248, 41.1634917], [28.5798782, 41.1518139], [28.5677859, 41.1402], [28.5743178, 41.1278347], [28.5637824, 41.1194928], [28.5624499, 41.1155572], [28.5662555, 41.1147159], [28.5801933, 41.1276729], [28.586536, 41.1269775], [28.5869944, 41.1283425], [28.5898054, 41.1261201], [28.5916722, 41.1296274], [28.5939542, 41.1273443], [28.5946387, 41.1225116], [28.5974389, 41.1202324], [28.6007488, 41.1207456], [28.603404, 41.1189771], [28.6024761, 41.1152413], [28.6038011, 41.1126426], [28.6077601, 41.1112118], [28.6084896, 41.1158829], [28.6127436, 41.1193918], [28.6340208, 41.088634], [28.635948, 41.094939], [28.6392409, 41.0960262], [28.6385392, 41.0981109], [28.6430789, 41.1035755], [28.6456678, 41.1014765], [28.6589939, 41.0993008], [28.6682482, 41.106832], [28.6780636, 41.1102436], [28.6737539, 41.1118255], [28.6738748, 41.1134699], [28.6817965, 41.1222822], [28.6893294, 41.1253774], [28.7167452, 41.1117477], [28.7217194, 41.1118349], [28.7271563, 41.1143623], [28.7335186, 41.1253426], [28.7358488, 41.1363656], [28.7380329, 41.1361179], [28.7379384, 41.1341245], [28.7406367, 41.1326619], [28.7470043, 41.1340558], [28.75018, 41.1316962], [28.7557268, 41.1314619], [28.7636661, 41.1368678], [28.7718678, 41.1398785], [28.7814599, 41.1493693], [28.7898287, 41.148761], [28.8083221, 41.1369698], [28.8151854, 41.1363266], [28.8151483, 41.1411764], [28.81725, 41.1429454], [28.8163474, 41.1529024], [28.8147315, 41.1543169], [28.8162581, 41.1597111], [28.8137721, 41.1638961], [28.8137165, 41.1745391], [28.8198151, 41.1753677], [28.8214361, 41.1825197], [28.8178816, 41.1867962], [28.8191492, 41.1966376], [28.8160451, 41.2010509], [28.8192382, 41.2029988], [28.8207871, 41.207241], [28.8179675, 41.2107369], [28.8151941, 41.2113276], [28.8088621, 41.2200181], [28.7965333, 41.2231037], [28.7974552, 41.229087], [28.7941909, 41.2336038], [28.788779, 41.2369346], [28.7867959, 41.2431968], [28.7876244, 41.2475805], [28.7790801, 41.2577939], [28.7748204, 41.2583853], [28.770023, 41.2693818], [28.7763011, 41.2701831], [28.7774856, 41.2761034], [28.7812762, 41.2796197], [28.7858367, 41.3022265], [28.7900215, 41.3081262], [28.7903287, 41.311529], [28.788844, 41.3141924], [28.7896407, 41.3083457], [28.7877899, 41.3068024], [28.784582, 41.3072013], [28.7807786, 41.308648], [28.7804233, 41.3114585], [28.7818569, 41.3132415], [28.7851614, 41.3126975], [28.7754035, 41.3165776], [28.7680462, 41.3231568], [28.760182, 41.3242687], [28.7519771, 41.3279688], [28.742128, 41.3259788], [28.7353045, 41.3273485], [28.7306459, 41.3258496], [28.7260052, 41.3267543], [28.6862673, 41.3414002], [28.6838432, 41.344666], [28.6862417, 41.3449482], [28.6869349, 41.3431238], [28.6878857, 41.3451427], [28.683106, 41.3484116], [28.6793134, 41.3476082], [28.6800241, 41.3464081], [28.6771318, 41.3431993], [28.6726373, 41.3429083], [28.6578557, 41.3478498], [28.6442542, 41.349213], [28.6307621, 41.3527927], [28.5787815, 41.3736768], [28.5632622, 41.3828061], [28.53847, 41.3898834], [28.4919557, 41.408084], [28.4901435, 41.4055197], [28.4892653, 41.3943481]]]}, "properties": {"id": "tr-34-arnavutkoy", "name": "Arnavutköy", "province": "istanbul", "province_plate": "34", "osm_relation_id": 1766093, "bbox": [41.088634, 28.4892653, 41.408084, 28.8214361], "center": [41.23534675157335, 28.67369091677016]}}, {"type": "Feature", "geometry": {"type": "Polygon", "coordinates": [[[28.6822602, 41.0549898], [28.6897495, 41.0474064], [28.690617, 41.0430708], [28.6970449, 41.0414101], [28.6906028, 41.0363283], [28.6910747, 41.0317452], [28.6963456, 41.0314249], [28.6972203, 41.0292482], [28.7018636, 41.0287628], [28.7002285, 41.0155129], [28.6967452, 41.0124465], [28.7018986, 41.0094053], [28.6992035, 41.0057341], [28.6988191, 41.0002717], [28.6921102, 40.9998282], [28.6877277, 41.0022889], [28.6843106, 41.0011432], [28.6878508, 40.9899972], [28.6947119, 40.9858267], [28.7000602, 40.9792122], [28.6988888, 40.9742182], [28.7121725, 40.9726918], [28.7146294, 40.9704398], [28.7179598, 40.9692289], [28.7146849, 40.971504], [28.7250377, 40.968936], [28.7246432, 40.9705769], [28.7274591, 40.9715148], [28.7347352, 40.9714929], [28.7380251, 40.9698537], [28.7416499, 40.9705038], [28.7444539, 40.9747205], [28.7492384, 40.9765568], [28.7523402, 40.9797615], [28.7567678, 40.9799843], [28.7397863, 41.044572], [28.7405723, 41.052506], [28.7421656, 41.0568563], [28.7452733, 41.0591214], [28.7448048, 41.0618194], [28.742852, 41.0636251], [28.7359321, 41.0621875], [28.7319571, 41.0641208], [28.7328798, 41.065132], [28.7291354, 41.0667619], [28.7261152, 41.0715261], [28.7058055, 41.0879637], [28.706193, 41.0903167], [28.6977928, 41.1011469], [28.6893034, 41.1060842], [28.6924803, 41.1004235], [28.6909783, 41.0922816], [28.6938643, 41.0821736], [28.7000597, 41.0717772], [28.6993195, 41.0645083], [28.7010686, 41.0599517], [28.6822602, 41.0549898]]]}, "properties": {"id": "tr-34-avcilar", "name": "Avcılar", "province": "istanbul", "province_plate": "34", "osm_relation_id": 1766094, "bbox": [40.968936, 28.6822602, 41.1060842, 28.7567678], "center": [41.02429230016436, 28.718988321230544]}}, {"type": "Feature", "geometry": {"type": "Polygon", "coordinates": [[[28.8059569, 41.0161334], [28.8082437, 41.0150551], [28.8117338, 41.0005848], [28.8195788, 40.9933541], [28.8512528, 40.9918542], [28.8857606, 41.0016974], [28.8815524, 41.0062641], [28.8809852, 41.0165466], [28.8794126, 41.0163942], [28.8746724, 41.0081175], [28.8705938, 41.0062744], [28.858435, 41.0202588], [28.8584705, 41.0191368], [28.8545948, 41.0211241], [28.8484567, 41.0214301], [28.8475377, 41.0242509], [28.8443264, 41.0214024], [28.8393177, 41.0220604], [28.8379871, 41.0236683], [28.8228604, 41.0197781], [28.8083935, 41.027953], [28.8059569, 41.0161334]]]}, "properties": {"id": "tr-34-bahcelievler", "name": "Bahçelievler", "province": "istanbul", "province_plate": "34", "osm_relation_id": 1766095, "bbox": [40.9918542, 28.8059569, 41.027953, 28.8857606], "center": [41.0075567215931, 28.841018811468288]}}, {"type": "Feature", "geometry": {"type": "Polygon", "coordinates": [[[28.773436, 40.9865223], [28.7757386, 40.9824936], [28.7749882, 40.9768682], [28.7939053, 40.9680015], [28.7986201, 40.9637742], [28.8052054, 40.9612862], [28.81052, 40.9560926], [28.8117968, 40.9570568], [28.8141893, 40.9553715], [28.8235782, 40.9545213], [28.825327, 40.9552424], [28.8221513, 40.9552424], [28.8226555, 40.9569845], [28.8245588, 40.9559661], [28.8255309, 40.9571789], [28.8300143, 40.9546665], [28.8356915, 40.9561542], [28.8356806, 40.9576083], [28.8388671, 40.9570331], [28.8462502, 40.9668623], [28.845071, 40.9678004], [28.8465636, 40.970359], [28.8489141, 40.9714694], [28.851407, 40.969551], [28.8491003, 40.9719671], [28.8516511, 40.9700027], [28.8519273, 40.9700999], [28.8493893, 40.9720121], [28.8515572, 40.9742676], [28.8657074, 40.9736455], [28.8658679, 40.968232], [28.8663055, 40.9675607], [28.8670238, 40.9672726], [28.8752883, 40.9673694], [28.8670857, 40.9674479], [28.8662014, 40.969507], [28.8753294, 40.9688394], [28.8796786, 40.972385], [28.8743754, 40.9691816], [28.8730365, 40.9701712], [28.8762532, 40.9725688], [28.8784905, 40.9723512], [28.8768248, 40.9742093], [28.8893064, 40.9797162], [28.8906689, 40.9799187], [28.8909251, 40.9778954], [28.8910323, 40.980025], [28.8899236, 40.9824451], [28.8942051, 40.9955698], [28.8918508, 40.9998184], [28.8959518, 41.0066949], [28.8893626, 41.0027814], [28.8497333, 40.9917085], [28.8195788, 40.9933541], [28.8152088, 40.9950399], [28.8103968, 40.9995644], [28.8031143, 41.0005109], [28.7969098, 40.9974745], [28.7984168, 40.9890176], [28.7945518, 40.9881167], [28.7923865, 40.9891783], [28.7885011, 40.9866443], [28.7785325, 40.9842507], [28.773436, 40.9865223]]]}, "properties": {"id": "tr-34-bakirkoy", "name": "Bakırköy", "province": "istanbul", "province_plate": "34", "osm_relation_id": 1766096, "bbox": [40.9545213, 28.773436, 41.0066949, 28.8959518], "center": [40.97991002790274, 28.83417090371697]}}, {"type": "Feature", "geometry": {"type": "Polygon", "coordinates": [[[28.8784523, 41.071029], [28.8855626, 41.0601354], [28.8847305, 41.0443546], [28.8880114, 41.038555], [28.8950098, 41.0354158], [28.8991171, 41.0276765], [28.911998, 41.0325469], [28.9217699, 41.0243395], [28.9240058, 41.0286909], [28.9166249, 41.0393657], [28.9157893, 41.0429654], [28.9184437, 41.0424641], [28.9120442, 41.0495809], [28.909442, 41.0554936], [28.8944145, 41.0693669], [28.878924, 41.0771924], [28.8784523, 41.071029]]]}, "properties": {"id": "tr-34-bayrampasa", "name": "Bayrampaşa", "province": "istanbul", "province_plate": "34", "osm_relation_id": 1766097, "bbox": [41.0243395, 28.8784523, 41.0771924, 28.9240058], "center": [41.04892045438976, 28.899190196937973]}}, {"type": "Feature", "geometry": {"type": "Polygon", "coordinates": [[[28.8079497, 41.046513], [28.8107671, 41.03698], [28.8109631, 41.0271706], [28.8224765, 41.0198726], [28.8379871, 41.0236683], [28.8393177, 41.0220604], [28.8443264, 41.0214024], [28.8475377, 41.0242509], [28.8484567, 41.0214301], [28.8545948, 41.0211241], [28.8584705, 41.0191368], [28.858435, 41.0202588], [28.8601491, 41.0175556], [28.8630768, 41.0190498], [28.8590939, 41.0287282], [28.8630936, 41.029813], [28.8726936, 41.027948], [28.8712227, 41.0384466], [28.8611078, 41.040265], [28.8593461, 41.0427262], [28.8598474, 41.048597], [28.8568143, 41.054039], [28.854723, 41.0543095], [28.8563007, 41.0669774], [28.8602661, 41.0714138], [28.8576717, 41.0721687], [28.8534861, 41.072057], [28.8472559, 41.0662364], [28.8435579, 41.0650669], [28.8337984, 41.068887], [28.8197836, 41.0707463], [28.8140805, 41.0699758], [28.8079497, 41.046513]]]}, "properties": {"id": "tr-34-bagcilar", "name": "Bağcılar", "province": "istanbul", "province_plate": "34", "osm_relation_id": 1766098, "bbox": [41.0175556, 28.8079497, 41.0721687, 28.8726936], "center": [41.04430659163339, 28.83650527921374]}}, {"type": "Feature", "geometry": {"type": "Polygon", "coordinates": [[[28.6395951, 41.0981109], [28.6444108, 41.0951847], [28.6458793, 41.0916954], [28.6515214, 41.0861906], [28.6554499, 41.075935], [28.6726351, 41.0645715], [28.6859752, 41.0613954], [28.6915591, 41.0578521], [28.7010686, 41.0599517], [28.6993195, 41.0645083], [28.7000597, 41.0717772], [28.6938643, 41.0821736], [28.6909783, 41.0922816], [28.6924803, 41.1004235], [28.6893034, 41.1060842], [28.6977928, 41.1011469], [28.706193, 41.0903167], [28.7058055, 41.0879637], [28.7261152, 41.0715261], [28.7291354, 41.0667619], [28.7328798, 41.065132], [28.7319571, 41.0641208], [28.7359321, 41.0621875], [28.742852, 41.0636251], [28.7446352, 41.0620872], [28.7533102, 41.0609756], [28.7910315, 41.0641013], [28.8116321, 41.0612891], [28.8137786, 41.065182], [28.8140805, 41.0699758], [28.8197836, 41.0707463], [28.8329658, 41.068044], [28.8373345, 41.0723141], [28.8430211, 41.083191], [28.8506046, 41.1021421], [28.8498493, 41.1074275], [28.8450761, 41.1128866], [28.845005, 41.1192999], [28.8277787, 41.1305552], [28.823457, 41.1355526], [28.808953, 41.1367051], [28.7898287, 41.148761], [28.7826991, 41.1494234], [28.7718678, 41.1398785], [28.7636661, 41.1368678], [28.7557268, 41.1314619], [28.75018, 41.1316962], [28.7470043, 41.1340558], [28.7406367, 41.1326619], [28.7379384, 41.1341245], [28.7380329, 41.1361179], [28.7358488, 41.1363656], [28.7335186, 41.1253426], [28.7271563, 41.1143623], [28.7217194, 41.1118349], [28.7167452, 41.1117477], [28.6893294, 41.1253774], [28.6817965, 41.1222822], [28.6738748, 41.1134699], [28.6737539, 41.1118255], [28.6780636, 41.1102436], [28.6682482, 41.106832], [28.6589939, 41.0993008], [28.6456678, 41.1014765], [28.6430789, 41.1035755], [28.6395951, 41.0981109]]]}, "properties": {"id": "tr-34-basaksehir", "name": "Başakşehir", "province": "istanbul", "province_plate": "34", "osm_relation_id": 1766099, "bbox": [41.0578521, 28.6395951, 41.1494234, 28.8506046], "center": [41.098480249180895, 28.75898499179925]}}, {"type": "Feature", "geometry": {"type": "Polygon", "coordinates": [[[28.5948498, 40.9737825], [28.5991382, 40.9688347], [28.5986457, 40.9678572], [28.5974002, 40.9697303], [28.5982252, 40.9677482], [28.5959456, 40.9641644], [28.6002579, 40.9620733], [28.601413, 40.9622289], [28.6019964, 40.9631571], [28.6004286, 40.9623866], [28.5963766, 40.9642065], [28.5971182, 40.9653477], [28.600309, 40.9641053], [28.5972481, 40.9655105], [28.5981499, 40.9666225], [28.6019233, 40.9641514], [28.6064579, 40.9653331], [28.620747, 40.960717], [28.6521354, 40.9628109], [28.6549103, 40.9622536], [28.6562546, 40.9607964], [28.6575415, 40.96057], [28.6541712, 40.9632912], [28.6583614, 40.9636343], [28.664881, 40.9626618], [28.6648271, 40.9612005], [28.6576909, 40.9616977], [28.6665049, 40.9608773], [28.6669044, 40.9579003], [28.6718844, 40.9571644], [28.6726871, 40.9578129], [28.6691674, 40.9595555], [28.6690567, 40.9632161], [28.6706043, 40.9634888], [28.670897, 40.9620502], [28.670832, 40.9637867], [28.67239, 40.9640085], [28.6726392, 40.9613278], [28.6746777, 40.9614121], [28.6743881, 40.9645933], [28.6758802, 40.9648256], [28.6765657, 40.9613176], [28.6761383, 40.965947], [28.6778126, 40.9659101], [28.6784136, 40.9628016], [28.6785826, 40.9679023], [28.6798761, 40.9633137], [28.6799975, 40.9664911], [28.6815021, 40.9665907], [28.6819245, 40.962927], [28.6819192, 40.9667223], [28.6837407, 40.966814], [28.6845885, 40.9623507], [28.6847543, 40.9687607], [28.6868523, 40.9685819], [28.687025, 40.970163], [28.6908519, 40.9720021], [28.6950254, 40.9722775], [28.6952292, 40.9709004], [28.6968175, 40.9732914], [28.6996388, 40.9729984], [28.6986977, 40.9761603], [28.7001162, 40.9788389], [28.6947119, 40.9858267], [28.6878508, 40.9899972], [28.6843921, 40.9989818], [28.6843106, 41.0011432], [28.6877277, 41.0022889], [28.6855159, 41.004106], [28.6807859, 41.0057106], [28.6649598, 41.0066369], [28.6332242, 41.0185797], [28.6317723, 41.0164075], [28.6263988, 41.0166879], [28.6259346, 41.0097734], [28.620179, 41.0041171], [28.6127072, 40.9916686], [28.6048177, 40.9975549], [28.6026424, 40.9963666], [28.6017144, 40.9980185], [28.5971958, 40.9970129], [28.596117, 40.9879472], [28.5989035, 40.981152], [28.5948498, 40.9737825]]]}, "properties": {"id": "tr-34-beylikduzu", "name": "Beylikdüzü", "province": "istanbul", "province_plate": "34", "osm_relation_id": 1766100, "bbox": [40.9571644, 28.5948498, 41.0185797, 28.7001162], "center": [40.98511447090149, 28.645449340926955]}}, {"type": "Feature", "geometry": {"type": "Polygon", "coordinates": [[[28.8337984, 41.068887], [28.8440283, 41.0650953], [28.8537199, 41.0721505], [28.8602661, 41.0714138], [28.8563007, 41.0669774], [28.854723, 41.0543095], [28.8568143, 41.054039], [28.8598474, 41.048597], [28.8593461, 41.0427262], [28.8611078, 41.040265], [28.8725399, 41.0384821], [28.8764859, 41.0318455], [28.8854573, 41.0339974], [28.8904785, 41.0298557], [28.8854227, 41.0226141], [28.887326, 41.0207747], [28.8867534, 41.0174142], [28.8985146, 41.0190267], [28.9006289, 41.020689], [28.8962625, 41.0340322], [28.8884455, 41.0381376], [28.8848833, 41.0437672], [28.8857371, 41.0594624], [28.8784523, 41.071029], [28.878924, 41.0771924], [28.8631601, 41.0907742], [28.850607, 41.1074804], [28.8505372, 41.1015807], [28.8431809, 41.0835267], [28.8373345, 41.0723141], [28.8337984, 41.068887]]]}, "properties": {"id": "tr-34-esenler", "name": "Esenler", "province": "istanbul", "province_plate": "34", "osm_relation_id": 1766101, "bbox": [41.0174142, 28.8337984, 41.1074804, 28.9006289], "center": [41.06243301870233, 28.867264987759697]}}, {"type": "Feature", "geometry": {"type": "Polygon", "coordinates": [[[28.6205441, 41.0682123], [28.6280848, 41.052893], [28.6276988, 41.0437759], [28.6233609, 41.0348983], [28.625819, 41.0295851], [28.6266226, 41.0222542], [28.6649598, 41.0066369], [28.681824, 41.0055512], [28.6910984, 41.0001071], [28.6988191, 41.0002717], [28.6992035, 41.0057341], [28.7018986, 41.0094053], [28.6967452, 41.0124465], [28.7002285, 41.0155129], [28.7018636, 41.0287628], [28.6972203, 41.0292482], [28.6963456, 41.0314249], [28.6910747, 41.0317452], [28.6906028, 41.0363283], [28.6970449, 41.0414101], [28.690617, 41.0430708], [28.6897495, 41.0474064], [28.6822602, 41.0549898], [28.6911405, 41.0587187], [28.6826998, 41.0625262], [28.6726351, 41.0645715], [28.6554499, 41.075935], [28.6515214, 41.0861906], [28.6458793, 41.0916954], [28.6444108, 41.0951847], [28.6395951, 41.0981109], [28.6385392, 41.0981109], [28.6392409, 41.0960262], [28.635948, 41.094939], [28.6337203, 41.0882836], [28.628515, 41.0855094], [28.6292885, 41.0839929], [28.6258752, 41.0799909], [28.6205441, 41.0682123]]]}, "properties": {"id": "tr-34-esenyurt", "name": "Esenyurt", "province": "istanbul", "province_plate": "34", "osm_relation_id": 1766102, "bbox": [41.0001071, 28.6205441, 41.0981109, 28.7018986], "center": [41.04308209568096, 28.658636951517725]}}, {"type": "Feature", "geometry": {"type": "Polygon", "coordinates": [[[28.770023, 41.2693818], [28.7748204, 41.2583853], [28.7790801, 41.2577939], [28.7876244, 41.2475805], [28.7867959, 41.2431968], [28.788779, 41.2369346], [28.7941909, 41.2336038], [28.7974552, 41.229087], [28.7965333, 41.2231037], [28.8088621, 41.2200181], [28.8151941, 41.2113276], [28.8179675, 41.2107369], [28.8207871, 41.207241], [28.8192382, 41.2029988], [28.8160451, 41.2010509], [28.8191492, 41.1966376], [28.8178816, 41.1867962], [28.8214361, 41.1825197], [28.8198151, 41.1753677], [28.8137165, 41.1745391], [28.8137721, 41.1638961], [28.8162581, 41.1597111], [28.8147315, 41.1543169], [28.8163474, 41.1529024], [28.81725, 41.1429454], [28.8151483, 41.1411764], [28.8151854, 41.1363266], [28.8286894, 41.1355944], [28.8332648, 41.1336412], [28.8335663, 41.1427334], [28.8409547, 41.1477413], [28.8429528, 41.1512366], [28.8613912, 41.1598111], [28.8669401, 41.1571531], [28.8661051, 41.1520167], [28.8723612, 41.1524051], [28.8757787, 41.1503433], [28.8739426, 41.143734], [28.8748743, 41.1423255], [28.8778933, 41.1428355], [28.8799549, 41.1460885], [28.883079, 41.1469093], [28.8899911, 41.1372791], [28.8992472, 41.1331901], [28.901259, 41.1284812], [28.9065442, 41.1246916], [28.9016221, 41.1211919], [28.9070878, 41.1224923], [28.911098, 41.114531], [28.9184712, 41.1146742], [28.9216741, 41.1067692], [28.919561, 41.1040363], [28.9208656, 41.1020305], [28.9190626, 41.1017252], [28.9170104, 41.097254], [28.9224243, 41.0932092], [28.9161551, 41.0817814], [28.9175552, 41.0749555], [28.9167711, 41.070331], [28.921553, 41.0668003], [28.9272659, 41.0700341], [28.9323516, 41.0691499], [28.9338636, 41.065805], [28.9360508, 41.0658453], [28.9364792, 41.0641236], [28.935153, 41.064618], [28.934316, 41.0629396], [28.9368227, 41.0610957], [28.9366067, 41.059273], [28.9392181, 41.0594309], [28.9356488, 41.0567081], [28.9330317, 41.0578041], [28.930201, 41.0552516], [28.9271717, 41.0561967], [28.9271365, 41.054328], [28.9238852, 41.0558611], [28.9224208, 41.0533739], [28.9165013, 41.0554291], [28.9147176, 41.0527725], [28.9109746, 41.0515837], [28.9184437, 41.0424641], [28.9157605, 41.0428273], [28.9209184, 41.0315492], [28.9295982, 41.0243851], [28.9361332, 41.0313447], [28.9400293, 41.033317], [28.9393804, 41.0378873], [28.944566, 41.0407646], [28.9396832, 41.0425494], [28.9379053, 41.047261], [28.9350613, 41.049855], [28.9357548, 41.0523045], [28.939218, 41.0553195], [28.9466348, 41.0569381], [28.943802, 41.0647797], [28.9469897, 41.063406], [28.9554013, 41.0681293], [28.9568664, 41.0739921], [28.9636248, 41.0803378], [28.963995, 41.085469], [28.9680676, 41.0861086], [28.967278, 41.0919178], [28.9588651, 41.0987825], [28.9540976, 41.1006095], [28.9538742, 41.1048578], [28.9601541, 41.1067132], [28.9621157, 41.1110466], [28.9587593, 41.1134711], [28.9602935, 41.1183532], [28.962053, 41.118919], [28.9598928, 41.1274049], [28.9650592, 41.1315027], [28.965894, 41.1328841], [28.964113, 41.1345002], [28.9678795, 41.136709], [28.9693573, 41.1403542], [28.9763653, 41.1475814], [28.9749184, 41.1534652], [28.9713979, 41.1574772], [28.9593123, 41.1566859], [28.9570353, 41.1580046], [28.9578527, 41.1604223], [28.9520143, 41.1604662], [28.9540577, 41.1936445], [28.9501994, 41.1952831], [28.9477696, 41.2034057], [28.9534025, 41.2146467], [28.9538488, 41.2192808], [28.9532614, 41.2208004], [28.9417368, 41.2214779], [28.9382823, 41.2234425], [28.9371027, 41.2223018], [28.9370184, 41.2253436], [28.9349121, 41.2249634], [28.9351648, 41.2295893], [28.9327097, 41.2312991], [28.9366793, 41.2424329], [28.9407257, 41.2484065], [28.9403044, 41.2511937], [28.9432534, 41.2563245], [28.9484772, 41.2587948], [28.9492882, 41.2617809], [28.9431855, 41.2624758], [28.9216159, 41.2715379], [28.9157524, 41.2719854], [28.9111088, 41.2701849], [28.9004265, 41.2746396], [28.8868353, 41.2741681], [28.8567817, 41.2815859], [28.8449371, 41.2870419], [28.8362971, 41.2870275], [28.8217736, 41.2931081], [28.8166022, 41.2979203], [28.8062677, 41.3027625], [28.7955201, 41.3026537], [28.7888602, 41.3061113], [28.7858367, 41.3022265], [28.7812762, 41.2796197], [28.7774856, 41.2761034], [28.7769526, 41.2710734], [28.770023, 41.2693818]]]}, "properties": {"id": "tr-34-eyupsultan", "name": "Eyüpsultan", "province": "istanbul", "province_plate": "34", "osm_relation_id": 1766103, "bbox": [41.0243851, 28.770023, 41.3061113, 28.9763653], "center": [41.19531896256641, 28.882418597860035]}}, {"type": "Feature", "geometry": {"type": "Polygon", "coordinates": [[[28.919882, 40.9889772], [28.9234109, 40.987661], [28.9278438, 40.9913796], [28.929591, 40.9909443], [28.9301473, 40.9927495], [28.9292796, 40.9911011], [28.9279473, 40.9917755], [28.9350211, 40.9998484], [28.9387601, 41.0017218], [28.937978, 41.0003645], [28.9394387, 40.9982607], [28.9461377, 40.9962017], [28.9534297, 40.9983668], [28.9610514, 40.9982554], [28.9537328, 40.9992127], [28.9528696, 41.0012236], [28.9541165, 41.0022146], [28.9786765, 41.0012079], [28.9776073, 41.0017655], [28.9813953, 41.0025894], [28.9863188, 41.0067466], [28.9881084, 41.0124523], [28.9868537, 41.0170306], [28.9769008, 41.0166667], [28.9662934, 41.0195448], [28.9574603, 41.02841], [28.9532249, 41.0291903], [28.9505876, 41.031463], [28.9448171, 41.04086], [28.9417027, 41.0397306], [28.9391852, 41.0373909], [28.9400293, 41.033317], [28.9361332, 41.0313447], [28.9229188, 41.0173312], [28.9202768, 41.000779], [28.9226152, 40.9926551], [28.919882, 40.9889772]]]}, "properties": {"id": "tr-34-fatih", "name": "Fatih", "province": "istanbul", "province_plate": "34", "osm_relation_id": 1766104, "bbox": [40.987661, 28.919882, 41.04086, 28.9881084], "center": [41.012796797876746, 28.948902755399722]}}, {"type": "Feature", "geometry": {"type": "Polygon", "coordinates": [[[28.8743627, 41.0815985], [28.8804099, 41.0760589], [28.900337, 41.0650984], [28.9031032, 41.0600168], [28.9097078, 41.0552017], [28.9109746, 41.0515837], [28.9147176, 41.0527725], [28.9165013, 41.0554291], [28.9224208, 41.0533739], [28.9238852, 41.0558611], [28.9271365, 41.054328], [28.9271717, 41.0561967], [28.930201, 41.0552516], [28.9330317, 41.0578041], [28.9356488, 41.0567081], [28.9392181, 41.0594309], [28.9366067, 41.059273], [28.9368227, 41.0610957], [28.934316, 41.0629396], [28.935153, 41.064618], [28.9364792, 41.0641236], [28.9360508, 41.0658453], [28.9338636, 41.065805], [28.9323516, 41.0691499], [28.9272659, 41.0700341], [28.921553, 41.0668003], [28.9172655, 41.0692735], [28.9163056, 41.0728274], [28.9175552, 41.0749555], [28.9157302, 41.0791013], [28.9224243, 41.0932092], [28.9211832, 41.0942843], [28.9082185, 41.0908839], [28.8879515, 41.0899661], [28.8800618, 41.0865375], [28.8743627, 41.0815985]]]}, "properties": {"id": "tr-34-gaziosmanpasa", "name": "Gaziosmanpaşa", "province": "istanbul", "province_plate": "34", "osm_relation_id": 1766105, "bbox": [41.0515837, 28.8743627, 41.0942843, 28.9392181], "center": [41.073853378992375, 28.90670889802472]}}, {"type": "Feature", "geometry": {"type": "Polygon", "coordinates": [[[28.8590034, 41.027355], [28.8630768, 41.0190498], [28.8601491, 41.0175556], [28.8705938, 41.0062744], [28.8746724, 41.0081175], [28.8794126, 41.0163942], [28.8809852, 41.0165466], [28.8815524, 41.0062641], [28.8857606, 41.0016974], [28.8982272, 41.0081961], [28.9008401, 41.0143155], [28.9022344, 41.0145715], [28.9006289, 41.020689], [28.8985146, 41.0190267], [28.8867534, 41.0174142], [28.887326, 41.0207747], [28.8854227, 41.0226141], [28.8904785, 41.0298557], [28.8854573, 41.0339974], [28.8764859, 41.0318455], [28.8725399, 41.0384821], [28.8712227, 41.0384466], [28.8721722, 41.0272396], [28.8630936, 41.029813], [28.8599337, 41.0292347], [28.8590034, 41.027355]]]}, "properties": {"id": "tr-34-gungoren", "name": "Güngören", "province": "istanbul", "province_plate": "34", "osm_relation_id": 1766106, "bbox": [41.0016974, 28.8590034, 41.0384821, 28.9022344], "center": [41.01880483328128, 28.879529755763972]}}, {"type": "Feature", "geometry": {"type": "Polygon", "coordinates": [[[28.8238482, 41.1352322], [28.8277787, 41.1305552], [28.845005, 41.1192999], [28.8450761, 41.1128866], [28.8476584, 41.1111308], [28.8501464, 41.1059498], [28.850607, 41.1074804], [28.8631601, 41.0907742], [28.8743627, 41.0815985], [28.8800618, 41.0865375], [28.8879515, 41.0899661], [28.9082185, 41.0908839], [28.9211832, 41.0942843], [28.9170104, 41.097254], [28.9190626, 41.1017252], [28.9208656, 41.1020305], [28.919561, 41.1040363], [28.9216741, 41.1067692], [28.9184712, 41.1146742], [28.911098, 41.114531], [28.9070878, 41.1224923], [28.9016221, 41.1211919], [28.9065442, 41.1246916], [28.901259, 41.1284812], [28.8992472, 41.1331901], [28.8899911, 41.1372791], [28.883079, 41.1469093], [28.8799549, 41.1460885], [28.8778933, 41.1428355], [28.8748743, 41.1423255], [28.8739426, 41.143734], [28.8757787, 41.1503433], [28.8723612, 41.1524051], [28.8661051, 41.1520167], [28.8669401, 41.1571531], [28.8613912, 41.1598111], [28.8429528, 41.1512366], [28.8409547, 41.1477413], [28.8335663, 41.1427334], [28.8332648, 41.1336412], [28.8286894, 41.1355944], [28.8238482, 41.1352322]]]}, "properties": {"id": "tr-34-sultangazi", "name": "Sultangazi", "province": "istanbul", "province_plate": "34", "osm_relation_id": 1766108, "bbox": [41.0815985, 28.8238482, 41.1598111, 28.9216741], "center": [41.119676208911144, 28.874308909238497]}}, {"type": "Feature", "geometry": {"type": "Polygon", "coordinates": [[[28.8899116, 40.9821453], [28.8916917, 40.9778498], [28.8916437, 40.9797602], [28.8931152, 40.9801484], [28.8913262, 40.9803014], [28.892128, 40.9812125], [28.8941317, 40.9808156], [28.8932814, 40.9791836], [28.8944294, 40.9805767], [28.895829, 40.9791194], [28.9025029, 40.9791191], [28.9083973, 40.9813698], [28.9117847, 40.9857914], [28.9199245, 40.987921], [28.9226152, 40.9926551], [28.9202768, 41.000779], [28.9223285, 41.0082642], [28.922184, 41.0155277], [28.929299, 41.0245906], [28.9240058, 41.0286909], [28.9205966, 41.0243676], [28.911998, 41.0325469], [28.8991171, 41.0276765], [28.9022344, 41.0145715], [28.8918508, 40.9998184], [28.8942051, 40.9955698], [28.8899116, 40.9821453]]]}, "properties": {"id": "tr-34-zeytinburnu", "name": "Zeytinburnu", "province": "istanbul", "province_plate": "34", "osm_relation_id": 1766109, "bbox": [40.9778498, 28.8899116, 41.0325469, 28.929299], "center": [41.00476494533675, 28.90859981250295]}}, {"type": "Feature", "geometry": {"type": "Polygon", "coordinates": [[[28.7397863, 41.044572], [28.7567678, 40.9799843], [28.7664809, 40.9815463], [28.7675753, 40.9846402], [28.7672749, 40.9829717], [28.7693551, 40.9820125], [28.7670833, 40.9820637], [28.7682876, 40.9799345], [28.774716, 40.9770526], [28.7725503, 40.9792641], [28.7724195, 40.981272], [28.770814, 40.9809451], [28.7693385, 40.9818867], [28.7753451, 40.9824219], [28.7728097, 40.9856719], [28.7719191, 40.988022], [28.7699962, 40.9881067], [28.7714568, 40.9888746], [28.7701632, 40.9898091], [28.7717828, 40.9891872], [28.7729421, 40.9861361], [28.7752159, 40.9838491], [28.7756661, 40.9819856], [28.7728431, 40.9806553], [28.77519, 40.9773627], [28.7757386, 40.9824936], [28.7752893, 40.9840442], [28.773436, 40.9865223], [28.7785325, 40.9842507], [28.7885011, 40.9866443], [28.7923865, 40.9891783], [28.7945518, 40.9881167], [28.7984168, 40.9890176], [28.7969098, 40.9974745], [28.8031143, 41.0005109], [28.8103968, 40.9995644], [28.818879, 40.9935292], [28.8117338, 41.0005848], [28.8082437, 41.0150551], [28.8059569, 41.0161334], [28.8083935, 41.027953], [28.8109631, 41.0271706], [28.8107671, 41.03698], [28.8079531, 41.0471405], [28.8116321, 41.0612891], [28.7910315, 41.0641013], [28.7559249, 41.0610294], [28.7446352, 41.0620872], [28.7452733, 41.0591214], [28.7421656, 41.0568563], [28.7397863, 41.044572]]]}, "properties": {"id": "tr-34-kucukcekmece", "name": "Küçükçekmece", "province": "istanbul", "province_plate": "34", "osm_relation_id": 7786498, "bbox": [40.9770526, 28.7397863, 41.0641013, 28.818879], "center": [41.02598112828722, 28.776662456891604]}}, {"type": "Feature", "geometry": {"type": "Polygon", "coordinates": [[[26.3285315, 40.6846003], [26.3345289, 40.6828999], [26.3396358, 40.6778879], [26.340065, 40.6756096], [26.3432836, 40.6767813], [26.3468241, 40.6739985], [26.3485622, 40.6753004], [26.3503647, 40.6748936], [26.3488197, 40.6739334], [26.352489, 40.6730546], [26.353476, 40.6747634], [26.3664579, 40.6720293], [26.3709855, 40.6695067], [26.3732171, 40.6636148], [26.3702988, 40.6592851], [26.371715, 40.6571364], [26.3621664, 40.643738], [26.359173, 40.6355805], [26.3543343, 40.6329506], [26.3519847, 40.6285212], [26.3495171, 40.6272754], [26.3499677, 40.6217788], [26.3468671, 40.6200279], [26.3460302, 40.6154673], [26.3470709, 40.6097172], [26.3462877, 40.607624], [26.3439274, 40.6068013], [26.34457, 40.60457], [26.3477214, 40.6029612], [26.3589949, 40.6063415], [26.3778044, 40.6045301], [26.3722225, 40.6064274], [26.3762252, 40.6079836], [26.3762616, 40.6057446], [26.3764844, 40.6071983], [26.3798203, 40.6083756], [26.414696, 40.5990623], [26.4303346, 40.6029881], [26.4407801, 40.6134949], [26.459632, 40.6164608], [26.47886, 40.6123398], [26.5067756, 40.5965437], [26.5139153, 40.5955886], [26.5206681, 40.597685], [26.5331009, 40.5918759], [26.5386102, 40.5955571], [26.5415093, 40.6017204], [26.5438618, 40.6013667], [26.5418907, 40.6020053], [26.5416617, 40.6033375], [26.5449756, 40.6016053], [26.547793, 40.605493], [26.5595899, 40.6117939], [26.5647352, 40.6102371], [26.589618, 40.6308324], [26.5974446, 40.629519], [26.6015073, 40.6342694], [26.6096114, 40.6373961], [26.6157198, 40.6371285], [26.6214122, 40.634894], [26.62995, 40.6366179], [26.6323761, 40.6355535], [26.6386067, 40.6380926], [26.6427447, 40.6366919], [26.6443033, 40.6384064], [26.6488132, 40.6382969], [26.6566139, 40.6372271], [26.6563243, 40.6356375], [26.658572, 40.6353851], [26.6569676, 40.6367921], [26.662541, 40.6363235], [26.6676108, 40.6386796], [26.6755765, 40.6373705], [26.689139, 40.639632], [26.696303, 40.6375688], [26.7018457, 40.6379824], [26.7121369, 40.6432896], [26.7255428, 40.6425322], [26.7267752, 40.6459604], [26.7253482, 40.646693], [26.725477, 40.6538074], [26.7358196, 40.6595536], [26.7344463, 40.6611651], [26.7326116, 40.6605222], [26.7321074, 40.6625161], [26.7281592, 40.6617755], [26.7244899, 40.6682698], [26.7195976, 40.6722734], [26.7205417, 40.6746413], [26.7335451, 40.6788969], [26.7357981, 40.681053], [26.7353904, 40.6844538], [26.7176771, 40.6882369], [26.7142439, 40.6862844], [26.7077422, 40.6857474], [26.7084503, 40.6901568], [26.7122698, 40.6957779], [26.7112183, 40.6994302], [26.7128384, 40.7032123], [26.7108321, 40.7043348], [26.7104888, 40.7056361], [26.722269, 40.7010244], [26.7286098, 40.7100848], [26.7363775, 40.7069536], [26.7535221, 40.7118821], [26.7639398, 40.7086534], [26.7670298, 40.7111502], [26.7704308, 40.7091739], [26.7794967, 40.7123294], [26.7883279, 40.7105512], [26.7920708, 40.7126547], [26.7902899, 40.7164768], [26.7947745, 40.7186723], [26.7972207, 40.7234373], [26.8068015, 40.7279011], [26.8100738, 40.7412094], [26.8099451, 40.751646], [26.8034649, 40.7534666], [26.8039584, 40.7566037], [26.8006861, 40.7597162], [26.7999995, 40.7658759], [26.7906439, 40.7714094], [26.7906546, 40.7746919], [26.7855155, 40.7780879], [26.7842495, 40.7815082], [26.785419, 40.7852289], [26.783756, 40.7841078], [26.7805159, 40.7870079], [26.7734134, 40.7884863], [26.7735743, 40.7954718], [26.7817021, 40.7981777], [26.7720938, 40.8030656], [26.769669, 40.8077108], [26.7619121, 40.8025865], [26.7574167, 40.8079788], [26.7494881, 40.8080519], [26.746763, 40.810147], [26.7316997, 40.8122502], [26.7263138, 40.8146456], [26.7260885, 40.8182345], [26.7229772, 40.8182507], [26.7214107, 40.821401], [26.7251122, 40.8242264], [26.7253911, 40.8351208], [26.7314637, 40.8395771], [26.7281699, 40.8438626], [26.736002, 40.8475798], [26.7441881, 40.8550135], [26.7515373, 40.8553705], [26.7504215, 40.8576427], [26.7517197, 40.8590871], [26.7530393, 40.8584217], [26.751945, 40.860077], [26.7536724, 40.8613834], [26.7464733, 40.8593792], [26.7475796, 40.862061], [26.7385232, 40.8623814], [26.7150485, 40.8732209], [26.7117119, 40.8777801], [26.711669, 40.8800109], [26.7141259, 40.8819902], [26.7125058, 40.8846994], [26.7136001, 40.8875464], [26.7151451, 40.8878222], [26.7132354, 40.8893632], [26.7174947, 40.8943511], [26.7167222, 40.8956569], [26.7203164, 40.8967111], [26.716615, 40.9045286], [26.720016, 40.9078531], [26.71978, 40.9096126], [26.7139864, 40.9172907], [26.7259812, 40.9176312], [26.7309165, 40.9206876], [26.7369461, 40.9216766], [26.7419243, 40.9275943], [26.7504108, 40.933244], [26.7512584, 40.9392254], [26.7648725, 40.9449728], [26.7595625, 40.950579], [26.7563116, 40.9508302], [26.7521274, 40.9500199], [26.7443275, 40.9435613], [26.7370748, 40.9433181], [26.7315924, 40.950344], [26.7269683, 40.9527507], [26.7246723, 40.958301], [26.7203271, 40.9598728], [26.719501, 40.9626922], [26.7300582, 40.9677313], [26.7377571, 40.9742944], [26.7337489, 40.98266], [26.7328048, 40.9910908], [26.7402398, 40.9990023], [26.7425036, 41.0122481], [26.7454219, 41.0177044], [26.7427397, 41.0199467], [26.7387807, 41.0201895], [26.7399931, 41.0231197], [26.7360678, 41.02573], [26.7320323, 41.0245929], [26.7261314, 41.0259041], [26.7231059, 41.0273448], [26.7213034, 41.0311002], [26.7127847, 41.0299833], [26.7068839, 41.0326217], [26.7030108, 41.0348797], [26.6979283, 41.0417699], [26.6790855, 41.0352681], [26.6733885, 41.0308089], [26.6687429, 41.0296191], [26.6702557, 41.033164], [26.6679168, 41.0353572], [26.6576064, 41.0382301], [26.6559005, 41.0327189], [26.6429937, 41.0353005], [26.6350865, 41.0326379], [26.6336489, 41.0397838], [26.6353547, 41.0441373], [26.6294539, 41.0472363], [26.6255003, 41.053794], [26.6158926, 41.0498174], [26.6182423, 41.0529324], [26.6165149, 41.057463], [26.6144228, 41.0582073], [26.6075778, 41.053256], [26.6051745, 41.0537131], [26.6006684, 41.0521395], [26.5979165, 41.0526775], [26.596806, 41.0519939], [26.5985441, 41.0523984], [26.5982008, 41.0511686], [26.602149, 41.0498255], [26.6036725, 41.0526492], [26.6076529, 41.0521476], [26.6109466, 41.0498579], [26.6113436, 41.0458851], [26.6097987, 41.0454562], [26.6121483, 41.0421872], [26.6015053, 41.0394115], [26.6025138, 41.0364659], [26.598351, 41.0336981], [26.60331, 41.03333], [26.5988928, 41.0307239], [26.6017252, 41.0278223], [26.6006362, 41.026673], [26.6024816, 41.0251109], [26.6011727, 41.022974], [26.6021168, 41.0222536], [26.5982544, 41.0241234], [26.5965378, 41.0274743], [26.5920424, 41.0275633], [26.5927291, 41.0336091], [26.5890384, 41.0417502], [26.5808093, 41.0401156], [26.5757453, 41.0330992], [26.572355, 41.0310355], [26.572237, 41.0281299], [26.5753055, 41.0271344], [26.574533, 41.0211042], [26.5766787, 41.0162877], [26.5804768, 41.0181658], [26.5762174, 41.0081354], [26.578272, 41.0068926], [26.58023, 41.0081435], [26.5836525, 41.0050183], [26.585353, 41.0058361], [26.5865922, 41.0032209], [26.5904599, 41.0009375], [26.5934157, 41.002897], [26.5937483, 41.0015003], [26.5992844, 41.0017189], [26.6008615, 41.0002736], [26.5991825, 40.9969618], [26.6007864, 40.9965245], [26.6004324, 40.9936822], [26.6022992, 40.9923865], [26.5947676, 40.9737178], [26.5961838, 40.971478], [26.5932172, 40.9647784], [26.5930349, 40.9627165], [26.5944403, 40.9626234], [26.5929544, 40.9584508], [26.5872788, 40.9545252], [26.58048, 40.95585], [26.5741789, 40.9548209], [26.5697479, 40.9563483], [26.5696942, 40.9578959], [26.5667224, 40.9574421], [26.5575707, 40.9499875], [26.553719, 40.9491204], [26.5514284, 40.9520822], [26.5430331, 40.9545009], [26.5361613, 40.9492744], [26.5356785, 40.9441285], [26.5316874, 40.9446229], [26.5284258, 40.9428157], [26.5268058, 40.9375396], [26.5174073, 40.9371911], [26.5107393, 40.9328063], [26.5086579, 40.929029], [26.5117264, 40.928186], [26.5154922, 40.9236789], [26.5304696, 40.9130991], [26.527369, 40.9072612], [26.5254056, 40.9075693], [26.5245688, 40.9051773], [26.525985, 40.9047313], [26.5243113, 40.9015688], [26.5321541, 40.8991765], [26.5357734, 40.8963607], [26.5177238, 40.8766444], [26.5054607, 40.8807248], [26.50442, 40.8772487], [26.4969903, 40.8718904], [26.4947587, 40.8645519], [26.4911699, 40.8635052], [26.494292, 40.859793], [26.4858055, 40.8516051], [26.4855266, 40.8481317], [26.4832735, 40.8462569], [26.4810419, 40.8471983], [26.4789283, 40.8460134], [26.4763427, 40.843124], [26.4773404, 40.8419958], [26.4763319, 40.8400235], [26.4677381, 40.8344551], [26.4681351, 40.8321092], [26.4665151, 40.8307697], [26.471534, 40.8269931], [26.4663756, 40.8239341], [26.4639938, 40.8202156], [26.4678454, 40.8176093], [26.4713216, 40.8106099], [26.4712357, 40.807857], [26.4692187, 40.8073454], [26.4703238, 40.801084], [26.4621806, 40.7991267], [26.4615154, 40.7953418], [26.4581895, 40.7921578], [26.4499497, 40.7772267], [26.4552927, 40.7704668], [26.458168, 40.7633081], [26.4208639, 40.7538323], [26.4128065, 40.7553521], [26.4126563, 40.7542305], [26.4042878, 40.7547344], [26.4011764, 40.7479235], [26.4013266, 40.74251], [26.3533473, 40.7369172], [26.352961, 40.7287873], [26.3566732, 40.7266246], [26.3580251, 40.7234048], [26.3532829, 40.7144275], [26.3527894, 40.7101011], [26.350075, 40.7049041], [26.3459122, 40.7031635], [26.3438415, 40.6989014], [26.3317931, 40.6965913], [26.3298082, 40.693248], [26.3285315, 40.6846003]]]}, "properties": {"id": "tr-22-kesan", "name": "Keşan", "province": "edirne", "province_plate": "22", "osm_relation_id": 1277696, "bbox": [40.5918759, 26.3285315, 41.0582073, 26.8100738], "center": [40.788020576219516, 26.58869005564812]}}, {"type": "Feature", "geometry": {"type": "Polygon", "coordinates": [[[26.5612207, 41.9254955], [26.5703494, 41.9153721], [26.5705743, 41.9126111], [26.5771053, 41.9068235], [26.5843395, 41.9033968], [26.5814443, 41.8994818], [26.5776504, 41.8981604], [26.5765364, 41.8925635], [26.5673224, 41.8868134], [26.5674799, 41.8833701], [26.5714356, 41.8800492], [26.5794124, 41.8780687], [26.5809344, 41.8759059], [26.5811205, 41.8698804], [26.5828585, 41.8712865], [26.5852618, 41.8706314], [26.5853262, 41.8725009], [26.5870857, 41.8728364], [26.5924287, 41.8704556], [26.5945101, 41.8677872], [26.6012049, 41.8667485], [26.6008186, 41.863169], [26.5972137, 41.8578633], [26.5995955, 41.853612], [26.5992093, 41.8510227], [26.5961623, 41.8454283], [26.5903902, 41.8404089], [26.5904546, 41.8376912], [26.5867907, 41.8306766], [26.6014628, 41.8275056], [26.5995204, 41.8204951], [26.5973103, 41.8194876], [26.6009044, 41.816905], [26.6103458, 41.8155776], [26.6148734, 41.8202152], [26.6285419, 41.8123151], [26.6299367, 41.8133707], [26.638429, 41.808991], [26.6286063, 41.7977918], [26.631267, 41.7958401], [26.6301608, 41.7849729], [26.6429615, 41.7984476], [26.6544843, 41.8176726], [26.6631317, 41.8173048], [26.661694, 41.8158815], [26.6761994, 41.8134826], [26.6753197, 41.8018068], [26.6799974, 41.7946883], [26.6779804, 41.7919847], [26.6906619, 41.7868811], [26.710639, 41.7830891], [26.7112183, 41.7792329], [26.7131438, 41.7797189], [26.7117333, 41.7778007], [26.7136109, 41.7748163], [26.7136753, 41.7706355], [26.7220652, 41.7633575], [26.7177844, 41.7570031], [26.7275476, 41.7543539], [26.7401218, 41.7563388], [26.7488551, 41.7554024], [26.7512369, 41.7534495], [26.7531466, 41.7463576], [26.7623734, 41.7432517], [26.767416, 41.743764], [26.7681026, 41.7405619], [26.7697978, 41.7403057], [26.7793894, 41.7445485], [26.7791533, 41.7465017], [26.783123, 41.7475744], [26.7827368, 41.7485349], [26.7921996, 41.7510163], [26.8000102, 41.7500878], [26.8019521, 41.7543379], [26.8000102, 41.7547301], [26.8043339, 41.7663425], [26.7815995, 41.7691832], [26.7843997, 41.7721679], [26.7828011, 41.7725359], [26.7830908, 41.7750484], [26.7852151, 41.7776247], [26.7883158, 41.7931125], [26.7844101, 41.8007425], [26.7948496, 41.8082128], [26.7965984, 41.8131628], [26.7954183, 41.8182803], [26.8013084, 41.8268912], [26.8009865, 41.8288659], [26.80354, 41.8305287], [26.8025315, 41.8318078], [26.8073273, 41.8345017], [26.808722, 41.8327351], [26.8096983, 41.8336144], [26.8176484, 41.8476821], [26.8211353, 41.84578], [26.8389451, 41.8460837], [26.8426895, 41.8499039], [26.8467772, 41.8485373], [26.8495774, 41.8522375], [26.8520236, 41.8495363], [26.8481719, 41.8432863], [26.8504012, 41.8425847], [26.8567872, 41.8518059], [26.8646192, 41.85545], [26.8673229, 41.8593336], [26.8699407, 41.8582788], [26.8729448, 41.8616988], [26.8761635, 41.8620983], [26.8877077, 41.8605482], [26.888287, 41.8622102], [26.8865061, 41.8620344], [26.8855619, 41.8657098], [26.889317, 41.8666686], [26.8897676, 41.8644314], [26.8938768, 41.8646392], [26.8979645, 41.8676034], [26.8976211, 41.869441], [26.9009578, 41.8722612], [26.9021594, 41.8762716], [26.906966, 41.8790356], [26.9204092, 41.872389], [26.9298828, 41.8645513], [26.9347, 41.8661732], [26.944313, 41.8649907], [26.9436264, 41.8635366], [26.9453001, 41.8621942], [26.9489264, 41.8602126], [26.951673, 41.8609637], [26.9540206, 41.8884595], [26.9493985, 41.8923266], [26.947639, 41.8985398], [26.9495702, 41.9036984], [26.9535762, 41.9072937], [26.9497311, 41.910709], [26.9565225, 41.915683], [26.9605941, 41.9140644], [26.9672237, 41.9177913], [26.9742516, 41.9174395], [26.9790259, 41.9249618], [26.9855761, 41.927354], [26.986396, 41.9396801], [26.991477, 41.9409701], [26.9912824, 41.945], [26.9889, 41.9454], [26.9871, 41.9486], [26.9897067, 41.9556844], [26.9896531, 41.9628329], [26.9867161, 41.9654894], [26.9863593, 41.9731074], [26.9812578, 41.9753288], [26.9797826, 41.9790854], [26.9741821, 41.9808121], [26.9745469, 41.9840102], [26.9714355, 41.9894331], [26.9674873, 41.9914665], [26.9677234, 41.9958481], [26.9581515, 41.996799], [26.9460149, 42.0011257], [26.9313745, 42.0028017], [26.9237766, 41.9994214], [26.9215376, 41.9950266], [26.919452, 41.9971066], [26.9133308, 41.995456], [26.910839, 41.9909871], [26.903162, 41.9884557], [26.9020098, 41.9859852], [26.8986276, 41.9882087], [26.892217, 41.9888995], [26.885746, 41.9871317], [26.8796502, 41.9899224], [26.8710308, 41.9910748], [26.8646006, 41.9887335], [26.8647154, 41.9868757], [26.8584823, 41.9846392], [26.856536, 41.9821056], [26.8522573, 41.9840104], [26.8513871, 41.9818342], [26.8480889, 41.9806011], [26.8464432, 41.9732868], [26.8472433, 41.9698183], [26.842275, 41.9689662], [26.836148, 41.9701434], [26.8329396, 41.9691757], [26.8287617, 41.9737707], [26.8242723, 41.9724226], [26.8103686, 41.9755933], [26.8038488, 41.980265], [26.7941514, 41.9840001], [26.7922201, 41.9869658], [26.7928688, 41.9901717], [26.7871998, 41.9896127], [26.7789431, 41.9789238], [26.7732665, 41.9794339], [26.7632231, 41.9693822], [26.7592003, 41.9702743], [26.7570104, 41.9679131], [26.7552371, 41.9605231], [26.7539035, 41.958645], [26.7509259, 41.9583235], [26.7430683, 41.9609603], [26.7291238, 41.9608241], [26.7132873, 41.968561], [26.7037364, 41.965203], [26.6993907, 41.9666632], [26.6928151, 41.9659974], [26.6901634, 41.9688064], [26.6843856, 41.9674279], [26.6739218, 41.9693115], [26.6681391, 41.9645509], [26.6579175, 41.9701698], [26.6463152, 41.9728633], [26.6408742, 41.9718616], [26.6365472, 41.9730152], [26.6335156, 41.9765216], [26.6237323, 41.9796202], [26.6213252, 41.9783566], [26.6228298, 41.9764406], [26.6203292, 41.9695603], [26.618554, 41.9683571], [26.6185979, 41.9657061], [26.5866084, 41.9477863], [26.5612207, 41.9254955]]]}, "properties": {"id": "tr-22-lalapasa", "name": "Lalapaşa", "province": "edirne", "province_plate": "22", "osm_relation_id": 1833421, "bbox": [41.7403057, 26.5612207, 42.0028017, 26.991477], "center": [41.89382809670279, 26.767097069224935]}}, {"type": "Feature", "geometry": {"type": "Polygon", "coordinates": [[[26.328995, 41.7373981], [26.3574429, 41.714517], [26.3580724, 41.7081095], [26.3683422, 41.7093701], [26.3713832, 41.7077676], [26.3750421, 41.7041011], [26.3763593, 41.6968404], [26.3862005, 41.6909709], [26.4003483, 41.686757], [26.4058936, 41.6877286], [26.4089346, 41.6860041], [26.4096663, 41.6832958], [26.4231767, 41.6830789], [26.4284821, 41.6808714], [26.4342168, 41.6812724], [26.4372372, 41.6859146], [26.4413649, 41.6863912], [26.4505456, 41.6820438], [26.4560898, 41.6745404], [26.4705013, 41.6695301], [26.4918052, 41.6728877], [26.4941548, 41.6704834], [26.49288, 41.6624428], [26.4948964, 41.6609728], [26.4863088, 41.6598113], [26.4884409, 41.6540762], [26.5294976, 41.6216127], [26.5681448, 41.6103053], [26.5951733, 41.6101905], [26.5936452, 41.60724], [26.5951397, 41.5967176], [26.5997071, 41.5823627], [26.5973562, 41.579122], [26.5897327, 41.5743863], [26.5871803, 41.5705548], [26.5939643, 41.5657808], [26.5906227, 41.5556915], [26.5985086, 41.5453573], [26.5910838, 41.5265753], [26.5965158, 41.5179414], [26.5973723, 41.5125746], [26.6011134, 41.5093412], [26.6035433, 41.5012375], [26.604767, 41.4908281], [26.5988583, 41.4842019], [26.597687, 41.479867], [26.6133625, 41.461467], [26.6115323, 41.4539825], [26.6139185, 41.4458307], [26.611136, 41.4348424], [26.6575282, 41.4411625], [26.660471, 41.4484444], [26.6594732, 41.4522882], [26.66134, 41.4551348], [26.6672945, 41.4600879], [26.6771208, 41.4632989], [26.6811025, 41.466142], [26.6784954, 41.4719061], [26.6712749, 41.4752744], [26.6682279, 41.4784616], [26.6686785, 41.4816486], [26.6768968, 41.4861897], [26.6797292, 41.4895813], [26.6764784, 41.4909636], [26.6707921, 41.497505], [26.6635501, 41.5144261], [26.6633677, 41.5223146], [26.668582, 41.5258167], [26.6698694, 41.5323787], [26.6789997, 41.5305475], [26.6898036, 41.5391167], [26.700629, 41.5401045], [26.7045128, 41.5453401], [26.7108965, 41.5494994], [26.7082679, 41.5530402], [26.7061329, 41.5534015], [26.7076671, 41.5568137], [26.7048776, 41.5596797], [26.7026675, 41.5593586], [26.7036652, 41.560603], [26.7016804, 41.5600169], [26.7018521, 41.5630675], [26.6992235, 41.5629631], [26.701895, 41.5657968], [26.699202, 41.5687106], [26.700983, 41.5716002], [26.699363, 41.5731493], [26.7031181, 41.5747305], [26.701262, 41.5788077], [26.7025173, 41.5785508], [26.7047274, 41.5837352], [26.7084396, 41.5868248], [26.707356, 41.5879161], [26.7099845, 41.588534], [26.7086971, 41.5917838], [26.7110789, 41.5927868], [26.7169261, 41.6062495], [26.7185032, 41.6063859], [26.7194366, 41.6097872], [26.7183208, 41.6114878], [26.7214107, 41.6169262], [26.7210567, 41.6202548], [26.7361951, 41.6370154], [26.7388773, 41.6542848], [26.7412805, 41.6578599], [26.744252, 41.6690727], [26.7503571, 41.6725432], [26.7586398, 41.6870469], [26.7558984, 41.6963534], [26.7762136, 41.6955072], [26.7899251, 41.6982469], [26.80722, 41.6992563], [26.8075526, 41.7020519], [26.8100202, 41.7035738], [26.8094301, 41.7064494], [26.81252, 41.7079392], [26.8108892, 41.7097413], [26.8122196, 41.711143], [26.811372, 41.7158442], [26.8140113, 41.7174859], [26.8130994, 41.7199204], [26.8175304, 41.724661], [26.8214571, 41.7333165], [26.8231094, 41.7334126], [26.8223476, 41.7346216], [26.8299758, 41.7493433], [26.8130135, 41.7506881], [26.8019521, 41.7543379], [26.8000102, 41.7500878], [26.7921996, 41.7510163], [26.7827368, 41.7485349], [26.783123, 41.7475744], [26.7791533, 41.7465017], [26.7793894, 41.7445485], [26.7685532, 41.7403378], [26.767416, 41.743764], [26.7623734, 41.7432517], [26.7531466, 41.7463576], [26.7512369, 41.7534495], [26.7488551, 41.7554024], [26.7401218, 41.7563388], [26.7275476, 41.7543539], [26.7177844, 41.7570031], [26.7220652, 41.7633575], [26.7136753, 41.7706355], [26.7136109, 41.7748163], [26.7117333, 41.7778007], [26.7131438, 41.7797189], [26.7112183, 41.7792329], [26.710639, 41.7830891], [26.6906619, 41.7868811], [26.6779804, 41.7919847], [26.6799545, 41.7950243], [26.6751694, 41.8039182], [26.6769504, 41.8130188], [26.661694, 41.8158815], [26.6631317, 41.8173048], [26.6544843, 41.8176726], [26.6429615, 41.7984476], [26.6301608, 41.7849729], [26.631267, 41.7958401], [26.6286063, 41.7977918], [26.638429, 41.808991], [26.6299367, 41.8133707], [26.6285419, 41.8123151], [26.6148734, 41.8202152], [26.6103458, 41.8155776], [26.6009044, 41.816905], [26.5973103, 41.8194876], [26.5995204, 41.8204951], [26.6014628, 41.8275056], [26.5867907, 41.8306766], [26.5904546, 41.8376912], [26.5903902, 41.8404089], [26.5961623, 41.8454283], [26.5992093, 41.8510227], [26.5995955, 41.853612], [26.5972137, 41.8578633], [26.6008186, 41.863169], [26.6012049, 41.8667485], [26.5945101, 41.8677872], [26.5909695, 41.8714144], [26.5863776, 41.8729163], [26.5852618, 41.8706314], [26.5828585, 41.8712865], [26.5811205, 41.8698804], [26.5800105, 41.8717163], [26.5739509, 41.8676736], [26.5685954, 41.8691824], [26.565551, 41.8666002], [26.5629728, 41.8604078], [26.5627018, 41.8560508], [26.5641198, 41.8546595], [26.5524843, 41.8482266], [26.5386729, 41.8235294], [26.3787627, 41.8225494], [26.3689614, 41.8206934], [26.3631374, 41.8090451], [26.3540138, 41.799012], [26.3420741, 41.7797444], [26.3423683, 41.7771269], [26.3400253, 41.7755435], [26.3367029, 41.7647658], [26.3319258, 41.7584162], [26.3316105, 41.7545905], [26.3295112, 41.7519036], [26.331003, 41.7428374], [26.328995, 41.7373981]]]}, "properties": {"id": "tr-22-edirne-merkez", "name": "Edirne Merkez", "province": "edirne", "province_plate": "22", "osm_relation_id": 1834221, "bbox": [41.4348424, 26.328995, 41.8729163, 26.8299758], "center": [41.696077419385276, 26.581288677136808]}}, {"type": "Feature", "geometry": {"type": "Polygon", "coordinates": [[[26.7815995, 41.7691832], [26.8043339, 41.7663425], [26.8000102, 41.7547301], [26.8130135, 41.7506881], [26.8299758, 41.7493433], [26.8223476, 41.7346216], [26.8231094, 41.7334126], [26.8214571, 41.7333165], [26.8175304, 41.724661], [26.8130994, 41.7199204], [26.8140113, 41.7174859], [26.811372, 41.7158442], [26.8122196, 41.711143], [26.8108892, 41.7097413], [26.81252, 41.7079392], [26.8094301, 41.7064494], [26.8100202, 41.7035738], [26.8081534, 41.702156], [26.8198585, 41.7006821], [26.8180561, 41.6982789], [26.8221974, 41.6970613], [26.8221545, 41.691854], [26.8259525, 41.6902516], [26.8259525, 41.6883128], [26.8309092, 41.6872071], [26.8319392, 41.6910048], [26.8345141, 41.6924949], [26.8379795, 41.6903638], [26.8430328, 41.7038702], [26.8686211, 41.709493], [26.8828475, 41.7074987], [26.8844354, 41.708612], [26.8856692, 41.7081314], [26.8832874, 41.7063533], [26.9001746, 41.7023883], [26.9004965, 41.7009625], [26.9048309, 41.70061], [26.9068265, 41.6997849], [26.9063544, 41.6983671], [26.9113648, 41.6971013], [26.9178557, 41.6988237], [26.9183492, 41.688473], [26.9154095, 41.6821592], [26.9155597, 41.6768065], [26.9002819, 41.6631501], [26.9028783, 41.6566896], [26.9081482, 41.6552837], [26.9694936, 41.6684239], [26.970191, 41.6700348], [26.9684744, 41.6721425], [26.9703519, 41.6751877], [26.9702017, 41.6791624], [26.9732058, 41.6822794], [26.9727981, 41.6883128], [26.963228, 41.6936806], [26.9648802, 41.7012028], [26.9662964, 41.7016113], [26.9671823, 41.6987046], [26.9697082, 41.7041586], [26.9718432, 41.705264], [26.9708884, 41.7096452], [26.9733024, 41.7181025], [26.9763386, 41.7181906], [26.981703, 41.7226831], [26.9860268, 41.7217863], [26.9883656, 41.7335567], [26.9910863, 41.7351707], [26.9896316, 41.7375838], [26.9909191, 41.748751], [26.9890416, 41.7518727], [26.9887304, 41.7586038], [26.9975817, 41.7643739], [26.9993842, 41.768247], [27.0054889, 41.7712957], [27.0079458, 41.7763765], [27.0076346, 41.781353], [27.0103276, 41.781977], [27.0091515, 41.7857213], [27.0132149, 41.7929619], [26.99947, 41.8158815], [26.9921422, 41.823989], [26.9924319, 41.8259958], [26.9875395, 41.8270111], [26.9880223, 41.8297053], [26.9853023, 41.83918], [26.9839062, 41.8398085], [26.9848561, 41.8403421], [26.9637322, 41.8476262], [26.9615114, 41.8496721], [26.96105, 41.8537638], [26.9453001, 41.8621942], [26.9436264, 41.8635366], [26.944313, 41.8649907], [26.9347, 41.8661732], [26.9298828, 41.8645513], [26.9204092, 41.872389], [26.906966, 41.8790356], [26.9021594, 41.8762716], [26.9009578, 41.8722612], [26.8976211, 41.869441], [26.8979645, 41.8676034], [26.8938768, 41.8646392], [26.8897676, 41.8644314], [26.889317, 41.8666686], [26.8855619, 41.8657098], [26.8865061, 41.8620344], [26.888287, 41.8622102], [26.8877077, 41.8605482], [26.8761635, 41.8620983], [26.8729448, 41.8616988], [26.8699407, 41.8582788], [26.8673229, 41.8593336], [26.8646192, 41.85545], [26.8567872, 41.8518059], [26.8504012, 41.8425847], [26.8481719, 41.8432863], [26.8520236, 41.8495363], [26.8495774, 41.8522375], [26.8467772, 41.8485373], [26.8426895, 41.8499039], [26.8389451, 41.8460837], [26.8211353, 41.84578], [26.8176484, 41.8476821], [26.8096983, 41.8336144], [26.808722, 41.8327351], [26.8073273, 41.8345017], [26.8025315, 41.8318078], [26.80354, 41.8305287], [26.8009865, 41.8288659], [26.8013084, 41.8268912], [26.7954183, 41.8182803], [26.7965984, 41.8131628], [26.7948496, 41.8082128], [26.7844101, 41.8007425], [26.7883158, 41.7931125], [26.7852151, 41.7776247], [26.7830908, 41.7750484], [26.7828011, 41.7725359], [26.7843997, 41.7721679], [26.7815995, 41.7691832]]]}, "properties": {"id": "tr-22-suloglu", "name": "Süloğlu", "province": "edirne", "province_plate": "22", "osm_relation_id": 1834222, "bbox": [41.6552837, 26.7815995, 41.8790356, 27.0132149], "center": [41.774535456004074, 26.901570953848804]}}, {"type": "Feature", "geometry": {"type": "Polygon", "coordinates": [[[26.036337, 40.7298687], [26.0457207, 40.7207855], [26.0536884, 40.7094108], [26.0528782, 40.7061607], [26.0545144, 40.6988557], [26.0511097, 40.6982011], [26.0530284, 40.6972766], [26.0542591, 40.6983818], [26.0548228, 40.6956386], [26.0535528, 40.6968059], [26.0504508, 40.6952181], [26.0488028, 40.699222], [26.0497629, 40.6955362], [26.0509151, 40.6948102], [26.0528675, 40.6949878], [26.0579342, 40.6896199], [26.0640657, 40.6772065], [26.0649991, 40.668756], [26.063025, 40.660864], [26.0657313, 40.6502849], [26.0608068, 40.6398079], [26.0686684, 40.6250157], [26.0742849, 40.6186801], [26.0925802, 40.6060026], [26.1058171, 40.5996054], [26.121774, 40.5948765], [26.1223286, 40.59225], [26.1263018, 40.5912274], [26.1272815, 40.5915754], [26.1226709, 40.5923576], [26.1232453, 40.5942015], [26.1262951, 40.5938251], [26.1260327, 40.592144], [26.127249, 40.5936008], [26.1289635, 40.5936244], [26.128998, 40.5921787], [26.1292324, 40.5935913], [26.1315853, 40.5937803], [26.157789, 40.5895255], [26.175118, 40.5938786], [26.2147574, 40.5981271], [26.2443829, 40.5976782], [26.2798325, 40.5919707], [26.303039, 40.590796], [26.328604, 40.594028], [26.3428264, 40.5988406], [26.3477214, 40.6029612], [26.34457, 40.60457], [26.3439274, 40.6068013], [26.3462877, 40.607624], [26.3470709, 40.6097172], [26.3460302, 40.6154673], [26.3468671, 40.6200279], [26.3499677, 40.6217788], [26.3495171, 40.6272754], [26.3519847, 40.6285212], [26.3543343, 40.6329506], [26.359173, 40.6355805], [26.3621664, 40.643738], [26.371715, 40.6571364], [26.3702988, 40.6592851], [26.3732171, 40.6636148], [26.3709855, 40.6695067], [26.3664579, 40.6720293], [26.353476, 40.6747634], [26.352489, 40.6730546], [26.3488197, 40.6739334], [26.3503647, 40.6748936], [26.3485622, 40.6753004], [26.3468241, 40.6739985], [26.3432836, 40.6767813], [26.340065, 40.6756096], [26.3396358, 40.6778879], [26.3345289, 40.6828999], [26.3285315, 40.6846003], [26.3298082, 40.693248], [26.3317931, 40.6965913], [26.3438415, 40.6989014], [26.3459122, 40.7031635], [26.350075, 40.7049041], [26.3527894, 40.7101011], [26.3532829, 40.7144275], [26.3580251, 40.7234048], [26.3566732, 40.7266246], [26.352961, 40.7287873], [26.3533473, 40.7369172], [26.331439, 40.7350474], [26.3087153, 40.7456313], [26.3027501, 40.7627799], [26.3117194, 40.7668916], [26.3112044, 40.7686955], [26.3011408, 40.7691668], [26.2937164, 40.7919466], [26.2908625, 40.7919304], [26.287086, 40.7945783], [26.2783956, 40.7946596], [26.275649, 40.7986719], [26.273911, 40.7966414], [26.2724948, 40.7976648], [26.2695122, 40.7966089], [26.270864, 40.7929051], [26.2701129, 40.7877877], [26.2389135, 40.7794528], [26.2359524, 40.7805252], [26.2300622, 40.7790141], [26.2328195, 40.7839941], [26.2254059, 40.7803058], [26.2219512, 40.781825], [26.2134325, 40.7815326], [26.2112224, 40.7841809], [26.2028324, 40.7856513], [26.2022638, 40.7866911], [26.2053645, 40.7886163], [26.2048066, 40.7904033], [26.2030041, 40.7872353], [26.2006652, 40.7894529], [26.2002146, 40.7874628], [26.1912238, 40.7853507], [26.1915028, 40.782215], [26.1878228, 40.7775111], [26.1879623, 40.773725], [26.1756992, 40.7717588], [26.1714291, 40.7695812], [26.1684358, 40.7713769], [26.1604106, 40.7705887], [26.1634791, 40.7641532], [26.1610436, 40.762081], [26.1597133, 40.757969], [26.1565053, 40.7572213], [26.1547136, 40.7659653], [26.1465275, 40.7744481], [26.1358855, 40.7814553], [26.1344802, 40.779076], [26.1305867, 40.7787111], [26.129514, 40.7741967], [26.1268763, 40.771221], [26.1287123, 40.7639825], [26.1273873, 40.7589482], [26.1284691, 40.754886], [26.1244394, 40.7423677], [26.1113975, 40.7389279], [26.1047072, 40.7387418], [26.0972327, 40.7359247], [26.0882086, 40.7354352], [26.085595, 40.7313895], [26.0736331, 40.7274653], [26.0621505, 40.7292348], [26.036337, 40.7298687]]]}, "properties": {"id": "tr-22-enez", "name": "Enez", "province": "edirne", "province_plate": "22", "osm_relation_id": 1834460, "bbox": [40.5895255, 26.036337, 40.7986719, 26.3732171], "center": [40.68212822678204, 26.21127812386325]}}, {"type": "Feature", "geometry": {"type": "Polygon", "coordinates": [[[26.6632175, 41.5194629], [26.6635501, 41.5144261], [26.6707921, 41.497505], [26.6764784, 41.4909636], [26.6797292, 41.4895813], [26.6768968, 41.4861897], [26.6686785, 41.4816486], [26.6682279, 41.4784616], [26.6712749, 41.4752744], [26.6784954, 41.4719061], [26.6805875, 41.4656757], [26.6893422, 41.4664797], [26.6931724, 41.4644376], [26.7038798, 41.4626929], [26.7090833, 41.4661098], [26.7126667, 41.4626447], [26.7151236, 41.4601442], [26.7159176, 41.4549981], [26.713525, 41.4488867], [26.7134929, 41.4433698], [26.7198872, 41.435166], [26.7187607, 41.4290446], [26.7274082, 41.4298732], [26.7325687, 41.4321255], [26.7362487, 41.431297], [26.7363882, 41.4326322], [26.7391992, 41.4328735], [26.7437482, 41.4364449], [26.7497349, 41.4366942], [26.7544556, 41.43926], [26.7723191, 41.4369516], [26.7691862, 41.4457664], [26.7758918, 41.4498597], [26.7807412, 41.4507121], [26.7815888, 41.4542181], [26.7847323, 41.4557701], [26.790719, 41.4471496], [26.7943025, 41.4446164], [26.8014157, 41.4428631], [26.801008, 41.4413672], [26.8027782, 41.4400884], [26.8049776, 41.4425816], [26.8091941, 41.4391152], [26.8096876, 41.4417693], [26.8111575, 41.4419221], [26.8118977, 41.4396621], [26.8152563, 41.4381374], [26.8188071, 41.4463293], [26.8235171, 41.4440856], [26.8241072, 41.4420106], [26.8299115, 41.4391876], [26.8368423, 41.4326403], [26.8350291, 41.4297686], [26.8387198, 41.4302915], [26.840018, 41.4248052], [26.8479037, 41.4134048], [26.850425, 41.4141852], [26.8537617, 41.4112886], [26.8571412, 41.4111598], [26.8586326, 41.4080056], [26.8657565, 41.40671], [26.8707669, 41.4108138], [26.8729877, 41.4095586], [26.8757021, 41.4104196], [26.8751764, 41.4133645], [26.8787615, 41.4138816], [26.8795538, 41.4206781], [26.8783951, 41.4228664], [26.8818819, 41.4315946], [26.883502, 41.4411581], [26.8834269, 41.453414], [26.8883729, 41.4656275], [26.9136315, 41.4631114], [26.9142666, 41.4694548], [26.9175339, 41.4742052], [26.9176197, 41.4792292], [26.9158709, 41.4816566], [26.9198084, 41.4833767], [26.9226301, 41.4863665], [26.922158, 41.4880704], [26.9283163, 41.4937603], [26.9326508, 41.4957371], [26.9331014, 41.4973202], [26.930387, 41.497063], [26.9304299, 41.4989193], [26.9379401, 41.4976979], [26.9444525, 41.5014183], [26.9477248, 41.5004701], [26.9485509, 41.506874], [26.9515979, 41.5111], [26.9511366, 41.5136227], [26.9589794, 41.5148277], [26.9602346, 41.5198646], [26.9641936, 41.5191818], [26.9668329, 41.5221138], [26.9693327, 41.5222182], [26.9690752, 41.523391], [26.9720149, 41.5246039], [26.9705558, 41.5259453], [26.9729698, 41.5300897], [26.9796753, 41.5299853], [26.9815528, 41.5317683], [26.9821858, 41.5304753], [26.9844067, 41.5308046], [26.9842029, 41.5326357], [26.98997, 41.5363252], [26.9873618, 41.5366464], [26.9881725, 41.5378077], [26.9859087, 41.5389802], [26.9840741, 41.5384984], [26.9839668, 41.5414536], [26.9809627, 41.5393416], [26.9738066, 41.5457256], [26.9587219, 41.549925], [26.9590008, 41.5532249], [26.9638502, 41.5534417], [26.9634426, 41.5569823], [26.9659746, 41.563509], [26.9624233, 41.5653071], [26.9629061, 41.5668403], [26.9564474, 41.5686785], [26.9561148, 41.5712471], [26.9516516, 41.5750114], [26.9586575, 41.57892], [26.9589257, 41.5821543], [26.9629061, 41.5871217], [26.9867134, 41.5864075], [26.9912517, 41.5831494], [26.9927323, 41.5889994], [26.9967556, 41.5902111], [26.9958007, 41.5924498], [26.9986546, 41.5939021], [27.0012188, 41.5991174], [26.9998348, 41.601781], [27.0025062, 41.603185], [27.0052421, 41.6092016], [27.0021307, 41.6098674], [27.0006938, 41.6270871], [26.9979036, 41.6324608], [26.9869543, 41.6350374], [26.9786958, 41.6363525], [26.9767515, 41.634437], [26.9751477, 41.6352674], [26.9758129, 41.6365824], [26.9709849, 41.6375286], [26.9545913, 41.6360212], [26.9529498, 41.6300551], [26.9501817, 41.629181], [26.948154, 41.6256925], [26.9450211, 41.6133648], [26.9402146, 41.6057842], [26.9208491, 41.6033454], [26.9116974, 41.6055275], [26.9078565, 41.6096268], [26.9071698, 41.6125707], [26.8999708, 41.6167979], [26.9037259, 41.627136], [26.9026208, 41.6310254], [26.9056356, 41.6546214], [26.9081482, 41.6552837], [26.9028783, 41.6566896], [26.9002819, 41.6631501], [26.9155597, 41.6768065], [26.9154095, 41.6821592], [26.9183492, 41.688473], [26.9180435, 41.6985914], [26.9113648, 41.6971013], [26.9070196, 41.6981027], [26.9068265, 41.6997849], [26.9004965, 41.7009625], [26.9001746, 41.7023883], [26.8832874, 41.7063533], [26.8856692, 41.7081314], [26.8844354, 41.708612], [26.8828475, 41.7074987], [26.8686211, 41.709493], [26.8430328, 41.7038702], [26.8379795, 41.6903638], [26.8345141, 41.6924949], [26.8319392, 41.6910048], [26.8309092, 41.6872071], [26.8259525, 41.6883128], [26.8259525, 41.6902516], [26.8225407, 41.6913412], [26.8221974, 41.6970613], [26.8180561, 41.6982789], [26.819365, 41.7008584], [26.8077457, 41.7021801], [26.8075204, 41.6996728], [26.8053961, 41.6983751], [26.7899251, 41.6982469], [26.7762136, 41.6955072], [26.7558984, 41.6963534], [26.7586398, 41.6870469], [26.7503571, 41.6725432], [26.744252, 41.6690727], [26.7412805, 41.6578599], [26.7388773, 41.6542848], [26.7361951, 41.6370154], [26.7210567, 41.6202548], [26.7214107, 41.6169262], [26.7183208, 41.6114878], [26.7194366, 41.6097872], [26.7185032, 41.6063859], [26.7169261, 41.6062495], [26.7110789, 41.5927868], [26.7086971, 41.5917838], [26.7099845, 41.588534], [26.707356, 41.5879161], [26.7084396, 41.5868248], [26.7047274, 41.5837352], [26.7025173, 41.5785508], [26.701262, 41.5788077], [26.7031181, 41.5747305], [26.699363, 41.5731493], [26.700983, 41.5716002], [26.699202, 41.5687106], [26.701895, 41.5657968], [26.6992235, 41.5629631], [26.7018521, 41.5630675], [26.7016804, 41.5600169], [26.7036652, 41.560603], [26.7026675, 41.5593586], [26.7048776, 41.5596797], [26.7076671, 41.5568137], [26.7061329, 41.5534015], [26.7082679, 41.5530402], [26.7108965, 41.5494994], [26.7045128, 41.5453401], [26.700629, 41.5401045], [26.6898036, 41.5391167], [26.6789997, 41.5305475], [26.6698694, 41.5323787], [26.668582, 41.5258167], [26.6633677, 41.5223146], [26.6632175, 41.5194629]]]}, "properties": {"id": "tr-22-havsa", "name": "Havsa", "province": "edirne", "province_plate": "22", "osm_relation_id": 1834461, "bbox": [41.40671, 26.6632175, 41.709493, 27.0052421], "center": [41.56061456031038, 26.82668541042089]}}, {"type": "Feature", "geometry": {"type": "Polygon", "coordinates": [[[26.3029776, 41.1134885], [26.3067435, 41.1085916], [26.3142467, 41.1082811], [26.3260371, 41.1113995], [26.332322, 41.1106599], [26.3358406, 41.1076766], [26.3311686, 41.0960216], [26.3159595, 41.0878084], [26.3104849, 41.0803117], [26.3124342, 41.0715079], [26.3157089, 41.0655696], [26.3249494, 41.0578417], [26.3298362, 41.0508466], [26.3304219, 41.0466459], [26.3269089, 41.0433707], [26.3271914, 41.0414135], [26.3400252, 41.0399089], [26.3461509, 41.0300685], [26.3600924, 41.0262408], [26.3665656, 41.0204045], [26.3664241, 41.0171128], [26.3630753, 41.012522], [26.3589248, 41.0008655], [26.3496333, 40.9948318], [26.3460723, 40.9901504], [26.3511586, 40.9913824], [26.3694834, 41.0028322], [26.3719082, 41.0158992], [26.3753843, 41.0189105], [26.3746118, 41.0198333], [26.3770795, 41.0232492], [26.3750195, 41.0279599], [26.3841927, 41.0294168], [26.3817036, 41.0349606], [26.3735175, 41.0367734], [26.3747191, 41.0393468], [26.3805663, 41.0414184], [26.3740969, 41.0450921], [26.3709104, 41.052811], [26.3768756, 41.0531428], [26.3914454, 41.0603592], [26.3956082, 41.059979], [26.4026678, 41.0684404], [26.434468, 41.088554], [26.4394891, 41.0867184], [26.4426327, 41.0881658], [26.4457226, 41.0856914], [26.4449179, 41.083702], [26.4480078, 41.0826426], [26.4506364, 41.0841792], [26.4510119, 41.0882063], [26.4567411, 41.0894435], [26.4584362, 41.0884489], [26.4642513, 41.0938907], [26.4670086, 41.0943354], [26.4695835, 41.0926132], [26.4806771, 41.1009491], [26.4828873, 41.1076348], [26.480881, 41.1110704], [26.4811599, 41.1156212], [26.4824796, 41.1172782], [26.4900112, 41.1185633], [26.4930797, 41.1293688], [26.4972639, 41.1309608], [26.4955151, 41.1325447], [26.5027034, 41.1352517], [26.5093982, 41.1406816], [26.5045488, 41.145594], [26.500268, 41.1459737], [26.5050852, 41.1491407], [26.5092695, 41.1596907], [26.514709, 41.1637132], [26.5197301, 41.1645048], [26.520524, 41.1626309], [26.5282059, 41.1661524], [26.5291071, 41.1684785], [26.5344929, 41.1697222], [26.5363061, 41.1683654], [26.5397715, 41.1702068], [26.5396321, 41.1726377], [26.547389, 41.1737199], [26.5452111, 41.1774265], [26.5522384, 41.1819001], [26.5520561, 41.1831194], [26.5550601, 41.1830144], [26.5550494, 41.1843225], [26.5512568, 41.1856951], [26.554513, 41.1884242], [26.5571737, 41.1883031], [26.556251, 41.1894254], [26.5578818, 41.1901116], [26.5554142, 41.192784], [26.5529144, 41.1918959], [26.5525174, 41.1943179], [26.5571308, 41.1958922], [26.5573132, 41.1994685], [26.5602636, 41.2006148], [26.560843, 41.204223], [26.5630531, 41.2062249], [26.5662396, 41.2059666], [26.5667331, 41.2083316], [26.5697265, 41.2089773], [26.5673232, 41.2108579], [26.5726876, 41.2129725], [26.5751874, 41.2174437], [26.5900683, 41.2242386], [26.5902507, 41.2320333], [26.5805089, 41.2355914], [26.5731811, 41.2410695], [26.5706491, 41.2409485], [26.5689218, 41.2441915], [26.5643406, 41.2454177], [26.562463, 41.2514192], [26.5481937, 41.2585252], [26.5485263, 41.2613238], [26.5533864, 41.2663319], [26.5553284, 41.2657835], [26.5590835, 41.2692431], [26.5628493, 41.2702914], [26.5622485, 41.2720332], [26.5664005, 41.2739281], [26.568203, 41.2772824], [26.5494275, 41.2861591], [26.5453291, 41.29256], [26.54917, 41.3013057], [26.5470886, 41.3031111], [26.5449643, 41.3181409], [26.5431297, 41.3189064], [26.548376, 41.3311935], [26.5498085, 41.3398499], [26.5432937, 41.3422549], [26.5268982, 41.3363845], [26.5189471, 41.3397352], [26.5162286, 41.3357342], [26.5164691, 41.33092], [26.5137867, 41.3282734], [26.4984545, 41.3286547], [26.4908176, 41.3182247], [26.4900939, 41.3085623], [26.4882232, 41.3055493], [26.4839043, 41.3031146], [26.4741479, 41.3029433], [26.4644405, 41.2998979], [26.4649578, 41.2897577], [26.4623114, 41.2828068], [26.4552985, 41.2809628], [26.4463663, 41.2818136], [26.4414632, 41.2791772], [26.4353786, 41.278513], [26.4285221, 41.2716694], [26.4117336, 41.2621222], [26.4074099, 41.2541536], [26.3927436, 41.2497576], [26.3795402, 41.2523101], [26.3639267, 41.2515686], [26.3572025, 41.2494523], [26.3488544, 41.2580254], [26.3422866, 41.2595626], [26.3395071, 41.258939], [26.336246, 41.255402], [26.3273779, 41.2559157], [26.323744, 41.2539305], [26.3220948, 41.2481385], [26.3173386, 41.2424294], [26.3172679, 41.2373458], [26.3235223, 41.2255883], [26.32997, 41.2213447], [26.3310246, 41.2188258], [26.3240969, 41.2126235], [26.3192099, 41.2007882], [26.3195281, 41.1962614], [26.3231462, 41.1887547], [26.3215628, 41.1840838], [26.3111757, 41.1828698], [26.3076881, 41.1787322], [26.3066406, 41.1746324], [26.3132552, 41.1649153], [26.3147565, 41.1593234], [26.331756, 41.1523429], [26.3367846, 41.1434189], [26.3335744, 41.1383345], [26.3211311, 41.1347175], [26.3225235, 41.1240862], [26.3072602, 41.1193895], [26.303597, 41.1162894], [26.3029776, 41.1134885]]]}, "properties": {"id": "tr-22-meric", "name": "Meriç", "province": "edirne", "province_plate": "22", "osm_relation_id": 1834584, "bbox": [40.9901504, 26.3029776, 41.3422549, 26.5902507], "center": [41.18469693576582, 26.434136421606617]}}, {"type": "Feature", "geometry": {"type": "Polygon", "coordinates": [[[26.4648306, 41.086217], [26.464895, 41.0815994], [26.4948177, 41.0831279], [26.4942169, 41.0813972], [26.5007722, 41.0803621], [26.5141189, 41.0864515], [26.5152347, 41.0839527], [26.5124774, 41.0781057], [26.5173268, 41.0748059], [26.5316498, 41.077208], [26.5430975, 41.074636], [26.548419, 41.0768845], [26.5514982, 41.0554809], [26.5567124, 41.0548013], [26.5588152, 41.0517673], [26.5570664, 41.0470502], [26.556412, 41.0483125], [26.5532684, 41.0479969], [26.5554786, 41.0455452], [26.5540945, 41.0405202], [26.5603924, 41.0388855], [26.5591907, 41.0360612], [26.5604246, 41.0344022], [26.5619481, 41.0344912], [26.5615082, 41.037437], [26.5666366, 41.0375827], [26.5669584, 41.0394682], [26.5677416, 41.0375017], [26.5889096, 41.041823], [26.5926218, 41.0341109], [26.5920424, 41.0275633], [26.5965378, 41.0274743], [26.5982544, 41.0241234], [26.6007006, 41.0225126], [26.6019452, 41.0222293], [26.6024816, 41.0251109], [26.6006362, 41.026673], [26.6017252, 41.0278223], [26.5988928, 41.0307239], [26.60331, 41.03333], [26.598351, 41.0336981], [26.6025138, 41.0364659], [26.6015053, 41.0394115], [26.6121483, 41.0421872], [26.6097987, 41.0454562], [26.6113436, 41.0458851], [26.6109466, 41.0498579], [26.6076529, 41.0521476], [26.6036725, 41.0526492], [26.602149, 41.0498255], [26.5982008, 41.0511686], [26.5985441, 41.0523984], [26.596806, 41.0519939], [26.5979165, 41.0526775], [26.6006684, 41.0521395], [26.6051745, 41.0537131], [26.6075778, 41.053256], [26.6144228, 41.0582073], [26.6165149, 41.057463], [26.6182423, 41.0529324], [26.6158926, 41.0498174], [26.6216969, 41.0512172], [26.6241002, 41.0534583], [26.6255003, 41.053794], [26.6294539, 41.0472363], [26.6353547, 41.0441373], [26.6336489, 41.0397838], [26.6350865, 41.0326379], [26.6429937, 41.0353005], [26.6559005, 41.0327189], [26.6576064, 41.0382301], [26.6679168, 41.0353572], [26.6702557, 41.033164], [26.6687429, 41.0296191], [26.6733885, 41.0308089], [26.6790855, 41.0352681], [26.6979283, 41.0417699], [26.6973567, 41.0448493], [26.6933334, 41.0479484], [26.6964662, 41.0523822], [26.7010045, 41.0649864], [26.7051458, 41.0680925], [26.7048669, 41.0698235], [26.7069053, 41.0699529], [26.707356, 41.0753397], [26.7109608, 41.0737706], [26.7144692, 41.0696294], [26.7206919, 41.0672675], [26.725316, 41.0715706], [26.7278802, 41.0700662], [26.7321825, 41.0714008], [26.7339635, 41.0742397], [26.744982, 41.0751618], [26.7499709, 41.0700095], [26.7559469, 41.0706081], [26.7575133, 41.0650025], [26.7644977, 41.0589192], [26.7683279, 41.0597444], [26.77145, 41.0629074], [26.7716217, 41.0655122], [26.7795718, 41.0625191], [26.7834878, 41.0586927], [26.7838955, 41.059801], [26.7863738, 41.0588949], [26.7886484, 41.0626243], [26.7937733, 41.0609828], [26.7976928, 41.0627295], [26.7979181, 41.0644363], [26.7943132, 41.0636355], [26.7968774, 41.069233], [26.7962551, 41.0730912], [26.8020809, 41.0757036], [26.8076813, 41.0828933], [26.8067694, 41.0863545], [26.8130082, 41.1000516], [26.814222, 41.0997959], [26.8132764, 41.1084391], [26.8179756, 41.1124648], [26.8280339, 41.1114745], [26.8329155, 41.1093324], [26.8414718, 41.1110784], [26.8458223, 41.1157586], [26.8633103, 41.1256029], [26.8920908, 41.1382842], [26.8906903, 41.1414169], [26.8917847, 41.1445437], [26.8992734, 41.1524367], [26.9407457, 41.1717372], [26.950627, 41.1793202], [26.9483364, 41.1862321], [26.9449568, 41.1904104], [26.9466769, 41.1948289], [26.9423175, 41.1969336], [26.944356, 41.2002676], [26.9356441, 41.203545], [26.9301188, 41.2077827], [26.9343996, 41.2134245], [26.9309235, 41.2211156], [26.9325864, 41.2209865], [26.9397318, 41.2274583], [26.9605994, 41.2295804], [26.9630992, 41.2312708], [26.961962, 41.2316702], [26.961962, 41.2379473], [26.9579708, 41.2439576], [26.9539475, 41.2560249], [26.9351184, 41.2658481], [26.9306874, 41.2721783], [26.9321144, 41.2748876], [26.9281341, 41.2772785], [26.9233704, 41.2776291], [26.9266856, 41.2850869], [26.9227803, 41.2885857], [26.927619, 41.2944301], [26.9244732, 41.3000912], [26.9277584, 41.3056902], [26.9342289, 41.3103183], [26.9267285, 41.3144261], [26.9193149, 41.3162956], [26.9176626, 41.3273988], [26.9150019, 41.3309035], [26.9209102, 41.3353172], [26.9088006, 41.3387096], [26.9062579, 41.3380813], [26.9058394, 41.3393782], [26.9084573, 41.3413034], [26.9064295, 41.3420928], [26.9032645, 41.3401515], [26.8992519, 41.3422136], [26.8984258, 41.3394749], [26.8943488, 41.3405543], [26.8967843, 41.3422942], [26.895411, 41.342713], [26.896323, 41.3438971], [26.8938553, 41.3438729], [26.8956256, 41.3483673], [26.903919, 41.3552614], [26.9061118, 41.3598523], [26.9027495, 41.3704885], [26.9046378, 41.376712], [26.8935549, 41.378314], [26.8907332, 41.3853578], [26.8787384, 41.3946706], [26.8795109, 41.3979784], [26.8834162, 41.3991856], [26.8784809, 41.4062513], [26.8707991, 41.4035555], [26.8686797, 41.4060799], [26.8718612, 41.4069675], [26.8697476, 41.4103954], [26.8653917, 41.4067502], [26.8586326, 41.4080056], [26.8571412, 41.4111598], [26.8537617, 41.4112886], [26.850425, 41.4141852], [26.8479037, 41.4134048], [26.840018, 41.4248052], [26.8387198, 41.4302915], [26.8350291, 41.4297686], [26.8368423, 41.4326403], [26.8299115, 41.4391876], [26.8241072, 41.4420106], [26.8235171, 41.4440856], [26.8188071, 41.4463293], [26.8152563, 41.4381374], [26.8118977, 41.4396621], [26.8111575, 41.4419221], [26.8096876, 41.4417693], [26.8091941, 41.4391152], [26.8049776, 41.4425816], [26.8027782, 41.4400884], [26.801008, 41.4413672], [26.8014157, 41.4428631], [26.7943025, 41.4446164], [26.790719, 41.4471496], [26.7847323, 41.4557701], [26.7815888, 41.4542181], [26.7807412, 41.4507121], [26.7758918, 41.4498597], [26.7691862, 41.4457664], [26.7723191, 41.4369516], [26.7544556, 41.43926], [26.7497349, 41.4366942], [26.7437482, 41.4364449], [26.7391992, 41.4328735], [26.7363882, 41.4326322], [26.7362487, 41.431297], [26.7325687, 41.4321255], [26.7274082, 41.4298732], [26.7187607, 41.4290446], [26.7198872, 41.435166], [26.7134178, 41.4439408], [26.713525, 41.4488867], [26.7158532, 41.4541136], [26.7151236, 41.4601442], [26.7090833, 41.4661098], [26.7038798, 41.4626929], [26.6931724, 41.4644376], [26.6893422, 41.4664797], [26.6805875, 41.4656757], [26.6672945, 41.4600879], [26.66134, 41.4551348], [26.6594732, 41.4522882], [26.660471, 41.4484444], [26.6575282, 41.4411625], [26.611136, 41.4348424], [26.6138623, 41.4233706], [26.6254917, 41.4210194], [26.6290247, 41.4188337], [26.6301434, 41.4008598], [26.6355754, 41.3850899], [26.6333084, 41.3789267], [26.6322552, 41.364253], [26.6260424, 41.3449992], [26.6159636, 41.335564], [26.6089211, 41.3344769], [26.5983617, 41.3271813], [26.5838115, 41.3221488], [26.5692209, 41.3246941], [26.5633294, 41.3300293], [26.5601944, 41.3352916], [26.5498085, 41.3398499], [26.548376, 41.3311935], [26.5431297, 41.3189064], [26.5449643, 41.3181409], [26.5470886, 41.3031111], [26.54917, 41.3013057], [26.5453291, 41.29256], [26.5488803, 41.2865703], [26.568203, 41.2772824], [26.5664005, 41.2739281], [26.5622485, 41.2720332], [26.5628493, 41.2702914], [26.5590835, 41.2692431], [26.5553284, 41.2657835], [26.5533864, 41.2663319], [26.5485263, 41.2613238], [26.5481937, 41.2585252], [26.562463, 41.2514192], [26.5643406, 41.2454177], [26.5689218, 41.2441915], [26.5706491, 41.2409485], [26.5731811, 41.2410695], [26.5805089, 41.2355914], [26.5902507, 41.2320333], [26.5902614, 41.2246098], [26.5751874, 41.2174437], [26.5726876, 41.2129725], [26.5673232, 41.2108579], [26.5697265, 41.2089773], [26.5667331, 41.2083316], [26.5662396, 41.2059666], [26.5630531, 41.2062249], [26.560843, 41.204223], [26.5602636, 41.2006148], [26.5573132, 41.1994685], [26.5571308, 41.1958922], [26.5525174, 41.1943179], [26.5529144, 41.1918959], [26.5554142, 41.192784], [26.5578818, 41.1901116], [26.556251, 41.1894254], [26.5571737, 41.1883031], [26.554513, 41.1884242], [26.5512568, 41.1856951], [26.5550494, 41.1843225], [26.5550601, 41.1830144], [26.5520561, 41.1831194], [26.5522384, 41.1819001], [26.5452111, 41.1774265], [26.547389, 41.1737199], [26.5396321, 41.1726377], [26.5397715, 41.1702068], [26.5363061, 41.1683654], [26.5344929, 41.1697222], [26.5291071, 41.1684785], [26.5282059, 41.1661524], [26.520524, 41.1626309], [26.5197301, 41.1645048], [26.514709, 41.1637132], [26.5092695, 41.1596907], [26.5050852, 41.1491407], [26.500268, 41.1459737], [26.5045488, 41.145594], [26.5093982, 41.1406816], [26.5027034, 41.1352517], [26.4955151, 41.1325447], [26.4972639, 41.1309608], [26.4930797, 41.1293688], [26.4900112, 41.1185633], [26.4824796, 41.1172782], [26.4806664, 41.1143118], [26.4828873, 41.1076348], [26.4808166, 41.1011269], [26.4656246, 41.0894354], [26.4648306, 41.086217]]]}, "properties": {"id": "tr-22-uzunkopru", "name": "Uzunköprü", "province": "edirne", "province_plate": "22", "osm_relation_id": 1834585, "bbox": [41.0222293, 26.4648306, 41.4664797, 26.9630992], "center": [41.238178585022986, 26.726125842383635]}}, {"type": "Feature", "geometry": {"type": "Polygon", "coordinates": [[[26.1358855, 40.7814553], [26.1465275, 40.7744481], [26.1547136, 40.7659653], [26.1565053, 40.7572213], [26.1597133, 40.757969], [26.1610436, 40.762081], [26.1634791, 40.7641532], [26.1604106, 40.7705887], [26.1684358, 40.7713769], [26.1714291, 40.7695812], [26.1756992, 40.7717588], [26.1879623, 40.773725], [26.1878228, 40.7775111], [26.1915028, 40.782215], [26.1912238, 40.7853507], [26.2002146, 40.7874628], [26.2006652, 40.7894529], [26.2030041, 40.7872353], [26.2048066, 40.7904033], [26.2053645, 40.7886163], [26.2022638, 40.7866911], [26.2028324, 40.7856513], [26.2112224, 40.7841809], [26.2134325, 40.7815326], [26.2219512, 40.781825], [26.2254059, 40.7803058], [26.2328195, 40.7839941], [26.2300622, 40.7790141], [26.2359524, 40.7805252], [26.2389135, 40.7794528], [26.2701129, 40.7877877], [26.270864, 40.7929051], [26.2695122, 40.7966089], [26.2724948, 40.7976648], [26.273911, 40.7966414], [26.275649, 40.7986719], [26.2783956, 40.7946596], [26.287086, 40.7945783], [26.2908625, 40.7919304], [26.2937164, 40.7919466], [26.3011408, 40.7691668], [26.3112044, 40.7686955], [26.3117194, 40.7668916], [26.3027501, 40.7627799], [26.3087153, 40.7456313], [26.331439, 40.7350474], [26.4013266, 40.74251], [26.4011764, 40.7479235], [26.4042878, 40.7547344], [26.4126563, 40.7542305], [26.4128065, 40.7553521], [26.4208639, 40.7538323], [26.458168, 40.7633081], [26.4552927, 40.7704668], [26.4499497, 40.7772267], [26.4581895, 40.7921578], [26.4615154, 40.7953418], [26.4621806, 40.7991267], [26.4703238, 40.801084], [26.4692187, 40.8073454], [26.4712357, 40.807857], [26.4713216, 40.8106099], [26.4678454, 40.8176093], [26.4639938, 40.8202156], [26.4663756, 40.8239341], [26.471534, 40.8269931], [26.4665151, 40.8307697], [26.4681351, 40.8321092], [26.4677381, 40.8344551], [26.4763319, 40.8400235], [26.4773404, 40.8419958], [26.4763427, 40.843124], [26.4789283, 40.8460134], [26.4810419, 40.8471983], [26.4832735, 40.8462569], [26.4855266, 40.8481317], [26.4858055, 40.8516051], [26.494292, 40.859793], [26.4911699, 40.8635052], [26.4947587, 40.8645519], [26.4969903, 40.8718904], [26.50442, 40.8772487], [26.5054607, 40.8807248], [26.5177238, 40.8766444], [26.5357734, 40.8963607], [26.5321541, 40.8991765], [26.5243113, 40.9015688], [26.525985, 40.9047313], [26.5245688, 40.9051773], [26.5254056, 40.9075693], [26.527369, 40.9072612], [26.5304696, 40.9130991], [26.5154922, 40.9236789], [26.5117264, 40.928186], [26.5086579, 40.929029], [26.5107393, 40.9328063], [26.5174073, 40.9371911], [26.5268058, 40.9375396], [26.5284258, 40.9428157], [26.5316874, 40.9446229], [26.5356785, 40.9441285], [26.5361613, 40.9492744], [26.5430331, 40.9545009], [26.5514284, 40.9520822], [26.553719, 40.9491204], [26.5575707, 40.9499875], [26.5667224, 40.9574421], [26.5696942, 40.9578959], [26.5697479, 40.9563483], [26.5741789, 40.9548209], [26.58048, 40.95585], [26.5872788, 40.9545252], [26.5929544, 40.9584508], [26.5944403, 40.9626234], [26.5930349, 40.9627165], [26.5932172, 40.9647784], [26.5961838, 40.971478], [26.5947676, 40.9737178], [26.6022992, 40.9923865], [26.6004324, 40.9936822], [26.6007864, 40.9965245], [26.5991825, 40.9969618], [26.6008615, 41.0002736], [26.5992844, 41.0017189], [26.5937483, 41.0015003], [26.5934157, 41.002897], [26.5904599, 41.0009375], [26.5865922, 41.0032209], [26.585353, 41.0058361], [26.5836525, 41.0050183], [26.58023, 41.0081435], [26.578272, 41.0068926], [26.5762174, 41.0081354], [26.5804768, 41.0181658], [26.5766787, 41.0162877], [26.574533, 41.0211042], [26.5753055, 41.0271344], [26.572237, 41.0281299], [26.572355, 41.0310355], [26.5757453, 41.0330992], [26.5811849, 41.0408358], [26.5677416, 41.0375017], [26.5669584, 41.0394682], [26.5666366, 41.0375827], [26.5615082, 41.037437], [26.5619481, 41.0344912], [26.5604246, 41.0344022], [26.5591907, 41.0360612], [26.5603924, 41.0388855], [26.5540945, 41.0405202], [26.5554786, 41.0455452], [26.5532684, 41.0479969], [26.556412, 41.0483125], [26.5570664, 41.0470502], [26.5588152, 41.0517673], [26.5567124, 41.0548013], [26.5514982, 41.0554809], [26.548419, 41.0768845], [26.5430975, 41.074636], [26.5316498, 41.077208], [26.5173268, 41.0748059], [26.5124774, 41.0781057], [26.5152347, 41.0839527], [26.5141189, 41.0864515], [26.5017486, 41.0804106], [26.4942169, 41.0813972], [26.4948177, 41.0831279], [26.464895, 41.0815994], [26.465292, 41.0889906], [26.4695835, 41.0926132], [26.4670086, 41.0943354], [26.4621055, 41.0931872], [26.4584362, 41.0884489], [26.4567411, 41.0894435], [26.4510119, 41.0882063], [26.4506364, 41.0841792], [26.4480078, 41.0826426], [26.4449179, 41.083702], [26.4457226, 41.0856914], [26.4426327, 41.0881658], [26.4394891, 41.0867184], [26.434468, 41.088554], [26.4026678, 41.0684404], [26.3956082, 41.059979], [26.3914454, 41.0603592], [26.3768756, 41.0531428], [26.3714683, 41.053167], [26.3708246, 41.0508045], [26.3740969, 41.0450921], [26.3805663, 41.0414184], [26.3747191, 41.0393468], [26.3735175, 41.0367734], [26.3817036, 41.0349606], [26.3842785, 41.0297729], [26.3750195, 41.0279599], [26.3770795, 41.0232492], [26.3746118, 41.0198333], [26.3753843, 41.0189105], [26.3719082, 41.0158992], [26.3694834, 41.0028322], [26.3505363, 40.9911718], [26.3439027, 40.989385], [26.32893, 40.9913277], [26.3254612, 40.9845786], [26.3257066, 40.979118], [26.3271634, 40.9773717], [26.3486781, 40.9640015], [26.352876, 40.9551785], [26.3592706, 40.9490789], [26.3590086, 40.9452656], [26.3523923, 40.9423769], [26.3273344, 40.9440049], [26.315009, 40.937647], [26.303879, 40.9274223], [26.2985305, 40.9284636], [26.2925157, 40.9331224], [26.2853617, 40.9307247], [26.2851048, 40.922686], [26.3017903, 40.9038771], [26.2980287, 40.8976087], [26.2926399, 40.894032], [26.2812235, 40.8929614], [26.2759499, 40.8940745], [26.2650304, 40.9025663], [26.263181, 40.9072204], [26.2636638, 40.9133141], [26.2615824, 40.9152405], [26.2564066, 40.9107256], [26.2532824, 40.9048932], [26.2498423, 40.8814893], [26.2337923, 40.8862046], [26.2268824, 40.8825074], [26.2246037, 40.8866616], [26.2298233, 40.8870388], [26.2292071, 40.8917128], [26.2226255, 40.8902921], [26.2207523, 40.884739], [26.2242466, 40.8743797], [26.222981, 40.866562], [26.2181566, 40.8653147], [26.2069846, 40.8666116], [26.2052611, 40.864238], [26.2069893, 40.8603922], [26.2097025, 40.8587421], [26.2133522, 40.8592539], [26.2147215, 40.8534399], [26.2058364, 40.855108], [26.2042215, 40.8508331], [26.2044809, 40.8472017], [26.2060639, 40.8458452], [26.2087485, 40.8458955], [26.2103206, 40.8478068], [26.2160812, 40.8469445], [26.217529, 40.8442322], [26.2164376, 40.841151], [26.213155, 40.8397357], [26.2191123, 40.8365459], [26.2199813, 40.8341188], [26.2146813, 40.8340539], [26.2105861, 40.8368703], [26.208598, 40.8319758], [26.2095636, 40.8278193], [26.2079865, 40.8266503], [26.2059802, 40.8270156], [26.2026114, 40.8314887], [26.2011844, 40.8311883], [26.1998326, 40.8263012], [26.2046391, 40.8222418], [26.2030083, 40.8202283], [26.1994571, 40.820277], [26.1971826, 40.8250104], [26.1935627, 40.8255091], [26.1875111, 40.8212461], [26.1809564, 40.8202927], [26.1803136, 40.8125143], [26.1783017, 40.8129999], [26.1766583, 40.8175895], [26.1744106, 40.8175753], [26.1694374, 40.8142864], [26.1641233, 40.807486], [26.1566544, 40.8090046], [26.153285, 40.8034759], [26.1414377, 40.7931152], [26.1414193, 40.78641], [26.1367955, 40.7839259], [26.1358855, 40.7814553]]]}, "properties": {"id": "tr-22-ipsala", "name": "İpsala", "province": "edirne", "province_plate": "22", "osm_relation_id": 1834586, "bbox": [40.7350474, 26.1358855, 41.0943354, 26.6022992], "center": [40.90559698894821, 26.39782134006353]}}, {"type": "Feature", "geometry": {"type": "Polygon", "coordinates": [[[26.8602312, 41.1227823], [26.8626237, 41.1136409], [26.867795, 41.1121455], [26.865381, 41.1093405], [26.8665612, 41.1088959], [26.8646085, 41.1053793], [26.8650699, 41.1005529], [26.8709063, 41.0943031], [26.8760776, 41.0925242], [26.875112, 41.0905674], [26.8828797, 41.0940767], [26.8869245, 41.0928476], [26.8927503, 41.0941333], [26.8964624, 41.0973512], [26.8995094, 41.0948205], [26.9027173, 41.0985478], [26.9080388, 41.0956614], [26.9120085, 41.0968095], [26.9225156, 41.088986], [26.9309327, 41.078412], [26.9446495, 41.0685414], [26.962419, 41.080762], [26.9686539, 41.0727718], [26.9861117, 41.0680713], [26.9942171, 41.0640756], [26.9942171, 41.0537327], [26.9970228, 41.0457393], [26.9917231, 41.0377449], [26.9711479, 41.0245756], [26.9776945, 41.0128151], [26.9733301, 41.0022288], [26.9773828, 40.9956409], [26.9829942, 40.9916408], [26.9892291, 40.9906996], [26.9923466, 40.9991702], [27.0001402, 41.0064635], [27.0020107, 41.0146969], [27.0116748, 41.02387], [27.0213389, 41.0278682], [27.0285091, 41.0241052], [27.0447199, 41.0233997], [27.0590601, 41.0146969], [27.0593719, 41.0076398], [27.0546957, 41.0005819], [27.0599954, 40.9946998], [27.0584367, 40.9881111], [27.0696595, 40.9739904], [27.0817174, 40.9750173], [27.08691, 40.9766743], [27.0904291, 40.9802545], [27.0955955, 40.9800636], [27.0946991, 40.9846443], [27.0981274, 40.9861779], [27.0976281, 40.9881227], [27.1050203, 40.9923096], [27.1113718, 40.9921962], [27.1168166, 40.9951074], [27.1194988, 40.9997189], [27.1225512, 40.9999375], [27.1239245, 41.0020023], [27.1223956, 41.0029051], [27.1243751, 41.004569], [27.1299273, 41.0082042], [27.1380061, 41.0104144], [27.1761739, 41.0348959], [27.1758735, 41.036563], [27.1825361, 41.043935], [27.1805942, 41.0472363], [27.1992087, 41.0437003], [27.2046375, 41.0478351], [27.2087574, 41.0471231], [27.2121048, 41.0428021], [27.2255373, 41.0435142], [27.2283268, 41.0470421], [27.2218466, 41.0600356], [27.2101307, 41.0720559], [27.2063327, 41.0734147], [27.1939301, 41.0848342], [27.2086286, 41.090058], [27.2138858, 41.0954755], [27.2156667, 41.0946184], [27.2173619, 41.0977232], [27.2248721, 41.0986206], [27.224915, 41.1016848], [27.2271037, 41.1037867], [27.2263527, 41.105727], [27.2282302, 41.1042314], [27.2287774, 41.1004478], [27.2303975, 41.1003912], [27.2554493, 41.115888], [27.2573697, 41.1157505], [27.2593546, 41.1120323], [27.2652554, 41.1088797], [27.2783768, 41.1043284], [27.2818851, 41.1045952], [27.2866058, 41.1091384], [27.2841382, 41.1103186], [27.2862196, 41.1128568], [27.2824216, 41.1138915], [27.2908115, 41.1176096], [27.2882795, 41.1190645], [27.290597, 41.129183], [27.3008323, 41.1323023], [27.2958506, 41.1344168], [27.299341, 41.1377486], [27.3006329, 41.1450609], [27.3067571, 41.1518786], [27.3093831, 41.1495365], [27.3159999, 41.155613], [27.3190059, 41.1606521], [27.3282005, 41.1580064], [27.3303496, 41.1598302], [27.3248434, 41.1638667], [27.3250602, 41.1679974], [27.321909, 41.1713526], [27.3137712, 41.1760941], [27.3037505, 41.1852753], [27.2998465, 41.1781038], [27.2954678, 41.1829418], [27.2952533, 41.18601], [27.2878933, 41.1886906], [27.2808123, 41.1940919], [27.2729051, 41.1946812], [27.2747719, 41.1977248], [27.2803724, 41.1975956], [27.2815633, 41.2036741], [27.2846103, 41.2035208], [27.2886336, 41.2075083], [27.3002207, 41.2109709], [27.3059606, 41.2145706], [27.3088252, 41.2121977], [27.3158741, 41.215652], [27.3210561, 41.2139652], [27.3219681, 41.2119314], [27.3170972, 41.2090096], [27.32126, 41.206798], [27.3244142, 41.2083316], [27.3336089, 41.2042957], [27.3405182, 41.2058616], [27.3464727, 41.2081217], [27.3470843, 41.2099539], [27.345196, 41.2118103], [27.3496807, 41.213828], [27.3478997, 41.2160878], [27.36648, 41.2251765], [27.3583007, 41.2288587], [27.3565418, 41.2280665], [27.3388918, 41.2404722], [27.3400776, 41.2408048], [27.3361838, 41.2422715], [27.3401916, 41.2421903], [27.3413184, 41.243434], [27.3399501, 41.2440174], [27.340539, 41.2475186], [27.3432063, 41.2482096], [27.335549, 41.2538622], [27.3192332, 41.2588578], [27.3105262, 41.2634873], [27.3065942, 41.2631655], [27.3007573, 41.269021], [27.2986604, 41.2685952], [27.2959436, 41.2721601], [27.2915547, 41.273437], [27.2885108, 41.2774271], [27.274005, 41.2861187], [27.2663645, 41.2957425], [27.2586197, 41.31194], [27.2487545, 41.312617], [27.2428958, 41.3209106], [27.2361525, 41.319502], [27.2332864, 41.3203753], [27.2347413, 41.32114], [27.2328043, 41.3257413], [27.2282304, 41.3248887], [27.2230948, 41.3271816], [27.2203018, 41.3290167], [27.220098, 41.3309622], [27.2141012, 41.3319061], [27.2094726, 41.3374511], [27.2037627, 41.3401243], [27.1998017, 41.340043], [27.194193, 41.345005], [27.1904603, 41.3424263], [27.1857803, 41.3521033], [27.1803942, 41.3526455], [27.1739527, 41.3556806], [27.1619459, 41.3563384], [27.1616306, 41.3514055], [27.1761536, 41.3526696], [27.1810877, 41.3516131], [27.1807192, 41.3446181], [27.1774222, 41.3402087], [27.1806112, 41.3354524], [27.1860337, 41.3354471], [27.1874783, 41.3336951], [27.1824719, 41.3304924], [27.1834022, 41.3286852], [27.1773107, 41.3295908], [27.1734273, 41.3226774], [27.1742535, 41.319132], [27.1737063, 41.3190676], [27.1729514, 41.3259422], [27.1693818, 41.3267802], [27.1674943, 41.3182054], [27.1700907, 41.3145147], [27.1757941, 41.3113432], [27.1741427, 41.3096135], [27.1712123, 41.3127045], [27.1662295, 41.3107235], [27.1672239, 41.3091776], [27.1642346, 41.3079052], [27.1646726, 41.3055048], [27.1527851, 41.3030869], [27.1472382, 41.299476], [27.1380544, 41.3081402], [27.136606, 41.3114928], [27.1333766, 41.3125485], [27.1323252, 41.3160458], [27.1275807, 41.3183092], [27.1296497, 41.3211308], [27.127583, 41.3230883], [27.1289367, 41.3259364], [27.127064, 41.3330119], [27.1195887, 41.330159], [27.1181095, 41.327987], [27.1161685, 41.3206296], [27.1136892, 41.3179959], [27.1143436, 41.3147742], [27.1200728, 41.3127258], [27.1222788, 41.308679], [27.1187225, 41.3000497], [27.121368, 41.2939571], [27.1203425, 41.2895814], [27.1232057, 41.2861753], [27.1241883, 41.2802586], [27.1259415, 41.2810316], [27.1269852, 41.2791994], [27.1323198, 41.2784515], [27.1311128, 41.2762906], [27.1241581, 41.2756515], [27.1223205, 41.2720368], [27.1223083, 41.2667729], [27.1186451, 41.263073], [27.1106391, 41.2593853], [27.1100885, 41.2687295], [27.1005249, 41.2693479], [27.0986795, 41.2736862], [27.0912981, 41.2755488], [27.0887339, 41.2727669], [27.0736337, 41.2716036], [27.0707633, 41.2679491], [27.062055, 41.2689443], [27.0621586, 41.2742506], [27.0557785, 41.2837366], [27.0585257, 41.2855503], [27.0566547, 41.2867477], [27.059176, 41.2898756], [27.0648819, 41.2898088], [27.0683706, 41.2876022], [27.0775759, 41.2875055], [27.0850646, 41.2882471], [27.0889699, 41.2905124], [27.1050739, 41.2863526], [27.1052563, 41.2959456], [27.111094, 41.3036282], [27.1075884, 41.3046495], [27.1081636, 41.3108036], [27.1036148, 41.3118715], [27.104069, 41.3143314], [27.102735, 41.3153528], [27.1005571, 41.3140474], [27.1002889, 41.3166502], [27.0984435, 41.3178992], [27.1026385, 41.3235637], [27.0988083, 41.3263273], [27.0936384, 41.3235243], [27.0901547, 41.3274775], [27.0821035, 41.3252557], [27.0811486, 41.3288652], [27.0841205, 41.3332236], [27.0824944, 41.3393112], [27.0799804, 41.3411987], [27.0744753, 41.3411262], [27.072823, 41.3430594], [27.0762026, 41.3428258], [27.0762958, 41.344097], [27.0721257, 41.346684], [27.0712137, 41.3453147], [27.0704198, 41.3478519], [27.0683384, 41.3455], [27.0702052, 41.3436152], [27.0688104, 41.3425519], [27.0652914, 41.345645], [27.0642829, 41.3451617], [27.0658089, 41.3430735], [27.0602059, 41.3421653], [27.0589399, 41.3406348], [27.0569551, 41.3413517], [27.0592403, 41.3438407], [27.0570409, 41.3441548], [27.0563543, 41.3423989], [27.0541549, 41.3429708], [27.0536291, 41.3416659], [27.0513332, 41.3446301], [27.0483076, 41.3427614], [27.0496917, 41.3411504], [27.0451212, 41.3415128], [27.045722, 41.3441146], [27.0426643, 41.3426003], [27.043705, 41.3410537], [27.0401215, 41.3417545], [27.0406794, 41.3434218], [27.0386517, 41.3406268], [27.0359802, 41.3404496], [27.0349824, 41.3410698], [27.0367849, 41.341827], [27.0333195, 41.343446], [27.0286739, 41.3431641], [27.028234, 41.3453872], [27.0262062, 41.3452019], [27.0279336, 41.3457335], [27.0271611, 41.3470464], [27.0230091, 41.3439655], [27.0217431, 41.3460034], [27.0227462, 41.3478237], [27.017414, 41.3461846], [27.0180309, 41.344469], [27.0146227, 41.3477675], [27.0087498, 41.3472448], [27.00683, 41.3535379], [27.0079243, 41.3539567], [27.0047593, 41.3538601], [27.0058, 41.3555191], [27.0036864, 41.3561875], [27.004416, 41.3579672], [27.0017552, 41.3577498], [27.0005107, 41.3591913], [27.0044696, 41.3603831], [27.0011437, 41.3624285], [26.9964766, 41.3613333], [26.9949531, 41.3644818], [26.9897818, 41.3638618], [26.9904148, 41.3625492], [26.9860375, 41.3613414], [26.9862628, 41.3597067], [26.9819176, 41.3615346], [26.9808018, 41.3605925], [26.9810808, 41.3620902], [26.9771755, 41.3635155], [26.9760704, 41.360681], [26.9734248, 41.3608312], [26.9728398, 41.356887], [26.968689, 41.3574196], [26.9730341, 41.3530869], [26.9687748, 41.3476263], [26.9725406, 41.3447912], [26.9689089, 41.3379242], [26.9680238, 41.319962], [26.9429344, 41.3225162], [26.9388843, 41.3188903], [26.9330156, 41.3083175], [26.9291103, 41.3069394], [26.9250655, 41.3015717], [26.9244732, 41.3000912], [26.927619, 41.2944301], [26.9227803, 41.2885857], [26.9266856, 41.2850869], [26.9233704, 41.2776291], [26.9281341, 41.2772785], [26.9321144, 41.2748876], [26.9306874, 41.2721783], [26.9351184, 41.2658481], [26.9539475, 41.2560249], [26.9579708, 41.2439576], [26.961962, 41.2379473], [26.961962, 41.2316702], [26.9630992, 41.2312708], [26.9605994, 41.2295804], [26.9397318, 41.2274583], [26.9325864, 41.2209865], [26.9309235, 41.2211156], [26.9343996, 41.2134245], [26.9301188, 41.2077827], [26.9356441, 41.203545], [26.944356, 41.2002676], [26.9423175, 41.1969336], [26.9466769, 41.1948289], [26.9449568, 41.1904104], [26.9483364, 41.1862321], [26.9504768, 41.1788841], [26.9436532, 41.1733645], [26.9295126, 41.167481], [26.9231021, 41.162542], [26.8992734, 41.1524367], [26.8917847, 41.1445437], [26.8906903, 41.1414169], [26.8920908, 41.1382842], [26.8743288, 41.1313568], [26.8602312, 41.1227823]]]}, "properties": {"id": "tr-59-hayrabolu", "name": "Hayrabolu", "province": "tekirdag", "province_plate": "59", "osm_relation_id": 1771120, "bbox": [40.9739904, 26.8602312, 41.3644818, 27.36648], "center": [41.179323370863735, 27.103175257112973]}}, {"type": "Feature", "geometry": {"type": "Polygon", "coordinates": [[[26.6933334, 41.0479484], [26.6973567, 41.0448493], [26.6979283, 41.0417699], [26.7042982, 41.0339733], [26.7127847, 41.0299833], [26.7213034, 41.0311002], [26.7231059, 41.0273448], [26.7261314, 41.0259041], [26.7320323, 41.0245929], [26.7360678, 41.02573], [26.7399931, 41.0231197], [26.7387807, 41.0201895], [26.7427397, 41.0199467], [26.7454219, 41.0177044], [26.7425036, 41.0122481], [26.7402398, 40.9990023], [26.7328048, 40.9910908], [26.7337489, 40.98266], [26.7377571, 40.9742944], [26.7300582, 40.9677313], [26.7218292, 40.9628138], [26.7196083, 40.9630001], [26.7203271, 40.9598728], [26.7246723, 40.958301], [26.7269683, 40.9527507], [26.7315924, 40.950344], [26.7370748, 40.9433181], [26.7443275, 40.9435613], [26.7521274, 40.9500199], [26.7563116, 40.9508302], [26.7595625, 40.950579], [26.7648725, 40.9449728], [26.7512584, 40.9392254], [26.7504108, 40.933244], [26.7419243, 40.9275943], [26.7369461, 40.9216766], [26.7309165, 40.9206876], [26.7259812, 40.9176312], [26.7139864, 40.9172907], [26.71978, 40.9096126], [26.720016, 40.9078531], [26.716615, 40.9045286], [26.7203164, 40.8967111], [26.7167222, 40.8956569], [26.7174947, 40.8943511], [26.7132354, 40.8893632], [26.7151451, 40.8878222], [26.7136001, 40.8875464], [26.7125058, 40.8846994], [26.7141259, 40.8819902], [26.711669, 40.8800109], [26.7117119, 40.8777801], [26.7150485, 40.8732209], [26.7385232, 40.8623814], [26.7475796, 40.862061], [26.7464733, 40.8593792], [26.7536724, 40.8613834], [26.751945, 40.860077], [26.7530393, 40.8584217], [26.7517197, 40.8590871], [26.7504215, 40.8576427], [26.7515373, 40.8553705], [26.7441881, 40.8550135], [26.736002, 40.8475798], [26.7281699, 40.8438626], [26.7314637, 40.8395771], [26.7253911, 40.8351208], [26.7251122, 40.8242264], [26.7214107, 40.821401], [26.7229772, 40.8182507], [26.7260885, 40.8182345], [26.7263138, 40.8146456], [26.7316997, 40.8122502], [26.746763, 40.810147], [26.7494881, 40.8080519], [26.7574167, 40.8079788], [26.7619121, 40.8025865], [26.769669, 40.8077108], [26.7720938, 40.8030656], [26.7817021, 40.7981777], [26.7735743, 40.7954718], [26.7734134, 40.7884863], [26.7805159, 40.7870079], [26.783756, 40.7841078], [26.785419, 40.7852289], [26.7842495, 40.7815082], [26.7855155, 40.7780879], [26.7906546, 40.7746919], [26.7906439, 40.7714094], [26.7999995, 40.7658759], [26.8006861, 40.7597162], [26.8039584, 40.7566037], [26.8034649, 40.7534666], [26.8100808, 40.7513116], [26.8097949, 40.738226], [26.8071449, 40.7285271], [26.8046747, 40.7264049], [26.807574, 40.7266246], [26.8086684, 40.7284214], [26.8112218, 40.7232828], [26.8178522, 40.7250635], [26.8240964, 40.7228681], [26.8286133, 40.7255595], [26.8316173, 40.7243968], [26.8464553, 40.7254863], [26.8614221, 40.7312264], [26.8640292, 40.7357791], [26.8864524, 40.743396], [26.8907761, 40.7469969], [26.8943703, 40.7468912], [26.9062364, 40.7533772], [26.9090903, 40.7511746], [26.9150126, 40.7499229], [26.9217396, 40.7532878], [26.9290566, 40.7482811], [26.9396031, 40.7520524], [26.9542158, 40.7532227], [26.9579065, 40.7550758], [26.9582927, 40.75714], [26.9609856, 40.7571319], [26.9644296, 40.7544418], [26.9732487, 40.7548807], [26.980716, 40.7505813], [26.9882154, 40.7525969], [27.0101237, 40.7505081], [27.0203805, 40.7528814], [27.025423, 40.7484762], [27.0283198, 40.7496791], [27.0334804, 40.7489395], [27.0378256, 40.7459402], [27.0433402, 40.74542], [27.0477605, 40.7471432], [27.049005, 40.7450054], [27.0537955, 40.7448673], [27.0611232, 40.7496344], [27.0625019, 40.7545109], [27.0663321, 40.7561729], [27.071718, 40.7567499], [27.0740998, 40.7543626], [27.079035, 40.7572254], [27.0765942, 40.7546857], [27.0773452, 40.7533], [27.0802581, 40.7553155], [27.0858157, 40.7515241], [27.0903915, 40.7545638], [27.0953375, 40.7555634], [27.0992482, 40.7597528], [27.1048969, 40.7622842], [27.1143758, 40.7622639], [27.1170312, 40.7603095], [27.1168517, 40.7575595], [27.1327214, 40.7621953], [27.1354608, 40.7719307], [27.1334238, 40.7761595], [27.1360228, 40.7785531], [27.1395699, 40.7776222], [27.140812, 40.780448], [27.1437141, 40.7799094], [27.1444526, 40.7781187], [27.146875, 40.7810263], [27.1511339, 40.7818043], [27.1553039, 40.7746169], [27.1661913, 40.7709731], [27.1758699, 40.764765], [27.176025, 40.7616899], [27.1799585, 40.7559172], [27.1844827, 40.7534373], [27.2087791, 40.7629128], [27.2015506, 40.7712688], [27.1979537, 40.7711378], [27.1942876, 40.7745428], [27.1855373, 40.7779476], [27.1820441, 40.7832378], [27.1749886, 40.7872706], [27.1749886, 40.7887894], [27.1701811, 40.7889466], [27.1686939, 40.7920364], [27.1648895, 40.7916698], [27.1650278, 40.7946548], [27.1614655, 40.8004411], [27.1614309, 40.8042897], [27.1657887, 40.8067243], [27.1766833, 40.8188178], [27.1818366, 40.8210688], [27.1919998, 40.8216311], [27.1905886, 40.8230189], [27.1962624, 40.8332338], [27.1970939, 40.842337], [27.2015907, 40.8475018], [27.1956419, 40.8489408], [27.1925638, 40.8516092], [27.19246, 40.8556641], [27.1828105, 40.8577306], [27.1762232, 40.8675287], [27.1738265, 40.8673808], [27.17412, 40.8733727], [27.1700416, 40.8769466], [27.1740943, 40.8840178], [27.1837584, 40.8906168], [27.1806409, 40.9002784], [27.1691063, 40.8993359], [27.1634949, 40.9014566], [27.1616245, 40.9075826], [27.1525838, 40.9101743], [27.1565767, 40.9148276], [27.1538308, 40.9219531], [27.1494664, 40.9268996], [27.1382435, 40.9226598], [27.1366848, 40.9278417], [27.1432315, 40.9367915], [27.145704, 40.9431966], [27.1450388, 40.949169], [27.1407473, 40.9491772], [27.1404362, 40.9475565], [27.1363807, 40.9506763], [27.1396637, 40.955773], [27.1346533, 40.9549546], [27.1322793, 40.9578995], [27.1344602, 40.9599619], [27.1386524, 40.9716052], [27.1254587, 40.9787965], [27.1277332, 40.9833565], [27.1196115, 40.9844499], [27.1139483, 40.9881232], [27.1035607, 40.9847287], [27.0976603, 40.9861223], [27.0946991, 40.9846443], [27.0947815, 40.9796296], [27.0904291, 40.9802545], [27.08691, 40.9766743], [27.0817174, 40.9750173], [27.0696595, 40.9739904], [27.0584367, 40.9881111], [27.0599954, 40.9946998], [27.0546957, 41.0005819], [27.0593719, 41.0076398], [27.0590601, 41.0146969], [27.0447199, 41.0233997], [27.0285091, 41.0241052], [27.0213389, 41.0278682], [27.0116748, 41.02387], [27.0020107, 41.0146969], [27.0001402, 41.0064635], [26.9923466, 40.9991702], [26.9892291, 40.9906996], [26.9829942, 40.9916408], [26.9773828, 40.9956409], [26.9733301, 41.0022288], [26.9776945, 41.0128151], [26.9711479, 41.0245756], [26.9917231, 41.0377449], [26.9970228, 41.0457393], [26.9942171, 41.0537327], [26.9942171, 41.0640756], [26.9861117, 41.0680713], [26.9686539, 41.0727718], [26.962419, 41.080762], [26.9446495, 41.0685414], [26.9309327, 41.078412], [26.9225156, 41.088986], [26.9120085, 41.0968095], [26.9080388, 41.0956614], [26.9027173, 41.0985478], [26.8995094, 41.0948205], [26.8964624, 41.0973512], [26.8927503, 41.0941333], [26.8869245, 41.0928476], [26.8828797, 41.0940767], [26.875112, 41.0905674], [26.8760776, 41.0925242], [26.8709063, 41.0943031], [26.8650699, 41.1005529], [26.8646085, 41.1053793], [26.8665612, 41.1088959], [26.865381, 41.1093405], [26.867795, 41.1121455], [26.8626237, 41.1136409], [26.8602794, 41.1231056], [26.8458223, 41.1157586], [26.8414718, 41.1110784], [26.8329155, 41.1093324], [26.8280339, 41.1114745], [26.818276, 41.1125173], [26.8145907, 41.1097972], [26.8130189, 41.1058159], [26.814222, 41.0997959], [26.8130082, 41.1000516], [26.8067694, 41.0863545], [26.8076813, 41.0828933], [26.8020809, 41.0757036], [26.7962551, 41.0730912], [26.7968774, 41.069233], [26.7943132, 41.0636355], [26.7979181, 41.0644363], [26.7976928, 41.0627295], [26.7937733, 41.0609828], [26.7886484, 41.0626243], [26.7863738, 41.0588949], [26.7838955, 41.059801], [26.7834878, 41.0586927], [26.7795718, 41.0625191], [26.7716217, 41.0655122], [26.77145, 41.0629074], [26.7683279, 41.0597444], [26.7644977, 41.0589192], [26.7575133, 41.0650025], [26.7559469, 41.0706081], [26.7499709, 41.0700095], [26.744982, 41.0751618], [26.7339635, 41.0742397], [26.7321825, 41.0714008], [26.7278802, 41.0700662], [26.725316, 41.0715706], [26.7206919, 41.0672675], [26.7144692, 41.0696294], [26.7109608, 41.0737706], [26.707356, 41.0753397], [26.7069053, 41.0699529], [26.7048669, 41.0698235], [26.7051458, 41.0680925], [26.7010045, 41.0649864], [26.6964662, 41.0523822], [26.6933334, 41.0479484]]]}, "properties": {"id": "tr-59-malkara", "name": "Malkara", "province": "tekirdag", "province_plate": "59", "osm_relation_id": 1771121, "bbox": [40.7228681, 26.6933334, 41.1231056, 27.2087791], "center": [40.90488684920283, 26.932434863357773]}}, {"type": "Feature", "geometry": {"type": "MultiPolygon", "coordinates": [[[[27.7292635, 41.0122779], [27.7609591, 41.0133194], [27.761058, 41.010331], [27.7626677, 41.0102526], [27.7627389, 41.0051737], [27.7629154, 41.0103063], [27.7612543, 41.0105269], [27.7622218, 41.012038], [27.7639235, 41.0120723], [27.7634867, 41.010244], [27.7642329, 41.0125255], [27.7661955, 41.0127246], [27.7775508, 41.0108534], [27.8022633, 41.0018871], [27.8239082, 40.9976068], [27.8443471, 40.9906329], [27.855714, 40.9827941], [27.8581937, 40.9797464], [27.8579849, 40.9769809], [27.8622918, 40.9743205], [27.864641, 40.9699453], [27.873507, 40.9683358], [27.8778487, 40.9659904], [27.889293, 40.965086], [27.903231, 40.968828], [27.923573, 40.970208], [27.92998, 40.968231], [27.9324706, 40.9649943], [27.9306104, 40.961514], [27.9326988, 40.9641256], [27.9350942, 40.9641201], [27.9367331, 40.9619307], [27.9362429, 40.9645167], [27.9552915, 40.9640733], [27.9666888, 40.9679958], [27.9677137, 40.9698108], [27.966611, 40.9706242], [27.9614984, 40.9688224], [27.9605949, 40.9707691], [27.9599365, 40.9695072], [27.9570393, 40.9706106], [27.9560772, 40.9724711], [27.9571996, 40.977525], [27.9615068, 40.9779887], [27.9583261, 40.9789957], [27.967122, 40.983457], [27.9713431, 40.98193], [27.9763903, 40.9824936], [27.9784021, 40.9843483], [27.978158, 40.9823314], [27.9830775, 40.9920989], [27.9847409, 40.9926489], [27.983354, 40.992948], [27.984085, 40.9986786], [27.982749, 41.0032242], [27.9873548, 41.0138412], [27.9914273, 41.0191444], [28.0134334, 41.0342521], [28.0132167, 41.0353853], [28.0075828, 41.0320583], [28.0057943, 41.0334206], [28.0053767, 41.0401005], [27.9953149, 41.0381139], [27.9943246, 41.0411451], [27.9907823, 41.0432148], [27.9859367, 41.0440022], [27.9816959, 41.0401358], [27.9803968, 41.0436561], [27.9765689, 41.0438713], [27.9768929, 41.0420891], [27.9741871, 41.0420719], [27.9781295, 41.049336], [27.9787849, 41.0575998], [27.9757529, 41.0661404], [27.9617715, 41.0665476], [27.9489738, 41.0633226], [27.9484068, 41.0656065], [27.9414157, 41.0636714], [27.9288662, 41.0675021], [27.92616, 41.0744736], [27.9188561, 41.0838153], [27.9148481, 41.0852046], [27.9125566, 41.0883565], [27.9117731, 41.0955902], [27.9014081, 41.1014415], [27.8915083, 41.1097527], [27.8795957, 41.1140214], [27.8716385, 41.118927], [27.8675616, 41.1142309], [27.8631608, 41.102657], [27.886908, 41.085661], [27.8884796, 41.0818418], [27.8971195, 41.0724603], [27.8979453, 41.0685966], [27.9031219, 41.0676223], [27.9052384, 41.0625968], [27.9042542, 41.0610064], [27.9053593, 41.0601165], [27.9031371, 41.0596911], [27.9038381, 41.0583335], [27.9016685, 41.0548903], [27.8983426, 41.0524632], [27.8987074, 41.0501168], [27.8950596, 41.0468641], [27.8960037, 41.0445338], [27.8928709, 41.0426079], [27.8929134, 41.0404862], [27.9138521, 41.0388732], [27.9118838, 41.0354687], [27.894929, 41.0372686], [27.8868778, 41.0403673], [27.8843491, 41.0458008], [27.8794491, 41.0481102], [27.8787517, 41.0525279], [27.8799319, 41.054502], [27.8776681, 41.0573012], [27.8649443, 41.058783], [27.8517274, 41.069541], [27.8425647, 41.0732531], [27.8421892, 41.0769314], [27.8456392, 41.0856981], [27.8426915, 41.0868943], [27.8332883, 41.075732], [27.8289527, 41.0732145], [27.8229177, 41.0713521], [27.8148293, 41.0719265], [27.7995385, 41.0669813], [27.7971375, 41.0675425], [27.7928996, 41.0628346], [27.7849281, 41.060788], [27.7860439, 41.0582599], [27.7832346, 41.0565863], [27.7815807, 41.0591619], [27.7716964, 41.0637154], [27.778126, 41.070882], [27.7756691, 41.0735118], [27.7648915, 41.0736251], [27.7636796, 41.0687565], [27.7558207, 41.0607152], [27.7548551, 41.0548256], [27.7512717, 41.0534826], [27.7463364, 41.0466376], [27.7389657, 41.0423409], [27.734758, 41.0281465], [27.730349, 41.0236148], [27.7298409, 41.0205295], [27.731668, 41.016929], [27.7292635, 41.0122779]]], [[[27.8967183, 40.9608785], [27.896737, 40.9608326], [27.8968915, 40.9608732], [27.8968634, 40.9609227], [27.8967183, 40.9608785]]]]}, "properties": {"id": "tr-59-marmaraereglisi", "name": "Marmaraereğlisi", "province": "tekirdag", "province_plate": "59", "osm_relation_id": 1771122, "bbox": [40.9608326, 27.7292635, 41.118927, 28.0134334], "center": [41.028052454871656, 27.87768885479974]}}, {"type": "Feature", "geometry": {"type": "Polygon", "coordinates": [[[27.2728944, 41.1948185], [27.2808123, 41.1940919], [27.2878933, 41.1886906], [27.2952533, 41.18601], [27.2954678, 41.1829418], [27.2998465, 41.1781038], [27.3037505, 41.1852753], [27.3137712, 41.1760941], [27.321909, 41.1713526], [27.3250602, 41.1679974], [27.3254228, 41.1631155], [27.3307603, 41.159509], [27.3318582, 41.1602526], [27.3320478, 41.1582852], [27.34555, 41.1661524], [27.352385, 41.1671704], [27.3778117, 41.1779272], [27.3818564, 41.1751573], [27.387886, 41.1544967], [27.3968232, 41.147234], [27.3983467, 41.1421844], [27.415368, 41.1493291], [27.4254076, 41.137221], [27.4151802, 41.131373], [27.4053097, 41.1335467], [27.403475, 41.1276475], [27.4033141, 41.1230813], [27.4050093, 41.1212548], [27.403918, 41.1200613], [27.4099231, 41.1104075], [27.4100733, 41.1045143], [27.4138193, 41.0979319], [27.4073294, 41.0936861], [27.4217677, 41.0791409], [27.4267624, 41.0697793], [27.4406504, 41.0727192], [27.445178, 41.0710691], [27.4480607, 41.0716981], [27.4466939, 41.0639328], [27.4699831, 41.0639024], [27.4709445, 41.074107], [27.4759805, 41.0729699], [27.4742639, 41.0787122], [27.4753475, 41.0798526], [27.4711633, 41.0866456], [27.4724615, 41.0892494], [27.4793386, 41.0888127], [27.4857491, 41.09119], [27.4860334, 41.0929366], [27.4917197, 41.0925485], [27.4937582, 41.0954835], [27.4960649, 41.0947235], [27.4964607, 41.0976966], [27.5017083, 41.0930336], [27.5085489, 41.0906673], [27.510227, 41.0951116], [27.5140322, 41.0939189], [27.5168145, 41.0978768], [27.5186705, 41.097424], [27.5171256, 41.0948124], [27.5233483, 41.0928638], [27.5244641, 41.0997929], [27.523402, 41.1021618], [27.5310624, 41.0980223], [27.5335407, 41.093923], [27.5271219, 41.0864442], [27.5373602, 41.0824081], [27.550857, 41.0870984], [27.5580776, 41.0850849], [27.5609851, 41.0875432], [27.565738, 41.0879798], [27.5690531, 41.0866133], [27.5693858, 41.0817369], [27.5719285, 41.0827559], [27.5761342, 41.0737949], [27.5802219, 41.0721934], [27.5866914, 41.0633119], [27.5897169, 41.0619165], [27.5914228, 41.0623088], [27.5900388, 41.0653018], [27.5936447, 41.0673196], [27.5961971, 41.0674212], [27.5953495, 41.0661108], [27.5971734, 41.0650592], [27.5975704, 41.0665071], [27.6071191, 41.067502], [27.6138568, 41.072525], [27.6175826, 41.0707585], [27.6167965, 41.0730912], [27.6235257, 41.0753352], [27.6240277, 41.0773778], [27.6290273, 41.0782836], [27.6332974, 41.0876645], [27.6373851, 41.0858086], [27.6390159, 41.0936239], [27.636323, 41.097707], [27.6322245, 41.100084], [27.6342738, 41.101709], [27.642653, 41.1007712], [27.63834, 41.1055006], [27.6382971, 41.1106905], [27.6350463, 41.1108279], [27.636162, 41.1148614], [27.6351213, 41.1192746], [27.6210558, 41.1342174], [27.6214742, 41.1413522], [27.6127303, 41.1431298], [27.6132774, 41.1451415], [27.6186418, 41.1484136], [27.6275946, 41.1576847], [27.6406653, 41.1629414], [27.6585746, 41.1855175], [27.6571369, 41.1875199], [27.6608077, 41.1947799], [27.6417303, 41.1947055], [27.6106041, 41.1992777], [27.616024, 41.2097522], [27.6144361, 41.2122058], [27.6161313, 41.2128676], [27.6139855, 41.2166286], [27.6155734, 41.2178068], [27.6147365, 41.2193241], [27.6182985, 41.218856], [27.6173714, 41.2208017], [27.6208949, 41.2227618], [27.627957, 41.2231514], [27.6285767, 41.2349299], [27.6035187, 41.2593896], [27.6050591, 41.2601785], [27.60257, 41.2613883], [27.596004, 41.2580332], [27.5879788, 41.2620819], [27.5781512, 41.256291], [27.576633, 41.2579384], [27.5733661, 41.2530809], [27.5670883, 41.2497609], [27.5619507, 41.2583881], [27.5595689, 41.2596462], [27.5566292, 41.2581784], [27.554698, 41.2611141], [27.5439477, 41.2555813], [27.5415659, 41.25813], [27.5297427, 41.2514192], [27.5300216, 41.2526614], [27.524271, 41.2575976], [27.5113106, 41.2503384], [27.5061929, 41.2454016], [27.492173, 41.2365128], [27.4839198, 41.2389961], [27.4804544, 41.2379634], [27.4792313, 41.2403192], [27.4762487, 41.2410291], [27.4728316, 41.2390687], [27.4689263, 41.2402184], [27.4627626, 41.2379312], [27.4587285, 41.2338326], [27.4506068, 41.2306132], [27.4477208, 41.2263003], [27.4446684, 41.2282773], [27.4418092, 41.2199858], [27.427851, 41.2271758], [27.4165106, 41.2308391], [27.4091291, 41.2292092], [27.4045157, 41.2309924], [27.3933792, 41.2314927], [27.3932505, 41.2270306], [27.3895812, 41.2247066], [27.389667, 41.2227054], [27.38662, 41.2255943], [27.3811993, 41.2247249], [27.3776722, 41.2201391], [27.3730802, 41.2231734], [27.369902, 41.2225322], [27.36648, 41.2251765], [27.3478997, 41.2160878], [27.3496807, 41.213828], [27.345196, 41.2118103], [27.3470843, 41.2099539], [27.3461723, 41.2078554], [27.3341453, 41.2043118], [27.3298859, 41.2065477], [27.3257768, 41.2066607], [27.3244142, 41.2083316], [27.32126, 41.206798], [27.3189103, 41.2077504], [27.3170972, 41.2090096], [27.3224294, 41.2128918], [27.3171615, 41.215539], [27.3088252, 41.2121977], [27.3059606, 41.2145706], [27.3002207, 41.2109709], [27.2886336, 41.2075083], [27.2846103, 41.2035208], [27.2815633, 41.2036741], [27.2803724, 41.1975956], [27.2747719, 41.1977248], [27.2728944, 41.1948185]]]}, "properties": {"id": "tr-59-muratli", "name": "Muratlı", "province": "tekirdag", "province_plate": "59", "osm_relation_id": 1771123, "bbox": [41.0619165, 27.2728944, 41.2620819, 27.6608077], "center": [41.166272001119296, 27.501534262642085]}}, {"type": "Feature", "geometry": {"type": "Polygon", "coordinates": [[[27.6152594, 41.4251494], [27.6306563, 41.4203571], [27.6267528, 41.4120771], [27.6296496, 41.4103874], [27.6273107, 41.4036279], [27.6288986, 41.4019863], [27.6273943, 41.3998513], [27.6281521, 41.3945285], [27.631495, 41.3963286], [27.6420307, 41.3928436], [27.6448631, 41.3940831], [27.6473307, 41.3929724], [27.643361, 41.3898736], [27.6449168, 41.3887789], [27.6539222, 41.3963411], [27.6579952, 41.3945337], [27.6548087, 41.3917248], [27.6563859, 41.390606], [27.6534891, 41.3880142], [27.6554555, 41.3867179], [27.6523089, 41.3842792], [27.6544118, 41.3830395], [27.6493048, 41.3790466], [27.6507425, 41.3759552], [27.6470732, 41.3735077], [27.6490688, 41.371189], [27.6453261, 41.3666964], [27.6414196, 41.3567613], [27.6428032, 41.3543513], [27.6588642, 41.3457013], [27.6546264, 41.3416175], [27.6589072, 41.3356888], [27.656976, 41.3346173], [27.6608383, 41.3315117], [27.6590788, 41.3304523], [27.6599021, 41.3214543], [27.6622546, 41.3232656], [27.6662135, 41.3229433], [27.6694375, 41.3260211], [27.6748502, 41.3260533], [27.6806438, 41.3348026], [27.6867056, 41.3382585], [27.6953208, 41.3403771], [27.6982713, 41.3394588], [27.699548, 41.3330786], [27.6983249, 41.328986], [27.7072835, 41.3194302], [27.7277673, 41.2778182], [27.7320135, 41.2860946], [27.735393, 41.2870137], [27.7379465, 41.2913266], [27.7397811, 41.2916088], [27.7395558, 41.2937611], [27.7408969, 41.2942367], [27.7399206, 41.2948977], [27.7421415, 41.2964614], [27.7419698, 41.2981219], [27.744534, 41.2988393], [27.7451455, 41.3030386], [27.7472591, 41.3025389], [27.7468514, 41.3054726], [27.7509498, 41.3079549], [27.7507675, 41.3096312], [27.7548551, 41.3110415], [27.7543294, 41.3120649], [27.7622366, 41.3197767], [27.7658844, 41.3213721], [27.7654123, 41.3225323], [27.7911362, 41.3416875], [27.7850461, 41.3468531], [27.7818167, 41.3546251], [27.7989077, 41.3653031], [27.8035641, 41.3655688], [27.807641, 41.3683629], [27.8140998, 41.3698685], [27.8247857, 41.3775412], [27.8302359, 41.3841826], [27.8342807, 41.3937048], [27.8420055, 41.392095], [27.8472519, 41.3936887], [27.8507602, 41.3899379], [27.8581309, 41.3870321], [27.859579, 41.3845923], [27.8627443, 41.3881108], [27.8667033, 41.3856235], [27.8818846, 41.3886179], [27.8956711, 41.38766], [27.9061103, 41.3850761], [27.9035604, 41.3679462], [27.9105198, 41.3628069], [27.9106915, 41.3605361], [27.9148221, 41.3572747], [27.9143071, 41.3534493], [27.905812, 41.3403758], [27.9075587, 41.3393218], [27.9062068, 41.3381377], [27.9217207, 41.3273827], [27.9342842, 41.323604], [27.9646468, 41.3413437], [27.9575229, 41.3512184], [27.9589069, 41.3517903], [27.9577535, 41.356868], [27.9617125, 41.3633907], [27.9651403, 41.3632337], [27.9632413, 41.3647395], [27.967962, 41.3654964], [27.9665029, 41.3703919], [27.971524, 41.3745463], [27.9776931, 41.3725657], [27.977221, 41.376245], [27.9801607, 41.3777103], [27.9945159, 41.3783221], [27.9987645, 41.3800127], [28.0033564, 41.3784831], [28.011961, 41.3822506], [28.0193853, 41.38151], [28.0256295, 41.3833937], [28.034844, 41.3795223], [28.0431712, 41.3907348], [28.0492544, 41.3931494], [28.0526447, 41.4008193], [28.056196, 41.4007469], [28.0595648, 41.4028795], [28.0626655, 41.4015195], [28.0673647, 41.4047546], [28.0713343, 41.4041591], [28.0778253, 41.397399], [28.0989144, 41.394076], [28.1017631, 41.4041086], [28.1101298, 41.4039901], [28.1133068, 41.4070568], [28.1217715, 41.4096812], [28.1112403, 41.4265362], [28.1110816, 41.4319092], [28.1137776, 41.4388739], [28.1116855, 41.4654104], [28.1064498, 41.4692291], [28.1049293, 41.4756726], [28.1027643, 41.4752341], [28.093586, 41.4800571], [28.0853471, 41.4900769], [28.0786008, 41.4931414], [28.0711841, 41.4934067], [28.0709481, 41.4947567], [28.0776214, 41.5033226], [28.0754757, 41.5065848], [28.0761886, 41.5076325], [28.0789104, 41.5089587], [28.0924272, 41.5092361], [28.0973759, 41.5151332], [28.1022967, 41.5167105], [28.1046152, 41.5157436], [28.105613, 41.5181054], [28.1198002, 41.5294475], [28.121438, 41.5369886], [28.1159019, 41.5417587], [28.1213426, 41.5428488], [28.1206012, 41.5441678], [28.1224251, 41.5471709], [28.1188631, 41.5496921], [28.1209016, 41.5519884], [28.1246567, 41.5523899], [28.1236625, 41.5535608], [28.124876, 41.5556822], [28.1233907, 41.5601454], [28.1189925, 41.560325], [28.1179902, 41.5625885], [28.12294, 41.5644562], [28.1241366, 41.5663536], [28.1231071, 41.5670807], [28.1255901, 41.5681086], [28.1283367, 41.5731574], [28.1307185, 41.5728765], [28.1334677, 41.5749333], [28.1336247, 41.5772632], [28.1397462, 41.5822387], [28.1463718, 41.5832858], [28.1521654, 41.5797868], [28.1545257, 41.5793053], [28.1552553, 41.5794818], [28.155456, 41.57987], [28.1472484, 41.5841202], [28.143825, 41.5907192], [28.134795, 41.5935225], [28.1327033, 41.5968949], [28.1290984, 41.5948088], [28.1307936, 41.593188], [28.1299996, 41.592161], [28.1261947, 41.5934732], [28.126266, 41.59659], [28.1239271, 41.5948409], [28.1214165, 41.5965098], [28.1203222, 41.5944237], [28.1118035, 41.5946002], [28.1116962, 41.5917919], [28.1099367, 41.5911339], [28.1060743, 41.5942472], [28.1024909, 41.5910697], [28.1028986, 41.5884859], [28.097856, 41.585918], [28.098312, 41.5834527], [28.0908394, 41.580782], [28.0795526, 41.5825636], [28.0785012, 41.5840883], [28.070755, 41.5844896], [28.0698537, 41.5866884], [28.0671501, 41.5869933], [28.0695963, 41.5900747], [28.0674505, 41.5952742], [28.0607686, 41.5987651], [28.0601817, 41.6039134], [28.0572903, 41.6055676], [28.0541682, 41.614576], [28.0491686, 41.6163247], [28.0477953, 41.6148006], [28.0501127, 41.6133408], [28.046422, 41.6116402], [28.0460761, 41.6093358], [28.0410269, 41.6093553], [28.043611, 41.6040033], [28.0356548, 41.5991787], [28.0379999, 41.5972881], [28.0376243, 41.5949934], [28.0358628, 41.5938469], [28.0359828, 41.5950575], [28.0276288, 41.5958297], [28.0270596, 41.5933851], [28.0197796, 41.5914693], [28.0192244, 41.5887266], [28.0151566, 41.5884383], [28.0110168, 41.5847544], [28.013742, 41.5835747], [28.0124545, 41.578583], [28.0153191, 41.5778045], [28.0138037, 41.5721676], [28.0112851, 41.5696096], [28.0130875, 41.5680524], [28.0121326, 41.5646489], [28.0149221, 41.5626902], [28.0097395, 41.561176], [28.0093466, 41.5593806], [28.0008244, 41.5628026], [27.998271, 41.5687106], [27.9917639, 41.5732858], [27.9888028, 41.5732095], [27.986834, 41.5796544], [27.9879659, 41.5823589], [27.9868448, 41.587234], [27.9884148, 41.5890524], [27.9759979, 41.5926584], [27.9667014, 41.589533], [27.9654085, 41.5918801], [27.966283, 41.5934167], [27.9628926, 41.5928791], [27.9656231, 41.5861748], [27.959218, 41.5833741], [27.9542398, 41.5774754], [27.9566538, 41.5689033], [27.9483819, 41.5527994], [27.9486823, 41.5491622], [27.9351318, 41.5377033], [27.9362154, 41.5355912], [27.9335838, 41.5296546], [27.9291344, 41.5235516], [27.9172468, 41.5128916], [27.9110348, 41.497959], [27.9060244, 41.495938], [27.9026878, 41.498638], [27.8997925, 41.491814], [27.8864926, 41.4837022], [27.8835797, 41.4824805], [27.882641, 41.4832601], [27.8838485, 41.4846975], [27.880404, 41.4868407], [27.8789663, 41.4847993], [27.8768742, 41.4849359], [27.8788054, 41.4823077], [27.8738701, 41.4847028], [27.873441, 41.4818897], [27.8659469, 41.4855909], [27.8653471, 41.4837848], [27.8619162, 41.4851222], [27.8620952, 41.4862821], [27.8557107, 41.4861786], [27.8541613, 41.4887294], [27.855851, 41.4923097], [27.8547084, 41.494371], [27.8567442, 41.4977161], [27.8548157, 41.5015951], [27.8494298, 41.5040779], [27.8409446, 41.5013161], [27.8320706, 41.5133094], [27.8019547, 41.4924584], [27.7964938, 41.4899912], [27.7803469, 41.4888901], [27.7798211, 41.4843251], [27.77789, 41.4845662], [27.7767849, 41.481745], [27.7788556, 41.4808689], [27.7701759, 41.4705636], [27.7684271, 41.4707727], [27.7670852, 41.4661423], [27.764039, 41.4628135], [27.7529025, 41.4636818], [27.7506494, 41.46291], [27.7488041, 41.4590024], [27.748948, 41.4607208], [27.7415299, 41.4597622], [27.7264666, 41.4636336], [27.7211315, 41.4608484], [27.7154911, 41.4643893], [27.7087533, 41.4643572], [27.7063501, 41.4637863], [27.701962, 41.4584637], [27.6951384, 41.4539447], [27.6926815, 41.4550062], [27.6916623, 41.453406], [27.6821136, 41.4528029], [27.6711058, 41.4568797], [27.6682627, 41.451661], [27.6594543, 41.4425173], [27.6519549, 41.4272749], [27.648232, 41.4289561], [27.6468755, 41.4267725], [27.6379967, 41.4306132], [27.6362371, 41.4286826], [27.6324177, 41.4314176], [27.6293707, 41.4272186], [27.6231694, 41.4296479], [27.6244236, 41.4313049], [27.6195381, 41.4331557], [27.6152594, 41.4251494]]]}, "properties": {"id": "tr-59-saray", "name": "Saray", "province": "tekirdag", "province_plate": "59", "osm_relation_id": 1771124, "bbox": [41.2778182, 27.6152594, 41.6163247, 28.155456], "center": [41.44567257064461, 27.901024230505417]}}, {"type": "Feature", "geometry": {"type": "Polygon", "coordinates": [[[27.0976281, 40.9881227], [27.0981274, 40.9861779], [27.1013081, 40.9845471], [27.1080215, 40.9852837], [27.1139483, 40.9881232], [27.1196115, 40.9844499], [27.1277332, 40.9833565], [27.1254587, 40.9787965], [27.1386524, 40.9716052], [27.1344602, 40.9599619], [27.1322793, 40.9578995], [27.1346533, 40.9549546], [27.1396637, 40.955773], [27.1363807, 40.9506763], [27.138623, 40.9480184], [27.1455216, 40.9485451], [27.145704, 40.9431966], [27.1432315, 40.9367915], [27.1366848, 40.9278417], [27.1382435, 40.9226598], [27.1494664, 40.9268996], [27.1538308, 40.9219531], [27.1565767, 40.9148276], [27.1525838, 40.9101743], [27.1616245, 40.9075826], [27.1634949, 40.9014566], [27.1691063, 40.8993359], [27.1806409, 40.9002784], [27.1837584, 40.8906168], [27.1740943, 40.8840178], [27.1700416, 40.8769466], [27.17412, 40.8733727], [27.1738265, 40.8673808], [27.1762232, 40.8675287], [27.1828105, 40.8577306], [27.19246, 40.8556641], [27.1925638, 40.8516092], [27.1956419, 40.8489408], [27.2015907, 40.8475018], [27.1970939, 40.842337], [27.1962624, 40.8332338], [27.1905886, 40.8230189], [27.1924503, 40.8199256], [27.1900029, 40.8131653], [27.1919521, 40.8106268], [27.1906702, 40.8096964], [27.2003635, 40.8064932], [27.1984318, 40.7996476], [27.2000123, 40.7974143], [27.1994503, 40.7954202], [27.2047009, 40.7933729], [27.2083885, 40.7941972], [27.206931, 40.791751], [27.2110577, 40.789318], [27.2103728, 40.7864861], [27.2077388, 40.784731], [27.2103377, 40.78392], [27.2125152, 40.778189], [27.2153073, 40.7774178], [27.2147804, 40.7754231], [27.2169404, 40.7726704], [27.2218748, 40.771181], [27.223385, 40.7691595], [27.2221206, 40.7685743], [27.2254959, 40.7647449], [27.2498196, 40.7751964], [27.2509914, 40.7780007], [27.2565714, 40.7813654], [27.2729764, 40.7811805], [27.2801121, 40.7827063], [27.2812519, 40.7844786], [27.2848545, 40.7826292], [27.2907977, 40.7834923], [27.3000255, 40.7866557], [27.3020118, 40.7902168], [27.3180435, 40.7953721], [27.3185104, 40.7976457], [27.3148978, 40.8015957], [27.3113232, 40.8019571], [27.3117009, 40.8044872], [27.3284562, 40.8150435], [27.3494875, 40.8165781], [27.3577886, 40.8187638], [27.3775592, 40.8145986], [27.3821354, 40.8145888], [27.3843723, 40.8177067], [27.3930895, 40.8130622], [27.3964798, 40.8150922], [27.4041062, 40.8125924], [27.4201536, 40.8204724], [27.4349814, 40.8300256], [27.4492888, 40.8431649], [27.4541766, 40.8446872], [27.456138, 40.847075], [27.4598116, 40.8650483], [27.4612029, 40.8656631], [27.4601377, 40.8667745], [27.4621572, 40.8655986], [27.4599084, 40.8672334], [27.4598183, 40.8694589], [27.4624775, 40.8940914], [27.4646347, 40.896451], [27.4684948, 40.8944873], [27.4730517, 40.9028115], [27.4715561, 40.9032689], [27.4700583, 40.9005372], [27.4669942, 40.9023255], [27.4681295, 40.9046781], [27.4688265, 40.9023287], [27.4694988, 40.9035307], [27.4686022, 40.9073456], [27.4704039, 40.9140786], [27.4746876, 40.9200346], [27.4786325, 40.9218181], [27.4811316, 40.9253436], [27.4902367, 40.9476407], [27.4993824, 40.9619146], [27.5049797, 40.9615059], [27.5019062, 40.963161], [27.5026176, 40.9639914], [27.5077957, 40.9620044], [27.5107007, 40.9642573], [27.5075206, 40.9625505], [27.5062806, 40.9631212], [27.5074067, 40.9645093], [27.5048533, 40.9657157], [27.5078457, 40.9676921], [27.5056518, 40.9693309], [27.5072969, 40.9690092], [27.5059419, 40.9695466], [27.5079683, 40.9717374], [27.5155861, 40.9756178], [27.5141597, 40.9740278], [27.5162236, 40.9748916], [27.5164912, 40.9726179], [27.5162969, 40.9749649], [27.5181046, 40.9757085], [27.522801, 40.9765964], [27.5228181, 40.9760784], [27.5235598, 40.9750438], [27.5231952, 40.9767315], [27.5258527, 40.9767962], [27.5259575, 40.9750652], [27.5224433, 40.9739275], [27.5259179, 40.9748088], [27.5263249, 40.9752042], [27.5263116, 40.9774233], [27.5292292, 40.978252], [27.5507099, 40.9772906], [27.5600492, 40.9812509], [27.5681859, 40.9807487], [27.5777773, 40.9845782], [27.5861709, 40.9828146], [27.5964287, 40.9863813], [27.6052123, 40.9862796], [27.6149708, 40.9903992], [27.622084, 40.9903179], [27.648117, 40.996988], [27.6687626, 40.9995824], [27.6818469, 41.003983], [27.6978077, 41.0026102], [27.6978099, 41.0079573], [27.7031582, 41.0089815], [27.7056956, 41.0292549], [27.7086353, 41.0383029], [27.7057258, 41.0469514], [27.7000093, 41.0461197], [27.7063393, 41.0531913], [27.7026164, 41.0533693], [27.7067256, 41.0585228], [27.7016186, 41.0630854], [27.7025628, 41.0642017], [27.6902919, 41.0688935], [27.6841414, 41.0519615], [27.6812982, 41.0557883], [27.6785409, 41.0567592], [27.6771033, 41.0553919], [27.6743352, 41.056921], [27.654444, 41.0549227], [27.6415801, 41.0587412], [27.6307869, 41.0684808], [27.6251006, 41.0704059], [27.6235257, 41.0753352], [27.6167965, 41.0730912], [27.6175826, 41.0707585], [27.6138568, 41.072525], [27.6062093, 41.0671816], [27.5975704, 41.0665071], [27.5971734, 41.0650592], [27.5953495, 41.0661108], [27.5961971, 41.0674212], [27.5936447, 41.0673196], [27.5900388, 41.0653018], [27.5914228, 41.0623088], [27.5897169, 41.0619165], [27.5866914, 41.0633119], [27.5802219, 41.0721934], [27.5761342, 41.0737949], [27.5719285, 41.0827559], [27.5693858, 41.0817369], [27.5690531, 41.0866133], [27.565738, 41.0879798], [27.5609851, 41.0875432], [27.5580776, 41.0850849], [27.550857, 41.0870984], [27.5373602, 41.0824081], [27.5271219, 41.0864442], [27.5335407, 41.093923], [27.5310624, 41.0980223], [27.523402, 41.1021618], [27.5244641, 41.0997929], [27.5233483, 41.0928638], [27.5171256, 41.0948124], [27.5186705, 41.097424], [27.5168145, 41.0978768], [27.5140322, 41.0939189], [27.510227, 41.0951116], [27.5085489, 41.0906673], [27.5017083, 41.0930336], [27.4964607, 41.0976966], [27.4960649, 41.0947235], [27.4937582, 41.0954835], [27.4917197, 41.0925485], [27.4860334, 41.0929366], [27.4857491, 41.09119], [27.4793386, 41.0888127], [27.4724615, 41.0892494], [27.4711633, 41.0866456], [27.4753475, 41.0798526], [27.4742639, 41.0787122], [27.4759805, 41.0729699], [27.4709445, 41.074107], [27.4699831, 41.0639024], [27.4466939, 41.0639328], [27.4480607, 41.0716981], [27.445178, 41.0710691], [27.4406504, 41.0727192], [27.4267624, 41.0697793], [27.4217677, 41.0791409], [27.4073294, 41.0936861], [27.4138193, 41.0979319], [27.4100733, 41.1045143], [27.4090969, 41.1084836], [27.4101269, 41.1099306], [27.4033141, 41.1230813], [27.4053097, 41.1335467], [27.4151802, 41.131373], [27.4254076, 41.137221], [27.415368, 41.1493291], [27.3983467, 41.1421844], [27.3968232, 41.147234], [27.387886, 41.1544967], [27.3818564, 41.1751573], [27.3758805, 41.1777576], [27.3620218, 41.1708379], [27.34555, 41.1661524], [27.3338503, 41.1585154], [27.3315489, 41.1585558], [27.3318582, 41.1602526], [27.3282005, 41.1580064], [27.3190059, 41.1606521], [27.3159999, 41.155613], [27.3093831, 41.1495365], [27.3067571, 41.1518786], [27.3006329, 41.1450609], [27.299341, 41.1377486], [27.2958506, 41.1344168], [27.3008323, 41.1323023], [27.290597, 41.129183], [27.2882795, 41.1190645], [27.2908115, 41.1176096], [27.2824216, 41.1138915], [27.2862196, 41.1128568], [27.2841382, 41.1103186], [27.2866058, 41.1091384], [27.2818851, 41.1045952], [27.2783768, 41.1043284], [27.2652554, 41.1088797], [27.2593546, 41.1120323], [27.2573697, 41.1157505], [27.2554493, 41.115888], [27.2303975, 41.1003912], [27.2287774, 41.1004478], [27.2282302, 41.1042314], [27.2263527, 41.105727], [27.2271037, 41.1037867], [27.224915, 41.1016848], [27.2248721, 41.0986206], [27.2173619, 41.0977232], [27.2156667, 41.0946184], [27.2138858, 41.0954755], [27.2086286, 41.090058], [27.1939301, 41.0848342], [27.2063327, 41.0734147], [27.2101307, 41.0720559], [27.2218466, 41.0600356], [27.2283268, 41.0470421], [27.2244483, 41.0426808], [27.2204518, 41.0441251], [27.2121048, 41.0428021], [27.2087574, 41.0471231], [27.2046375, 41.0478351], [27.1992087, 41.0437003], [27.1805942, 41.0472363], [27.1825361, 41.043935], [27.1758735, 41.036563], [27.1761739, 41.0348959], [27.1380061, 41.0104144], [27.1299273, 41.0082042], [27.1243751, 41.004569], [27.1223956, 41.0029051], [27.1239245, 41.0020023], [27.1225512, 40.9999375], [27.1194988, 40.9997189], [27.1168166, 40.9951074], [27.1113718, 40.9921962], [27.1050203, 40.9923096], [27.0976281, 40.9881227]]]}, "properties": {"id": "tr-59-suleymanpasa", "name": "Süleymanpaşa", "province": "tekirdag", "province_plate": "59", "osm_relation_id": 1771125, "bbox": [40.7647449, 27.0976281, 41.1777576, 27.7086353], "center": [40.97551898727258, 27.360846964656506]}}, {"type": "Feature", "geometry": {"type": "Polygon", "coordinates": [[[27.8906361, 41.2535074], [27.901454, 41.2391817], [27.9101765, 41.223593], [27.9101229, 41.2216482], [27.9074322, 41.2209012], [27.9259157, 41.1974987], [27.9357647, 41.1931681], [27.9581559, 41.187423], [27.9655802, 41.19565], [27.9712343, 41.1966834], [27.9743905, 41.1954343], [27.9873383, 41.20951], [27.9914475, 41.2221687], [27.9941708, 41.2258017], [27.9982633, 41.2226434], [27.9974718, 41.2304], [27.9988287, 41.236309], [28.0003812, 41.240615], [28.0039147, 41.2440889], [28.0155317, 41.2522807], [28.0301426, 41.2561208], [28.0458562, 41.2653249], [28.0561073, 41.2668975], [28.063118, 41.277723], [28.0675243, 41.2790025], [28.0718148, 41.2825662], [28.0721357, 41.2849863], [28.0767309, 41.2879246], [28.0750917, 41.2967023], [28.0783645, 41.3010962], [28.0764326, 41.3021638], [28.0781802, 41.3119094], [28.0778702, 41.321122], [28.0798265, 41.3230219], [28.0798834, 41.3270069], [28.0850459, 41.3381136], [28.0730509, 41.3262301], [28.0642474, 41.327005], [28.0617815, 41.3292857], [28.0560069, 41.3237896], [28.0476988, 41.3235494], [28.0297143, 41.3190449], [28.0270318, 41.3221533], [28.0290882, 41.3274976], [28.0263337, 41.3286881], [28.0183282, 41.323838], [28.0091003, 41.3095813], [28.0035395, 41.3141488], [27.9997972, 41.3149116], [27.9994431, 41.3116136], [27.9949042, 41.311908], [27.9939485, 41.3099679], [27.9880292, 41.3131125], [27.9852735, 41.3181251], [27.9829502, 41.3188097], [27.9804826, 41.3153528], [27.9794105, 41.3093358], [27.9735088, 41.3051663], [27.9578576, 41.2856971], [27.9613705, 41.2842027], [27.9572367, 41.2797044], [27.9585314, 41.2786128], [27.9563589, 41.2785403], [27.9515147, 41.2732266], [27.9503757, 41.2657673], [27.9429959, 41.2674378], [27.9388788, 41.2649717], [27.9349764, 41.2654022], [27.9297674, 41.2608399], [27.9286408, 41.2572508], [27.9231906, 41.2584284], [27.9182404, 41.2547427], [27.9050589, 41.2622674], [27.8987717, 41.2618238], [27.8960252, 41.2611947], [27.8963685, 41.2572105], [27.8906361, 41.2535074]]]}, "properties": {"id": "tr-59-cerkezkoy", "name": "Çerkezköy", "province": "tekirdag", "province_plate": "59", "osm_relation_id": 1771126, "bbox": [41.187423, 27.8906361, 41.3381136, 28.0850459], "center": [41.262194036735856, 27.986946399194863]}}, {"type": "Feature", "geometry": {"type": "Polygon", "coordinates": [[[27.6127303, 41.1431298], [27.6214742, 41.1413522], [27.6210558, 41.1342174], [27.6351213, 41.1192746], [27.636162, 41.1148614], [27.6350463, 41.1108279], [27.6382971, 41.1106905], [27.63834, 41.1055006], [27.642653, 41.1007712], [27.6342738, 41.101709], [27.6322245, 41.100084], [27.636323, 41.097707], [27.6390159, 41.0936239], [27.6384902, 41.0879637], [27.6373851, 41.0858086], [27.6332974, 41.0876645], [27.6290273, 41.0782836], [27.6240277, 41.0773778], [27.6251006, 41.0704059], [27.6307869, 41.0684808], [27.6415801, 41.0587412], [27.654444, 41.0549227], [27.6743352, 41.056921], [27.6771033, 41.0553919], [27.6785409, 41.0567592], [27.6812982, 41.0557883], [27.6841414, 41.0519615], [27.6902919, 41.0688935], [27.7025628, 41.0642017], [27.7016186, 41.0630854], [27.7061891, 41.0596473], [27.7067256, 41.0585228], [27.7026164, 41.0533693], [27.7063393, 41.0531913], [27.7000093, 41.0461197], [27.7057258, 41.0469514], [27.7086353, 41.0383029], [27.7056956, 41.0292549], [27.7032441, 41.0092648], [27.6978099, 41.0079573], [27.6982499, 41.0026245], [27.7292835, 41.011533], [27.731668, 41.016929], [27.7298409, 41.0205295], [27.730349, 41.0236148], [27.734758, 41.0281465], [27.7387833, 41.0420253], [27.7463364, 41.0466376], [27.7512717, 41.0534826], [27.7548551, 41.0548256], [27.7558207, 41.0607152], [27.7636796, 41.0687565], [27.7648915, 41.0736251], [27.7756691, 41.0735118], [27.778126, 41.070882], [27.7716964, 41.0637154], [27.7815807, 41.0591619], [27.7832346, 41.0565863], [27.7860439, 41.0582599], [27.7849281, 41.060788], [27.7928996, 41.0628346], [27.7971375, 41.0675425], [27.7995385, 41.0669813], [27.8148293, 41.0719265], [27.8229177, 41.0713521], [27.8289527, 41.0732145], [27.8332883, 41.075732], [27.8426915, 41.0868943], [27.8456392, 41.0856981], [27.8421892, 41.0769314], [27.8425647, 41.0732531], [27.8517274, 41.069541], [27.8649443, 41.058783], [27.8776681, 41.0573012], [27.8799319, 41.054502], [27.8787517, 41.0525279], [27.8794491, 41.0481102], [27.8843491, 41.0458008], [27.8868778, 41.0403673], [27.894929, 41.0372686], [27.9118838, 41.0354687], [27.9138521, 41.0388732], [27.8929134, 41.0404862], [27.8928709, 41.0426079], [27.8960037, 41.0445338], [27.8950596, 41.0468641], [27.8987074, 41.0501168], [27.8983426, 41.0524632], [27.9016685, 41.0548903], [27.9038381, 41.0583335], [27.9031371, 41.0596911], [27.9053593, 41.0601165], [27.9042542, 41.0610064], [27.9052384, 41.0625968], [27.9031219, 41.0676223], [27.8979453, 41.0685966], [27.8971195, 41.0724603], [27.8884796, 41.0818418], [27.886908, 41.085661], [27.8631608, 41.102657], [27.8675616, 41.1142309], [27.8716385, 41.118927], [27.8795957, 41.1140214], [27.8915083, 41.1097527], [27.9014081, 41.1014415], [27.9117731, 41.0955902], [27.9125566, 41.0883565], [27.9148481, 41.0852046], [27.9188561, 41.0838153], [27.92616, 41.0744736], [27.9288662, 41.0675021], [27.9414157, 41.0636714], [27.9484068, 41.0656065], [27.9489738, 41.0633226], [27.9599458, 41.0663039], [27.9757529, 41.0661404], [27.9799765, 41.0676367], [27.9839906, 41.0718535], [27.9810834, 41.072064], [27.981652, 41.0756551], [27.9756062, 41.0752479], [27.9746651, 41.0779069], [27.9789505, 41.0835969], [27.9747685, 41.0876566], [27.9779506, 41.0989925], [27.9708481, 41.0998253], [27.9756868, 41.1065596], [27.972873, 41.1088861], [27.9773618, 41.1114299], [27.9724038, 41.1117251], [27.9756439, 41.1195252], [27.9758237, 41.1233733], [27.9733564, 41.1229912], [27.9807079, 41.1437923], [27.978605, 41.1513704], [27.9799676, 41.1557407], [27.9850101, 41.1621463], [28.0136239, 41.1623401], [28.0129557, 41.1669367], [28.0167889, 41.1670086], [28.0169606, 41.171499], [28.0214882, 41.1739379], [28.02334, 41.1812963], [28.0207632, 41.1840943], [28.0184627, 41.1968811], [28.0162198, 41.200823], [28.0113119, 41.2050988], [28.0066556, 41.2134487], [27.9941708, 41.2258017], [27.9914475, 41.2221687], [27.9873383, 41.20951], [27.9743905, 41.1954343], [27.9712343, 41.1966834], [27.9655802, 41.19565], [27.957517, 41.1875867], [27.9588425, 41.18601], [27.9547441, 41.1712648], [27.9499054, 41.1708852], [27.9489827, 41.17309], [27.9465151, 41.1700937], [27.9370858, 41.1692569], [27.9274607, 41.1771358], [27.9186791, 41.1707983], [27.909801, 41.1688662], [27.9017758, 41.1699161], [27.897892, 41.181343], [27.8906822, 41.1883192], [27.8814876, 41.1921058], [27.868351, 41.1938309], [27.8610438, 41.1910756], [27.8546655, 41.1863249], [27.8489953, 41.1853722], [27.8353081, 41.1790407], [27.8278327, 41.1877864], [27.826674, 41.1964654], [27.8232729, 41.1937367], [27.8190458, 41.196861], [27.8198842, 41.2003486], [27.8175437, 41.1968044], [27.8080004, 41.1895505], [27.7931575, 41.184121], [27.7840631, 41.1777501], [27.7760199, 41.1780034], [27.7771147, 41.17978], [27.7713595, 41.1804385], [27.7696783, 41.1767994], [27.7674499, 41.1758917], [27.7433347, 41.1714994], [27.73741, 41.1723712], [27.7241501, 41.179873], [27.6963186, 41.1901843], [27.6608077, 41.1947799], [27.6571369, 41.1875199], [27.6585746, 41.1855175], [27.6406653, 41.1629414], [27.6275946, 41.1576847], [27.6186418, 41.1484136], [27.6132774, 41.1451415], [27.6127303, 41.1431298]]]}, "properties": {"id": "tr-59-corlu", "name": "Çorlu", "province": "tekirdag", "province_plate": "59", "osm_relation_id": 1771127, "bbox": [41.0026245, 27.6127303, 41.2258017, 28.02334], "center": [41.12344535793909, 27.805505037242177]}}, {"type": "Feature", "geometry": {"type": "Polygon", "coordinates": [[[26.9031841, 40.5897755], [26.9112521, 40.5750272], [26.9089937, 40.5683405], [26.911118, 40.5652027], [26.9114131, 40.5590693], [26.907143, 40.5512519], [26.9087899, 40.5447177], [26.9061184, 40.5421373], [26.9076419, 40.5409796], [26.907088, 40.5382581], [26.9132617, 40.5407122], [26.9629657, 40.5507381], [26.9768435, 40.5557546], [26.9956214, 40.5559255], [26.9981769, 40.5587678], [27.00148, 40.5693466], [27.0056564, 40.5702721], [27.013414, 40.5789829], [27.0331452, 40.5935399], [27.0375331, 40.5941578], [27.0425569, 40.5980883], [27.0600007, 40.6021003], [27.0656592, 40.605112], [27.0814884, 40.6051976], [27.1099127, 40.6101225], [27.1107033, 40.6087632], [27.1119899, 40.6102383], [27.1123662, 40.6081586], [27.1102188, 40.6078758], [27.1125695, 40.6079586], [27.1146417, 40.6100468], [27.1170339, 40.6083964], [27.1167149, 40.6097139], [27.1209484, 40.6111376], [27.1465175, 40.6154738], [27.1690064, 40.6264746], [27.1783362, 40.6274487], [27.1885841, 40.6404018], [27.1983723, 40.6430272], [27.2095418, 40.6514081], [27.2156904, 40.6526875], [27.2297409, 40.6596424], [27.2410672, 40.660275], [27.2514204, 40.6721101], [27.2638149, 40.6773908], [27.2653621, 40.6761953], [27.2644566, 40.6772109], [27.2661269, 40.678629], [27.2676516, 40.6772203], [27.265157, 40.6749349], [27.267796, 40.6769766], [27.2675238, 40.6798295], [27.297698, 40.6952558], [27.3003815, 40.6984456], [27.3090668, 40.7027257], [27.310789, 40.7090354], [27.314822, 40.7112915], [27.3153182, 40.7106495], [27.3135671, 40.7092264], [27.3136938, 40.7085597], [27.3185329, 40.7143061], [27.3188827, 40.7207638], [27.3244149, 40.7291513], [27.3313648, 40.7351024], [27.3368434, 40.7575887], [27.344547, 40.766202], [27.3642368, 40.7796072], [27.3669502, 40.7836642], [27.375859, 40.790368], [27.38316, 40.7997039], [27.3900887, 40.802181], [27.3927676, 40.8069629], [27.4041062, 40.8125924], [27.3964798, 40.8150922], [27.3930895, 40.8130622], [27.3843723, 40.8177067], [27.3821354, 40.8145888], [27.3775592, 40.8145986], [27.3577886, 40.8187638], [27.3494875, 40.8165781], [27.3284562, 40.8150435], [27.3117009, 40.8044872], [27.3113232, 40.8019571], [27.3148978, 40.8015957], [27.3185104, 40.7976457], [27.3180435, 40.7953721], [27.3020118, 40.7902168], [27.3000255, 40.7866557], [27.2907977, 40.7834923], [27.2848545, 40.7826292], [27.2812519, 40.7844786], [27.2801121, 40.7827063], [27.2729764, 40.7811805], [27.2565714, 40.7813654], [27.2509914, 40.7780007], [27.2498196, 40.7751964], [27.2254959, 40.7647449], [27.2221206, 40.7685743], [27.223385, 40.7691595], [27.2218748, 40.771181], [27.2169404, 40.7726704], [27.2147804, 40.7754231], [27.2153073, 40.7774178], [27.2125152, 40.778189], [27.2103377, 40.78392], [27.2077388, 40.784731], [27.2103728, 40.7864861], [27.2110577, 40.789318], [27.206931, 40.791751], [27.2083885, 40.7941972], [27.2047009, 40.7933729], [27.1994503, 40.7954202], [27.2000123, 40.7974143], [27.1984318, 40.7996476], [27.2003635, 40.8064932], [27.1906702, 40.8096964], [27.1919521, 40.8106268], [27.1900029, 40.8131653], [27.191917, 40.8161688], [27.1919998, 40.8216311], [27.1787931, 40.8199695], [27.1722909, 40.8149963], [27.1657887, 40.8067243], [27.1614309, 40.8042897], [27.1648895, 40.7916698], [27.1686939, 40.7920364], [27.1701811, 40.7889466], [27.1749886, 40.7887894], [27.1749886, 40.7872706], [27.1820441, 40.7832378], [27.1855373, 40.7779476], [27.1942876, 40.7745428], [27.1979537, 40.7711378], [27.2015506, 40.7712688], [27.2087791, 40.7629128], [27.2079491, 40.7617077], [27.2014905, 40.7607912], [27.1933043, 40.7561566], [27.1844827, 40.7534373], [27.1799585, 40.7559172], [27.176025, 40.7616899], [27.1758699, 40.764765], [27.1661913, 40.7709731], [27.1553039, 40.7746169], [27.1511339, 40.7818043], [27.146875, 40.7810263], [27.1444526, 40.7781187], [27.1437141, 40.7799094], [27.140812, 40.780448], [27.1387973, 40.7771967], [27.1360228, 40.7785531], [27.1334238, 40.7761595], [27.1354608, 40.7719307], [27.1327214, 40.7621953], [27.1273831, 40.7605194], [27.1168517, 40.7575595], [27.1170312, 40.7603095], [27.1143758, 40.7622639], [27.1048969, 40.7622842], [27.0992482, 40.7597528], [27.0953375, 40.7555634], [27.0903915, 40.7545638], [27.0858157, 40.7515241], [27.0802581, 40.7553155], [27.0773452, 40.7533], [27.0765942, 40.7546857], [27.0790672, 40.7571441], [27.0777047, 40.757457], [27.074309, 40.7543971], [27.071718, 40.7567499], [27.0625019, 40.7545109], [27.0600933, 40.7488054], [27.0565796, 40.7478584], [27.0537955, 40.7448673], [27.049005, 40.7450054], [27.041924, 40.740616], [27.0429861, 40.7353238], [27.0417201, 40.7333971], [27.035197, 40.7325597], [27.0343172, 40.7291125], [27.0395529, 40.7262912], [27.0396173, 40.723608], [27.032901, 40.7186479], [27.0343172, 40.7123863], [27.0300257, 40.7072546], [27.0307338, 40.7002679], [27.0221186, 40.7011545], [27.0247793, 40.6927681], [27.0164215, 40.6848606], [27.0134926, 40.6845108], [27.0122266, 40.6874233], [27.0094693, 40.6872688], [27.0054781, 40.6810774], [26.9980001, 40.6826639], [26.9897175, 40.6763664], [26.981982, 40.6808658], [26.9794607, 40.6789213], [26.9786239, 40.6726233], [26.9739407, 40.6706297], [26.9679809, 40.6708087], [26.9601273, 40.6611203], [26.9520378, 40.6617023], [26.9484115, 40.6572178], [26.9488621, 40.6545521], [26.9421941, 40.6527777], [26.9439697, 40.648313], [26.9420814, 40.646514], [26.9359821, 40.6473524], [26.9371301, 40.6439659], [26.9348019, 40.6412347], [26.9263798, 40.6407218], [26.9241053, 40.6385725], [26.9225228, 40.6425006], [26.9250119, 40.6439782], [26.9245398, 40.6454028], [26.9220351, 40.6462887], [26.9182615, 40.6433125], [26.9145899, 40.6453995], [26.9135159, 40.6402008], [26.919449, 40.6324132], [26.9121641, 40.6266646], [26.9188428, 40.6170065], [26.9138378, 40.6118674], [26.9154203, 40.6061456], [26.910823, 40.6006228], [26.9085056, 40.5949204], [26.9057751, 40.5947208], [26.9049221, 40.5907898], [26.9031841, 40.5897755]]]}, "properties": {"id": "tr-59-sarkoy", "name": "Şarköy", "province": "tekirdag", "province_plate": "59", "osm_relation_id": 1771128, "bbox": [40.5382581, 26.9031841, 40.8216311, 27.4041062], "center": [40.686263905041415, 27.12813599411344]}}, {"type": "Feature", "geometry": {"type": "Polygon", "coordinates": [[[27.5705016, 41.3208242], [27.5826788, 41.3171981], [27.5804171, 41.3129687], [27.5840413, 41.3083014], [27.5823247, 41.3054323], [27.5881934, 41.2929308], [27.5915837, 41.2896579], [27.5922918, 41.2876103], [27.5906547, 41.2858056], [27.5964761, 41.2809348], [27.5881076, 41.2770244], [27.5888586, 41.2747102], [27.5872707, 41.2732911], [27.5908327, 41.2719364], [27.5865412, 41.2695011], [27.5869274, 41.2674045], [27.5837302, 41.2626625], [27.576633, 41.2579384], [27.5781512, 41.256291], [27.5879788, 41.2620819], [27.596004, 41.2580332], [27.60257, 41.2613883], [27.6042974, 41.2606302], [27.6035187, 41.2593896], [27.6285767, 41.2349299], [27.627957, 41.2231514], [27.6208949, 41.2227618], [27.6173714, 41.2208017], [27.6182985, 41.218856], [27.6147365, 41.2193241], [27.6155734, 41.2178068], [27.6139855, 41.2166286], [27.6161313, 41.2128676], [27.6144361, 41.2122058], [27.616024, 41.2097522], [27.6106041, 41.1992777], [27.6417303, 41.1947055], [27.6700115, 41.1945601], [27.6963186, 41.1901843], [27.7241501, 41.179873], [27.73741, 41.1723712], [27.7433347, 41.1714994], [27.7674499, 41.1758917], [27.7696783, 41.1767994], [27.7713595, 41.1804385], [27.7771147, 41.17978], [27.7760199, 41.1780034], [27.7840631, 41.1777501], [27.7931575, 41.184121], [27.8080004, 41.1895505], [27.8175437, 41.1968044], [27.8198842, 41.2003486], [27.8190458, 41.196861], [27.8232729, 41.1937367], [27.826674, 41.1964654], [27.8278327, 41.1877864], [27.8353081, 41.1790407], [27.8489953, 41.1853722], [27.8546655, 41.1863249], [27.8610438, 41.1910756], [27.868351, 41.1938309], [27.8814876, 41.1921058], [27.8906822, 41.1883192], [27.897892, 41.181343], [27.9017758, 41.1699161], [27.909801, 41.1688662], [27.9186791, 41.1707983], [27.9274607, 41.1771358], [27.9370858, 41.1692569], [27.9465151, 41.1700937], [27.9489827, 41.17309], [27.9499054, 41.1708852], [27.9547441, 41.1712648], [27.9588425, 41.18601], [27.957517, 41.1875867], [27.9357647, 41.1931681], [27.9259157, 41.1974987], [27.9074322, 41.2209012], [27.9101229, 41.2216482], [27.9101765, 41.223593], [27.901454, 41.2391817], [27.8906361, 41.2535074], [27.8963685, 41.2572105], [27.8960252, 41.2611947], [27.9019368, 41.2611625], [27.9016042, 41.2625738], [27.9049086, 41.2639368], [27.9101121, 41.2707591], [27.9013359, 41.2751215], [27.897141, 41.2742909], [27.890237, 41.2765607], [27.8900868, 41.2752505], [27.8884077, 41.2754762], [27.8894102, 41.2762293], [27.8807044, 41.2795884], [27.8649974, 41.2911009], [27.8624414, 41.2892724], [27.8664694, 41.2993564], [27.86165, 41.3049407], [27.8693104, 41.31084], [27.8692674, 41.3125888], [27.8593111, 41.3164004], [27.8549874, 41.3202762], [27.8500843, 41.3212673], [27.8486895, 41.3193979], [27.8450739, 41.3179959], [27.8418016, 41.318705], [27.8381071, 41.3165331], [27.8364801, 41.3177219], [27.8375745, 41.3206227], [27.8352678, 41.3216219], [27.8317702, 41.3197122], [27.8296137, 41.3216299], [27.824068, 41.321422], [27.822243, 41.3224679], [27.8235197, 41.3253363], [27.8149474, 41.3289699], [27.81057, 41.3283495], [27.8085961, 41.3263056], [27.8092933, 41.3284784], [27.8064716, 41.3329256], [27.8040576, 41.341827], [27.8030276, 41.3395151], [27.7990307, 41.3381347], [27.7911362, 41.3416875], [27.7654123, 41.3225323], [27.7658844, 41.3213721], [27.7622366, 41.3197767], [27.7543294, 41.3120649], [27.7548551, 41.3110415], [27.7507675, 41.3096312], [27.7509498, 41.3079549], [27.7468514, 41.3054726], [27.7472591, 41.3025389], [27.7451455, 41.3030386], [27.744534, 41.2988393], [27.7419698, 41.2981219], [27.7421415, 41.2964614], [27.7399206, 41.2948977], [27.7408969, 41.2942367], [27.7395558, 41.2937611], [27.7397811, 41.2916088], [27.7379465, 41.2913266], [27.735393, 41.2870137], [27.7320135, 41.2860946], [27.7277673, 41.2778182], [27.7072835, 41.3194302], [27.6983249, 41.328986], [27.699548, 41.3330786], [27.6982713, 41.3394588], [27.6953208, 41.3403771], [27.6867056, 41.3382585], [27.6806438, 41.3348026], [27.6748502, 41.3260533], [27.6694375, 41.3260211], [27.6662135, 41.3229433], [27.6622546, 41.3232656], [27.6599021, 41.3214543], [27.6590788, 41.3304523], [27.6608383, 41.3315117], [27.656976, 41.3346173], [27.6589072, 41.3356888], [27.6546264, 41.3416175], [27.6588642, 41.3457013], [27.6428032, 41.3543513], [27.6414196, 41.3567613], [27.6453261, 41.3666964], [27.6490688, 41.371189], [27.6470732, 41.3735077], [27.6507425, 41.3759552], [27.6493048, 41.3790466], [27.6544118, 41.3830395], [27.6523089, 41.3842792], [27.6554555, 41.3867179], [27.6534891, 41.3880142], [27.6563859, 41.390606], [27.6548087, 41.3917248], [27.6579952, 41.3945337], [27.6539222, 41.3963411], [27.6449168, 41.3887789], [27.643361, 41.3898736], [27.6473307, 41.3929724], [27.6448631, 41.3940831], [27.6420307, 41.3928436], [27.631495, 41.3963286], [27.6281521, 41.3945285], [27.6273943, 41.3998513], [27.6288986, 41.4019863], [27.6273107, 41.4036279], [27.6296496, 41.4103874], [27.6267528, 41.4120771], [27.6306563, 41.4203571], [27.6152594, 41.4251494], [27.6115393, 41.4185139], [27.6090288, 41.418353], [27.6101231, 41.417484], [27.6092648, 41.414314], [27.606883, 41.4116587], [27.6044369, 41.4126404], [27.5997161, 41.4059456], [27.5917983, 41.400763], [27.5942445, 41.39991], [27.5924635, 41.3965942], [27.5885831, 41.3942691], [27.5822067, 41.3953064], [27.5872493, 41.3925699], [27.5857472, 41.3896562], [27.5903821, 41.3873702], [27.5900173, 41.3863721], [27.5911669, 41.3870231], [27.6062178, 41.3691761], [27.5964331, 41.3593201], [27.5931716, 41.3584343], [27.5887298, 41.35415], [27.5875054, 41.3498506], [27.5778618, 41.3413353], [27.5883865, 41.3366393], [27.5841808, 41.3312902], [27.5705016, 41.3208242]]]}, "properties": {"id": "tr-59-ergene", "name": "Ergene", "province": "tekirdag", "province_plate": "59", "osm_relation_id": 3525530, "bbox": [41.1688662, 27.5705016, 41.4251494, 27.9588425], "center": [41.264481315324225, 27.739771140842453]}}, {"type": "Feature", "geometry": {"type": "Polygon", "coordinates": [[[27.7818167, 41.3546251], [27.7850461, 41.3468531], [27.7927172, 41.3403609], [27.7990307, 41.3381347], [27.8030276, 41.3395151], [27.8040576, 41.341827], [27.8064716, 41.3329256], [27.8092933, 41.3284784], [27.8085961, 41.3263056], [27.81057, 41.3283495], [27.8149474, 41.3289699], [27.8235197, 41.3253363], [27.822243, 41.3224679], [27.824068, 41.321422], [27.8296137, 41.3216299], [27.8317702, 41.3197122], [27.8352678, 41.3216219], [27.8375745, 41.3206227], [27.8364801, 41.3177219], [27.8381071, 41.3165331], [27.8523213, 41.3214124], [27.8593111, 41.3164004], [27.8692674, 41.3125888], [27.8693104, 41.31084], [27.86165, 41.3049407], [27.8664694, 41.2993564], [27.8624414, 41.2892724], [27.8649974, 41.2911009], [27.8807044, 41.2795884], [27.8894102, 41.2762293], [27.8884077, 41.2754762], [27.8900868, 41.2752505], [27.890237, 41.2765607], [27.897141, 41.2742909], [27.9013359, 41.2751215], [27.9025846, 41.273418], [27.9038679, 41.2742022], [27.9094423, 41.271422], [27.9049086, 41.2639368], [27.9017096, 41.2623071], [27.9071724, 41.2613963], [27.9182404, 41.2547427], [27.9231906, 41.2584284], [27.9286408, 41.2572508], [27.9297674, 41.2608399], [27.9349764, 41.2654022], [27.9388788, 41.2649717], [27.9429959, 41.2674378], [27.9503757, 41.2657673], [27.9515147, 41.2732266], [27.9563589, 41.2785403], [27.9585314, 41.2786128], [27.9572367, 41.2797044], [27.9613705, 41.2842027], [27.9578576, 41.2856971], [27.9735088, 41.3051663], [27.9794105, 41.3093358], [27.9804826, 41.3153528], [27.9829502, 41.3188097], [27.9852735, 41.3181251], [27.9880292, 41.3131125], [27.9939485, 41.3099679], [27.9949042, 41.311908], [27.9994431, 41.3116136], [27.9997972, 41.3149116], [28.0035395, 41.3141488], [28.0091003, 41.3095813], [28.0183282, 41.323838], [28.0263337, 41.3286881], [28.0290882, 41.3274976], [28.0270318, 41.3221533], [28.0297143, 41.3190449], [28.0476988, 41.3235494], [28.0560069, 41.3237896], [28.0617815, 41.3292857], [28.0642474, 41.327005], [28.0735275, 41.326429], [28.0826552, 41.3371207], [28.0866122, 41.3393138], [28.0897665, 41.3462732], [28.0877387, 41.3524185], [28.0893576, 41.3695754], [28.0988078, 41.3860364], [28.0989144, 41.394076], [28.0778253, 41.397399], [28.0713343, 41.4041591], [28.0673647, 41.4047546], [28.0626655, 41.4015195], [28.0595648, 41.4028795], [28.056196, 41.4007469], [28.0526447, 41.4008193], [28.0492544, 41.3931494], [28.0431712, 41.3907348], [28.034844, 41.3795223], [28.0256295, 41.3833937], [28.0193853, 41.38151], [28.011961, 41.3822506], [28.0033564, 41.3784831], [27.9987645, 41.3800127], [27.9945159, 41.3783221], [27.9801607, 41.3777103], [27.977221, 41.376245], [27.9776931, 41.3725657], [27.971524, 41.3745463], [27.9665029, 41.3703919], [27.967962, 41.3654964], [27.9632413, 41.3647395], [27.9651403, 41.3632337], [27.9617125, 41.3633907], [27.9577535, 41.356868], [27.9589069, 41.3517903], [27.9575229, 41.3512184], [27.9646468, 41.3413437], [27.9335761, 41.3234751], [27.9217207, 41.3273827], [27.9062068, 41.3381377], [27.9075587, 41.3393218], [27.905812, 41.3403758], [27.9143071, 41.3534493], [27.9148221, 41.3572747], [27.9106915, 41.3605361], [27.9105198, 41.3628069], [27.9035604, 41.3679462], [27.9061103, 41.3850761], [27.8956711, 41.38766], [27.8818846, 41.3886179], [27.8667033, 41.3856235], [27.8627443, 41.3881108], [27.859579, 41.3845923], [27.8581309, 41.3870321], [27.8507602, 41.3899379], [27.8472519, 41.3936887], [27.8420055, 41.392095], [27.8342807, 41.3937048], [27.8302359, 41.3841826], [27.8247857, 41.3775412], [27.8140998, 41.3698685], [27.807641, 41.3683629], [27.8035641, 41.3655688], [27.7989077, 41.3653031], [27.7818167, 41.3546251]]]}, "properties": {"id": "tr-59-kapakli", "name": "Kapaklı", "province": "tekirdag", "province_plate": "59", "osm_relation_id": 3527588, "bbox": [41.2547427, 27.7818167, 41.4047546, 28.0989144], "center": [41.339279065889635, 27.94226219701889]}}, {"type": "Feature", "geometry": {"type": "Polygon", "coordinates": [[[26.9653912, 42.000675], [26.9657868, 41.9969206], [26.9677663, 41.9957804], [26.9674873, 41.9914665], [26.9714355, 41.9894331], [26.9745469, 41.9840102], [26.9741821, 41.9808121], [26.9797826, 41.9790854], [26.9812578, 41.9753288], [26.9863593, 41.9731074], [26.9867161, 41.9654894], [26.9896531, 41.9628329], [26.9893454, 41.9537051], [27.000682, 41.9586798], [27.0102283, 41.9583074], [27.0211318, 41.9553431], [27.0297824, 41.9488234], [27.0321158, 41.9418845], [27.0286364, 41.9384127], [27.0311952, 41.9350483], [27.0323605, 41.9257601], [27.0355, 41.9234], [27.036, 41.9204], [27.0522425, 41.9238395], [27.0566318, 41.9217597], [27.0634, 41.9227], [27.077254, 41.916178], [27.0827146, 41.909784], [27.0881966, 41.912384], [27.089, 41.9149], [27.090193, 41.9134954], [27.0892, 41.9158], [27.093873, 41.9182457], [27.0920387, 41.9198597], [27.093, 41.9225], [27.1126288, 41.9157441], [27.1203357, 41.9177188], [27.1232164, 41.9167687], [27.1246648, 41.9135912], [27.1357691, 41.9112759], [27.1384004, 41.902324], [27.1456931, 41.9011996], [27.1474, 41.8973], [27.1483287, 41.8873875], [27.1535034, 41.8790485], [27.151736, 41.8732813], [27.1545142, 41.8705402], [27.1529, 41.8657], [27.1570038, 41.8649918], [27.1583287, 41.8612402], [27.1658184, 41.8581562], [27.1735035, 41.8648498], [27.1791994, 41.866349], [27.1854962, 41.8705], [27.1961, 41.8727118], [27.1977281, 41.8747457], [27.2107, 41.8749], [27.2205, 41.8826], [27.2212136, 41.884036], [27.2192716, 41.8862805], [27.2205, 41.8878], [27.2274322, 41.8890201], [27.228595, 41.8919592], [27.227093, 41.8994502], [27.2217, 41.9108], [27.2248, 41.9124], [27.224682, 41.9174672], [27.2380567, 41.923008], [27.2434146, 41.9275033], [27.2514245, 41.9281], [27.2533365, 41.9296762], [27.262318, 41.9283479], [27.2603738, 41.9314487], [27.2611785, 41.9343779], [27.2596979, 41.937722], [27.2637856, 41.9403955], [27.2639787, 41.9424704], [27.2579813, 41.9437951], [27.259022, 41.9451278], [27.2628415, 41.9441622], [27.2613609, 41.9486229], [27.2629, 41.9491], [27.262305, 41.9506497], [27.2661283, 41.9582516], [27.2694504, 41.9586205], [27.268399, 41.9631201], [27.2697508, 41.9692068], [27.2644293, 41.9727564], [27.2550094, 41.9744394], [27.249527, 41.9785949], [27.2505247, 41.9809956], [27.2493446, 41.983133], [27.254591, 41.9910279], [27.2538292, 41.9925191], [27.2485828, 41.9920247], [27.2485828, 41.995876], [27.2517586, 41.999767], [27.2550416, 42.0003491], [27.2558141, 42.0025895], [27.2645473, 42.0006281], [27.265985, 42.0026851], [27.2654271, 42.0052683], [27.2754693, 42.0051407], [27.2721004, 42.0136706], [27.2759199, 42.0102588], [27.2847819, 42.0131764], [27.2820353, 42.018804], [27.2768211, 42.0188837], [27.2774863, 42.0203184], [27.2736668, 42.0259135], [27.2794604, 42.0301214], [27.2807479, 42.0338987], [27.2884297, 42.03664], [27.2905326, 42.0352056], [27.2928393, 42.0387675], [27.3031497, 42.0406559], [27.3080957, 42.0437713], [27.3161745, 42.0448788], [27.321893, 42.0477231], [27.3187387, 42.0521607], [27.3253047, 42.0555145], [27.3250151, 42.0603258], [27.3287714, 42.071744], [27.3263852, 42.072312], [27.3263303, 42.0800491], [27.3167018, 42.0786737], [27.3118537, 42.086862], [27.2999687, 42.0865527], [27.293666, 42.0971656], [27.2829439, 42.0950268], [27.2720924, 42.0978394], [27.273018, 42.101823], [27.2707057, 42.1043242], [27.2620886, 42.0996507], [27.2524254, 42.0987548], [27.2469465, 42.0999683], [27.2440626, 42.1031723], [27.2392148, 42.1048008], [27.2306457, 42.0991556], [27.2213113, 42.098155], [27.2160837, 42.0888247], [27.2164015, 42.0851323], [27.2033592, 42.0832776], [27.1983659, 42.0787054], [27.1982209, 42.0735484], [27.2031601, 42.0706303], [27.20699, 42.0609387], [27.200863, 42.0593794], [27.1990986, 42.0610119], [27.1918977, 42.0602889], [27.1848758, 42.0638865], [27.1858176, 42.0657667], [27.1836495, 42.0700294], [27.1766051, 42.0698304], [27.1737436, 42.0661612], [27.1635644, 42.0646118], [27.1590906, 42.0654227], [27.1557401, 42.0705177], [27.1527297, 42.0720183], [27.1498918, 42.0691048], [27.1481287, 42.0695572], [27.1437728, 42.0668413], [27.132808, 42.0665466], [27.1294391, 42.0682749], [27.1258664, 42.0767805], [27.1229719, 42.0791117], [27.1136141, 42.0802445], [27.1087646, 42.0870684], [27.1034002, 42.0852769], [27.0998275, 42.0871082], [27.0916748, 42.0864637], [27.0904505, 42.0880637], [27.0853543, 42.0889873], [27.0816904, 42.0875862], [27.0729518, 42.0893694], [27.0707846, 42.0904841], [27.0709884, 42.091965], [27.0669436, 42.093398], [27.0572716, 42.0861448], [27.0506036, 42.0837362], [27.0422566, 42.0848031], [27.0323665, 42.0789705], [27.0246714, 42.0814487], [27.021389, 42.0738658], [27.0245004, 42.0737503], [27.0229971, 42.0673345], [27.0281618, 42.0631312], [27.0283727, 42.0603458], [27.0261553, 42.0589538], [27.025852, 42.0557761], [27.0221718, 42.0553951], [27.0144786, 42.0448982], [27.0075071, 42.03844], [27.0034639, 42.0393567], [26.9973569, 42.0361811], [26.9944151, 42.0386936], [26.9823069, 42.0377597], [26.9808857, 42.0355411], [26.9835744, 42.0331791], [26.9808524, 42.0272021], [26.9851445, 42.019874], [26.9808824, 42.0173407], [26.9784478, 42.0129972], [26.9719725, 42.0089214], [26.9653912, 42.000675]]]}, "properties": {"id": "tr-39-kofcaz", "name": "Kofçaz", "province": "kirklareli", "province_plate": "39", "osm_relation_id": 1834226, "bbox": [41.8581562, 26.9653912, 42.1048008, 27.3287714], "center": [41.99765821005377, 27.14643716703462]}}, {"type": "Feature", "geometry": {"type": "Polygon", "coordinates": [[[26.8999708, 41.6167979], [26.9071698, 41.6125707], [26.9078565, 41.6096268], [26.9116974, 41.6055275], [26.9208491, 41.6033454], [26.9392061, 41.6054393], [26.9450211, 41.6133648], [26.9468343, 41.6225967], [26.9501817, 41.629181], [26.9529498, 41.6300551], [26.9545913, 41.6360212], [26.9709849, 41.6375286], [26.9758129, 41.6365824], [26.9751477, 41.6352674], [26.9767515, 41.634437], [26.9786958, 41.6363525], [26.9979036, 41.6324608], [27.0006938, 41.6270871], [27.0021307, 41.6098674], [27.007066, 41.6080384], [27.0173764, 41.6186747], [27.0271289, 41.6211932], [27.0329224, 41.6286598], [27.0497453, 41.6239201], [27.0472026, 41.6208644], [27.0470309, 41.6166054], [27.0488226, 41.6176722], [27.0616114, 41.6157792], [27.0626199, 41.6153782], [27.0611179, 41.6137579], [27.07057, 41.6095787], [27.0775115, 41.6099075], [27.0981538, 41.6065784], [27.1037757, 41.6112632], [27.1069729, 41.6096027], [27.1091938, 41.610453], [27.1186459, 41.6083994], [27.1257591, 41.6052949], [27.1287095, 41.6022864], [27.1350181, 41.6004733], [27.137593, 41.5968869], [27.1505642, 41.5881649], [27.1469593, 41.5835587], [27.1509504, 41.581127], [27.1558106, 41.5806214], [27.165252, 41.5746101], [27.178427, 41.5741125], [27.178309, 41.5752522], [27.1822894, 41.5740563], [27.1751225, 41.5799553], [27.1772575, 41.5867526], [27.1744466, 41.5877797], [27.1749616, 41.5902432], [27.1776116, 41.5944798], [27.1768069, 41.5956754], [27.1793282, 41.5959161], [27.1816134, 41.5922653], [27.1846175, 41.5969029], [27.189188, 41.5992056], [27.194885, 41.5915832], [27.1937156, 41.5899142], [27.1993375, 41.589192], [27.2033179, 41.5868729], [27.2073519, 41.5874266], [27.2100985, 41.5838877], [27.2169864, 41.581432], [27.2177589, 41.5830932], [27.2207951, 41.5830772], [27.2210097, 41.581119], [27.2261488, 41.5825234], [27.2320497, 41.5857495], [27.2355473, 41.5837111], [27.2372639, 41.5867686], [27.2428322, 41.5864316], [27.2471022, 41.5881167], [27.2574878, 41.5855649], [27.2517908, 41.5829568], [27.2560823, 41.5816086], [27.2557282, 41.5804529], [27.2527778, 41.5806937], [27.2529709, 41.5744095], [27.2477567, 41.5684538], [27.2483361, 41.5671373], [27.2600704, 41.5619485], [27.2707563, 41.5753657], [27.2739089, 41.567234], [27.2836661, 41.5603461], [27.2833335, 41.5591419], [27.2870563, 41.5565408], [27.2975921, 41.5558022], [27.3064756, 41.5520447], [27.308557, 41.5510169], [27.3076236, 41.5497162], [27.3105204, 41.5482629], [27.3120761, 41.5448744], [27.3144042, 41.5445613], [27.3179555, 41.547195], [27.3207879, 41.5568619], [27.3276704, 41.5655038], [27.3276758, 41.5674424], [27.3303687, 41.5692404], [27.3338234, 41.5791688], [27.3394883, 41.585284], [27.3388767, 41.5888309], [27.3504746, 41.6045969], [27.3534357, 41.6128114], [27.3579311, 41.6173754], [27.3571372, 41.619549], [27.3615682, 41.6241366], [27.3651446, 41.6312256], [27.3712778, 41.6272804], [27.3755264, 41.6200062], [27.3879182, 41.6146242], [27.3999452, 41.6377211], [27.4062216, 41.6450895], [27.4086571, 41.6530502], [27.4125945, 41.6585893], [27.4184847, 41.6615391], [27.4165213, 41.6640879], [27.4165642, 41.6691852], [27.4189997, 41.6749473], [27.4132924, 41.6776746], [27.4216604, 41.6801881], [27.4322176, 41.6879122], [27.4353933, 41.6856047], [27.4438905, 41.6899312], [27.4465406, 41.6953229], [27.4455106, 41.7046712], [27.4506068, 41.7133374], [27.448858, 41.7152836], [27.449727, 41.7198643], [27.4513042, 41.7204169], [27.4502849, 41.7233398], [27.4520874, 41.7244448], [27.4520016, 41.7276718], [27.4501133, 41.7299698], [27.4575484, 41.7343013], [27.4623442, 41.7444445], [27.4706375, 41.7508001], [27.4755192, 41.7515765], [27.4757767, 41.7532574], [27.480669, 41.7498636], [27.4843061, 41.7514805], [27.4839628, 41.7659103], [27.4866128, 41.7678069], [27.4873102, 41.7712157], [27.485894, 41.7740322], [27.4912584, 41.7705355], [27.4939942, 41.7783768], [27.4973416, 41.7790488], [27.5058818, 41.7749203], [27.5096369, 41.7706555], [27.5147438, 41.7737602], [27.5139284, 41.7791208], [27.522726, 41.7826411], [27.5203872, 41.7863691], [27.5270176, 41.7893929], [27.5299573, 41.796576], [27.5382711, 41.8060575], [27.5470269, 41.807525], [27.5503313, 41.8058456], [27.5595045, 41.8057016], [27.563914, 41.8022067], [27.5780976, 41.8022947], [27.581799, 41.807501], [27.5827861, 41.8163053], [27.5502133, 41.8307765], [27.554183, 41.8373315], [27.5551808, 41.8428707], [27.553786, 41.8474983], [27.5502133, 41.8499758], [27.5524878, 41.8534522], [27.5509643, 41.8546748], [27.5541294, 41.8549705], [27.5527131, 41.8595333], [27.5539362, 41.8622102], [27.558099, 41.8632089], [27.560277, 41.8659815], [27.5565112, 41.8665008], [27.5549018, 41.8692492], [27.5522625, 41.8698884], [27.5520265, 41.8722692], [27.558893, 41.8761518], [27.5548589, 41.8814879], [27.5448596, 41.8820391], [27.5476169, 41.8792912], [27.5462437, 41.8771503], [27.5418126, 41.8758322], [27.5389051, 41.878077], [27.5386155, 41.8760319], [27.5356221, 41.87453], [27.5267064, 41.878716], [27.5206768, 41.8756964], [27.5168534, 41.8766751], [27.5113857, 41.8740188], [27.5113106, 41.8763035], [27.5023091, 41.8749934], [27.4947882, 41.876687], [27.4913871, 41.8729083], [27.4897563, 41.8749934], [27.4863446, 41.8740188], [27.4866441, 41.8800433], [27.4821067, 41.8873268], [27.4880933, 41.8904897], [27.4823427, 41.8970544], [27.481699, 41.9047205], [27.5001204, 41.9085532], [27.5048411, 41.9128966], [27.5105595, 41.9144695], [27.5171792, 41.9138866], [27.5197434, 41.9173835], [27.5215673, 41.9156351], [27.5297427, 41.9159225], [27.5342703, 41.9144615], [27.5408767, 41.9159385], [27.5364488, 41.9238291], [27.531394, 41.9277128], [27.5295839, 41.9373469], [27.5242197, 41.9416031], [27.5191212, 41.9500974], [27.5150019, 41.9515777], [27.5103409, 41.9584029], [27.5044481, 41.9578437], [27.5030901, 41.9518825], [27.5016883, 41.9537548], [27.4963964, 41.9544272], [27.4953625, 41.952606], [27.4898604, 41.951474], [27.4892984, 41.9541343], [27.4750252, 41.958051], [27.4677216, 41.9584506], [27.4678974, 41.965325], [27.4635107, 41.9687886], [27.4470587, 41.9670657], [27.4461478, 41.9738262], [27.4403628, 41.97445], [27.4389006, 41.9761192], [27.4379018, 41.9811681], [27.434418, 41.9832529], [27.4351371, 41.986971], [27.4326681, 41.9913064], [27.424518, 41.9905403], [27.4240626, 41.9883488], [27.420379, 41.9884736], [27.4145221, 41.9908076], [27.4132037, 41.999822], [27.4026485, 42.0060744], [27.3936994, 42.0058785], [27.3929563, 42.0132048], [27.3907909, 42.0156685], [27.3916766, 42.0185463], [27.3838873, 42.0215038], [27.3805873, 42.0351313], [27.3755614, 42.0380926], [27.3769265, 42.0412575], [27.3742972, 42.0416668], [27.3763121, 42.0460686], [27.3723365, 42.0468671], [27.3725172, 42.0491014], [27.3657044, 42.057045], [27.3523499, 42.0607078], [27.3365287, 42.0596613], [27.3346547, 42.062233], [27.3357281, 42.0670331], [27.3287714, 42.071744], [27.3250151, 42.0603258], [27.3253047, 42.0555145], [27.3187387, 42.0521607], [27.321893, 42.0477231], [27.3161745, 42.0448788], [27.3080957, 42.0437713], [27.3031497, 42.0406559], [27.2928393, 42.0387675], [27.2905326, 42.0352056], [27.2884297, 42.03664], [27.2807479, 42.0338987], [27.2794604, 42.0301214], [27.2736668, 42.0259135], [27.2774863, 42.0203184], [27.2768211, 42.0188837], [27.2820353, 42.018804], [27.2847819, 42.0131764], [27.2759199, 42.0102588], [27.2721004, 42.0136706], [27.2754693, 42.0051407], [27.2654271, 42.0052683], [27.265985, 42.0026851], [27.2645473, 42.0006281], [27.2558141, 42.0025895], [27.2550416, 42.0003491], [27.2517586, 41.999767], [27.2485828, 41.995876], [27.2485828, 41.9920247], [27.2538292, 41.9925191], [27.254591, 41.9910279], [27.2493446, 41.983133], [27.2505247, 41.9809956], [27.249527, 41.9785949], [27.2550094, 41.9744394], [27.2644293, 41.9727564], [27.2697508, 41.9692068], [27.268399, 41.9631201], [27.2694504, 41.9586205], [27.2661283, 41.9582516], [27.262305, 41.9506497], [27.2629, 41.9491], [27.2613609, 41.9486229], [27.2628415, 41.9441622], [27.259022, 41.9451278], [27.2579813, 41.9437951], [27.2639787, 41.9424704], [27.2637856, 41.9403955], [27.2596979, 41.937722], [27.2611785, 41.9343779], [27.2603738, 41.9314487], [27.262318, 41.9283479], [27.2533365, 41.9296762], [27.2514245, 41.9281], [27.2434146, 41.9275033], [27.2380567, 41.923008], [27.224682, 41.9174672], [27.2248, 41.9124], [27.2217, 41.9108], [27.227093, 41.8994502], [27.228595, 41.8919592], [27.2274322, 41.8890201], [27.2205, 41.8878], [27.2192716, 41.8862805], [27.2212136, 41.884036], [27.2205, 41.8826], [27.2107, 41.8749], [27.1977281, 41.8747457], [27.1961, 41.8727118], [27.1854962, 41.8705], [27.1791994, 41.866349], [27.1735035, 41.8648498], [27.1658184, 41.8581562], [27.1583287, 41.8612402], [27.1570038, 41.8649918], [27.1529, 41.8657], [27.1545142, 41.8705402], [27.151736, 41.8732813], [27.1535034, 41.8790485], [27.1483287, 41.8873875], [27.1474, 41.8973], [27.1456931, 41.9011996], [27.1384004, 41.902324], [27.1357691, 41.9112759], [27.1246648, 41.9135912], [27.1232164, 41.9167687], [27.1203357, 41.9177188], [27.1126288, 41.9157441], [27.093, 41.9225], [27.0920387, 41.9198597], [27.093873, 41.9182457], [27.0892, 41.9158], [27.090193, 41.9134954], [27.089, 41.9149], [27.0881966, 41.912384], [27.0827146, 41.909784], [27.077254, 41.916178], [27.0634, 41.9227], [27.0566318, 41.9217597], [27.0522425, 41.9238395], [27.036, 41.9204], [27.0355, 41.9234], [27.0323605, 41.9257601], [27.0311952, 41.9350483], [27.0286364, 41.9384127], [27.0321158, 41.9418845], [27.0303047, 41.9442899], [27.0305836, 41.9468754], [27.0252728, 41.9527721], [27.0211318, 41.9553431], [27.0035148, 41.9587641], [26.9954789, 41.9572642], [26.9893454, 41.9537051], [26.9871, 41.9486], [26.9889, 41.9454], [26.9912824, 41.945], [26.991477, 41.9409701], [26.986396, 41.9396801], [26.9855761, 41.927354], [26.9790259, 41.9249618], [26.9742516, 41.9174395], [26.9672237, 41.9177913], [26.9605941, 41.9140644], [26.9565225, 41.915683], [26.9497311, 41.910709], [26.9535762, 41.9072937], [26.9481754, 41.9005682], [26.9481969, 41.8944031], [26.9540206, 41.8884595], [26.9518769, 41.8613552], [26.9496345, 41.8603644], [26.96105, 41.8537638], [26.9615114, 41.8496721], [26.9637322, 41.8476262], [26.9848561, 41.8403421], [26.9839062, 41.8398085], [26.9853023, 41.83918], [26.9880223, 41.8297053], [26.9875395, 41.8270111], [26.9924319, 41.8259958], [26.9921422, 41.823989], [26.99947, 41.8158815], [27.003032, 41.8087566], [27.0084071, 41.8026946], [27.0105529, 41.7957121], [27.0128381, 41.7944323], [27.0119047, 41.7895449], [27.0090616, 41.7853451], [27.0102739, 41.781769], [27.0076346, 41.781353], [27.0079458, 41.7763765], [27.0054889, 41.7712957], [26.9993842, 41.768247], [26.9975817, 41.7643739], [26.9887304, 41.7586038], [26.9890416, 41.7518727], [26.9909191, 41.748751], [26.9896316, 41.7375838], [26.9910863, 41.7351707], [26.9883656, 41.7335567], [26.9860268, 41.7217863], [26.981703, 41.7226831], [26.9763386, 41.7181906], [26.9733024, 41.7181025], [26.9708884, 41.7096452], [26.9718432, 41.705264], [26.9697082, 41.7041586], [26.9671823, 41.6987046], [26.9662964, 41.7016113], [26.9648802, 41.7012028], [26.963228, 41.6936806], [26.9727981, 41.6883128], [26.9732058, 41.6822794], [26.9702017, 41.6791624], [26.9703519, 41.6751877], [26.9684744, 41.6721425], [26.970191, 41.6700348], [26.9694936, 41.6684239], [26.9056356, 41.6546214], [26.9026208, 41.6310254], [26.9037259, 41.627136], [26.8999708, 41.6167979]]]}, "properties": {"id": "tr-39-kirklareli-merkez", "name": "Kırklareli Merkez", "province": "kirklareli", "province_plate": "39", "osm_relation_id": 1834227, "bbox": [41.5445613, 26.8999708, 42.071744, 27.5827861], "center": [41.78949557857171, 27.24534809862381]}}, {"type": "Feature", "geometry": {"type": "Polygon", "coordinates": [[[26.913178, 41.4612457], [26.913768, 41.4585923], [26.9172871, 41.459509], [26.9173729, 41.454588], [26.9195509, 41.4547408], [26.9217288, 41.4520309], [26.9208383, 41.4461444], [26.9222116, 41.4453964], [26.9226944, 41.4410857], [26.9257307, 41.4403699], [26.9246448, 41.4379918], [26.9263744, 41.4367023], [26.927843, 41.4308795], [26.9258273, 41.4270657], [26.9267438, 41.4236141], [26.931889, 41.4254327], [26.9433045, 41.4194874], [26.9535828, 41.4104678], [26.9551384, 41.4053903], [26.9683885, 41.4021794], [26.968689, 41.4073699], [26.9704914, 41.4078366], [26.969043, 41.4151829], [26.9710386, 41.4171059], [26.9705343, 41.4192862], [26.9725728, 41.4214665], [26.9733667, 41.4265107], [27.0019121, 41.4261275], [27.0001995, 41.4137105], [26.9965088, 41.4049236], [27.001605, 41.4002077], [27.0007389, 41.3960592], [27.0114416, 41.398071], [27.0145547, 41.3973587], [27.0271182, 41.4006101], [27.0311737, 41.3991374], [27.0277619, 41.3959503], [27.0300257, 41.3941957], [27.0250583, 41.3912902], [27.0268929, 41.3897367], [27.024951, 41.3886098], [27.0265067, 41.3867585], [27.0233738, 41.3803025], [27.0210886, 41.3793686], [27.0210564, 41.3763094], [27.0159602, 41.3711406], [27.0125806, 41.3642402], [27.0101881, 41.362968], [27.0119047, 41.3572586], [27.0157671, 41.3530225], [27.01213, 41.3476183], [27.0146227, 41.3477675], [27.0165288, 41.3449281], [27.0180309, 41.344469], [27.017414, 41.3461846], [27.0227462, 41.3478237], [27.0217431, 41.3460034], [27.0230091, 41.3439655], [27.0271611, 41.3470464], [27.0279336, 41.3457335], [27.0262062, 41.3452019], [27.028234, 41.3453872], [27.0286739, 41.3431641], [27.0333195, 41.343446], [27.0367849, 41.341827], [27.0349824, 41.3410698], [27.0359802, 41.3404496], [27.0386517, 41.3406268], [27.0406794, 41.3434218], [27.0401215, 41.3417545], [27.043705, 41.3410537], [27.0426643, 41.3426003], [27.045722, 41.3441146], [27.0451212, 41.3415128], [27.0496917, 41.3411504], [27.0483076, 41.3427614], [27.0513332, 41.3446301], [27.0536291, 41.3416659], [27.0541549, 41.3429708], [27.0563543, 41.3423989], [27.0570409, 41.3441548], [27.0592403, 41.3438407], [27.0569551, 41.3413517], [27.0589399, 41.3406348], [27.0602059, 41.3421653], [27.0658089, 41.3430735], [27.0642829, 41.3451617], [27.0652914, 41.345645], [27.0688104, 41.3425519], [27.0702052, 41.3436152], [27.0683384, 41.3455], [27.0704198, 41.3478519], [27.0712137, 41.3453147], [27.0721257, 41.346684], [27.0762958, 41.344097], [27.0762026, 41.3428258], [27.072823, 41.3430594], [27.0744753, 41.3411262], [27.0799804, 41.3411987], [27.0824944, 41.3393112], [27.0841205, 41.3332236], [27.0811486, 41.3288652], [27.0821035, 41.3252557], [27.0901547, 41.3274775], [27.0936384, 41.3235243], [27.0966732, 41.3261259], [27.1006644, 41.3253766], [27.1027994, 41.3226452], [27.0983517, 41.318261], [27.1002889, 41.3166502], [27.0997953, 41.3147323], [27.102735, 41.3153528], [27.104069, 41.3143314], [27.1036148, 41.3118715], [27.1081636, 41.3108036], [27.1075884, 41.3046495], [27.111094, 41.3036282], [27.1052563, 41.2959456], [27.1050739, 41.2863526], [27.0889699, 41.2905124], [27.0850646, 41.2882471], [27.0775759, 41.2875055], [27.0683706, 41.2876022], [27.0648819, 41.2898088], [27.059176, 41.2898756], [27.0566547, 41.2867477], [27.0585257, 41.2855503], [27.0557785, 41.2837366], [27.0621586, 41.2742506], [27.062055, 41.2689443], [27.0707633, 41.2679491], [27.0736337, 41.2716036], [27.0887339, 41.2727669], [27.0912981, 41.2755488], [27.0986795, 41.2736862], [27.1005249, 41.2693479], [27.1100885, 41.2687295], [27.1106391, 41.2593853], [27.1215641, 41.26559], [27.1241581, 41.2756515], [27.1311128, 41.2762906], [27.1323032, 41.2781794], [27.1317887, 41.2795198], [27.1238387, 41.2806365], [27.1232057, 41.2861753], [27.1203425, 41.2895814], [27.121368, 41.2939571], [27.1187225, 41.3000497], [27.1222788, 41.308679], [27.1200728, 41.3127258], [27.1138472, 41.3154116], [27.1136892, 41.3179959], [27.1161685, 41.3206296], [27.1195887, 41.330159], [27.127064, 41.3330119], [27.1289367, 41.3259364], [27.127583, 41.3230883], [27.1296497, 41.3211308], [27.1275807, 41.3183092], [27.1323252, 41.3160458], [27.1333766, 41.3125485], [27.136606, 41.3114928], [27.1380544, 41.3081402], [27.1472382, 41.299476], [27.1527851, 41.3030869], [27.1646726, 41.3055048], [27.1642346, 41.3079052], [27.1672239, 41.3091776], [27.1662295, 41.3107235], [27.1712123, 41.3127045], [27.1741427, 41.3096135], [27.1759239, 41.3108085], [27.1700907, 41.3145147], [27.1674943, 41.3182054], [27.1685028, 41.3250382], [27.1693818, 41.3267802], [27.1729514, 41.3259422], [27.1737063, 41.3190676], [27.1742535, 41.319132], [27.1734273, 41.3226774], [27.1773107, 41.3295908], [27.1834022, 41.3286852], [27.1824719, 41.3304924], [27.1863948, 41.3322688], [27.1873247, 41.3343801], [27.1806112, 41.3354524], [27.1774222, 41.3402087], [27.1807192, 41.3446181], [27.1810877, 41.3516131], [27.1761536, 41.3526696], [27.1616306, 41.3514055], [27.1619459, 41.3563384], [27.1739527, 41.3556806], [27.1824218, 41.3526365], [27.1880185, 41.3534493], [27.1906739, 41.3580236], [27.1972132, 41.3592436], [27.19702, 41.3607294], [27.1984148, 41.3604757], [27.1974063, 41.3623801], [27.2000134, 41.362203], [27.1990585, 41.3634873], [27.200169, 41.3662694], [27.206955, 41.3684112], [27.2049004, 41.3689788], [27.2085696, 41.3813007], [27.2258159, 41.4092914], [27.2263098, 41.4140324], [27.2289806, 41.4148104], [27.2294763, 41.4162798], [27.2212886, 41.4167599], [27.2099161, 41.4207827], [27.2018909, 41.4208149], [27.2025346, 41.4216516], [27.2000026, 41.4227457], [27.2134077, 41.4327116], [27.2191858, 41.4478774], [27.2280586, 41.4574667], [27.2293889, 41.4622266], [27.2283804, 41.4688191], [27.2337127, 41.4792131], [27.2435295, 41.4841643], [27.251265, 41.4826131], [27.2551489, 41.4853619], [27.2538614, 41.4867282], [27.2548592, 41.4875319], [27.2521126, 41.4891473], [27.2608995, 41.5049858], [27.2484219, 41.5076855], [27.2455144, 41.5091799], [27.2453427, 41.5124498], [27.2473061, 41.5167397], [27.2474778, 41.5222262], [27.2493124, 41.5224512], [27.2474778, 41.5229652], [27.2474134, 41.526122], [27.249248, 41.5304592], [27.2463083, 41.5318728], [27.2535181, 41.5426983], [27.2532759, 41.5475509], [27.2600704, 41.5619485], [27.2538507, 41.5636294], [27.2477567, 41.5684538], [27.2529709, 41.5744095], [27.2527778, 41.5806937], [27.2557282, 41.5804529], [27.2560823, 41.5816086], [27.2517908, 41.5829568], [27.2574878, 41.5855649], [27.2471022, 41.5881167], [27.2428322, 41.5864316], [27.2372639, 41.5867686], [27.2355473, 41.5837111], [27.2320497, 41.5857495], [27.2261488, 41.5825234], [27.2210097, 41.581119], [27.2207951, 41.5830772], [27.2177589, 41.5830932], [27.2169864, 41.581432], [27.2100985, 41.5838877], [27.2073519, 41.5874266], [27.2033179, 41.5868729], [27.1993375, 41.589192], [27.1937156, 41.5899142], [27.194885, 41.5915832], [27.189188, 41.5992056], [27.1846175, 41.5969029], [27.1816134, 41.5922653], [27.1793282, 41.5959161], [27.1768069, 41.5956754], [27.1776116, 41.5944798], [27.1749616, 41.5902432], [27.1744466, 41.5877797], [27.1772575, 41.5867526], [27.1751225, 41.5799553], [27.1822894, 41.5740563], [27.178309, 41.5752522], [27.178427, 41.5741125], [27.165252, 41.5746101], [27.1558106, 41.5806214], [27.1509504, 41.581127], [27.1469593, 41.5835587], [27.1505642, 41.5881649], [27.137593, 41.5968869], [27.1350181, 41.6004733], [27.1287095, 41.6022864], [27.1257591, 41.6052949], [27.1186459, 41.6083994], [27.1091938, 41.610453], [27.1069729, 41.6096027], [27.1037757, 41.6112632], [27.0981538, 41.6065784], [27.0775115, 41.6099075], [27.07057, 41.6095787], [27.0611179, 41.6137579], [27.0626199, 41.6153782], [27.0616114, 41.6157792], [27.0488226, 41.6176722], [27.0470309, 41.6166054], [27.0472026, 41.6208644], [27.0497453, 41.6239201], [27.0329224, 41.6286598], [27.0271289, 41.6211932], [27.0173764, 41.6186747], [27.007066, 41.6080384], [27.004652, 41.6088326], [27.0025062, 41.603185], [26.9998348, 41.601781], [27.0012188, 41.5991174], [26.9989228, 41.5943033], [26.9958007, 41.5924498], [26.9968629, 41.5919122], [26.9960475, 41.5891358], [26.9927323, 41.5889994], [26.9912517, 41.5831494], [26.9867134, 41.5864075], [26.9629061, 41.5871217], [26.9589257, 41.5821543], [26.9586575, 41.57892], [26.9516516, 41.5750114], [26.9561148, 41.5712471], [26.9564474, 41.5686785], [26.9629061, 41.5668403], [26.9624233, 41.5653071], [26.9659746, 41.563509], [26.9634426, 41.5569823], [26.9638502, 41.5534417], [26.9590008, 41.5532249], [26.9587219, 41.549925], [26.9738066, 41.5457256], [26.9809627, 41.5393416], [26.9839668, 41.5414536], [26.9840741, 41.5384984], [26.9859087, 41.5389802], [26.9881725, 41.5378077], [26.9873618, 41.5366464], [26.98997, 41.5363252], [26.9842029, 41.5326357], [26.9844067, 41.5308046], [26.9821858, 41.5304753], [26.9815528, 41.5317683], [26.9796753, 41.5299853], [26.9729698, 41.5300897], [26.9705558, 41.5259453], [26.9720149, 41.5246039], [26.9690752, 41.523391], [26.9693327, 41.5222182], [26.9668329, 41.5221138], [26.9641936, 41.5191818], [26.9602346, 41.5198646], [26.9589794, 41.5148277], [26.9511366, 41.5136227], [26.9515979, 41.5111], [26.9485509, 41.506874], [26.9477248, 41.5004701], [26.9444525, 41.5014183], [26.9379401, 41.4976979], [26.9304299, 41.4989193], [26.930387, 41.497063], [26.9331014, 41.4973202], [26.9326508, 41.4957371], [26.9283163, 41.4937603], [26.922158, 41.4880704], [26.9226301, 41.4863665], [26.9198084, 41.4833767], [26.9158709, 41.4816566], [26.9176197, 41.4792292], [26.9175339, 41.4742052], [26.9142666, 41.4694548], [26.913178, 41.4612457]]]}, "properties": {"id": "tr-39-babaeski", "name": "Babaeski", "province": "kirklareli", "province_plate": "39", "osm_relation_id": 1835616, "bbox": [41.2593853, 26.913178, 41.6286598, 27.2608995], "center": [41.471772499172964, 27.095508726419823]}}, {"type": "Feature", "geometry": {"type": "Polygon", "coordinates": [[[27.481699, 41.9047205], [27.4823427, 41.8970544], [27.4880933, 41.8904897], [27.4821067, 41.8873268], [27.4866441, 41.8800433], [27.4863446, 41.8740188], [27.4897563, 41.8749934], [27.4913871, 41.8729083], [27.4947882, 41.876687], [27.5023091, 41.8749934], [27.5113106, 41.8763035], [27.5113857, 41.8740188], [27.5168534, 41.8766751], [27.5206768, 41.8756964], [27.5267064, 41.878716], [27.5356221, 41.87453], [27.5386155, 41.8760319], [27.5389051, 41.878077], [27.5418126, 41.8758322], [27.5462437, 41.8771503], [27.5476169, 41.8792912], [27.5448596, 41.8820391], [27.5548589, 41.8814879], [27.558893, 41.8761518], [27.5520265, 41.8722692], [27.5522625, 41.8698884], [27.5549018, 41.8692492], [27.5565112, 41.8665008], [27.560277, 41.8659815], [27.558099, 41.8632089], [27.5539362, 41.8622102], [27.5527131, 41.8595333], [27.5541294, 41.8549705], [27.5509643, 41.8546748], [27.5524878, 41.8534522], [27.5502133, 41.8499758], [27.553786, 41.8474983], [27.5551808, 41.8428707], [27.554183, 41.8373315], [27.5502133, 41.8307765], [27.5800717, 41.8170889], [27.5873351, 41.814778], [27.5922489, 41.81892], [27.5944376, 41.8233814], [27.6060891, 41.8294255], [27.6090288, 41.8285301], [27.6082778, 41.822422], [27.6145863, 41.8241809], [27.6174831, 41.8208709], [27.6252937, 41.8208069], [27.627418, 41.8138824], [27.630465, 41.8123791], [27.6299929, 41.8021427], [27.6359796, 41.804478], [27.6379108, 41.8089405], [27.6407861, 41.8111156], [27.6499915, 41.8137225], [27.6624369, 41.8022867], [27.6669645, 41.8037423], [27.6790237, 41.8019988], [27.6867056, 41.8041741], [27.6867914, 41.7995674], [27.6849246, 41.7976958], [27.6889586, 41.787569], [27.6928425, 41.788785], [27.6941085, 41.7866571], [27.6988506, 41.787745], [27.702198, 41.7867211], [27.7044296, 41.7825131], [27.7070689, 41.782145], [27.7240527, 41.7859771], [27.7322388, 41.7953122], [27.7384078, 41.7950083], [27.7398777, 41.7904168], [27.7431929, 41.788217], [27.7420771, 41.7845851], [27.7458215, 41.7765526], [27.7518725, 41.7755284], [27.7643502, 41.7778407], [27.7754545, 41.7761925], [27.7823853, 41.7722399], [27.7817202, 41.7705755], [27.7839196, 41.7698474], [27.7830934, 41.7670387], [27.789799, 41.7642458], [27.7939725, 41.7606126], [27.7975559, 41.7616449], [27.8002274, 41.7593241], [27.8051841, 41.7634456], [27.8083384, 41.7622211], [27.8169644, 41.7641978], [27.8211801, 41.7622596], [27.8233373, 41.7650061], [27.8297623, 41.7637781], [27.8376281, 41.7583397], [27.8360081, 41.7559226], [27.8372526, 41.7537536], [27.8368449, 41.7483108], [27.8523481, 41.7518967], [27.8619075, 41.7610527], [27.8657377, 41.7588759], [27.8708768, 41.7652701], [27.868098, 41.7688311], [27.8692138, 41.7708556], [27.873044, 41.7710956], [27.8728616, 41.772752], [27.8753185, 41.7748883], [27.8812623, 41.7736961], [27.8799856, 41.7720718], [27.8843522, 41.7707196], [27.8850174, 41.7746723], [27.8892016, 41.7753364], [27.8924417, 41.7718718], [27.8963578, 41.7737842], [27.8964329, 41.7774007], [27.9008746, 41.7781848], [27.9031384, 41.7757845], [27.9055309, 41.7770406], [27.9096186, 41.7755284], [27.9119468, 41.7707596], [27.9106808, 41.7687751], [27.9135883, 41.7689031], [27.9143822, 41.7667106], [27.913363, 41.7626213], [27.9074514, 41.7585958], [27.907784, 41.7569151], [27.9039109, 41.7558186], [27.9041147, 41.7528252], [27.9020119, 41.7529532], [27.9027414, 41.7513364], [27.9007351, 41.7473182], [27.9054451, 41.7483108], [27.9061639, 41.7404819], [27.9080951, 41.7379921], [27.9117429, 41.7383283], [27.9145861, 41.7367512], [27.922461, 41.737888], [27.9214954, 41.7391049], [27.9238343, 41.7446686], [27.922579, 41.7479666], [27.9235554, 41.7535855], [27.9291773, 41.7583317], [27.9263878, 41.7589239], [27.9258728, 41.7657343], [27.9295528, 41.7709676], [27.9325461, 41.7690232], [27.9313445, 41.7649741], [27.9366875, 41.7632215], [27.9393589, 41.7657983], [27.9448521, 41.7661744], [27.9468262, 41.7685591], [27.9536605, 41.7686951], [27.9572546, 41.772864], [27.9617822, 41.7737041], [27.9602373, 41.7801449], [27.9629838, 41.782441], [27.965666, 41.781025], [27.9823816, 41.7852651], [27.9930675, 41.7862011], [27.9989759, 41.784776], [27.999419, 41.786785], [28.0049447, 41.7877259], [27.9876602, 41.81477], [27.9813825, 41.8304059], [27.9785661, 41.8431324], [27.978255, 41.855284], [27.9809037, 41.8682403], [27.982094, 41.870524], [27.986072, 41.872415], [27.9939607, 41.8839561], [28.0063463, 41.8926751], [28.0148861, 41.8948339], [28.0229098, 41.8915599], [28.02413, 41.8901696], [28.0224163, 41.8878785], [28.0265759, 41.8897325], [28.0286292, 41.8886576], [28.0287183, 41.8862548], [28.0327333, 41.886551], [28.0427259, 41.8808788], [28.0547261, 41.8823745], [28.0573091, 41.8848847], [28.0536559, 41.8924444], [28.053463, 41.897999], [28.0461645, 41.9073854], [28.046312, 41.9100782], [28.0439249, 41.9137689], [28.046819, 41.9249094], [28.0421116, 41.9340649], [28.0443218, 41.9386797], [28.0481611, 41.9409485], [28.0492678, 41.9449702], [28.0453116, 41.9534723], [28.0418676, 41.9550222], [28.039735, 41.9588271], [28.0425383, 41.9591321], [28.0413046, 41.9592068], [28.0428331, 41.9613254], [28.0440854, 41.9609476], [28.0436745, 41.9584628], [28.0444813, 41.9610427], [28.0389405, 41.9655654], [28.0343488, 41.967072], [28.0284834, 41.9739083], [28.0265692, 41.9797797], [28.0293087, 41.9829794], [28.0243008, 41.98027], [28.0160637, 41.980782], [28.0098276, 41.9787799], [28.0015622, 41.9809613], [27.9930408, 41.980487], [27.9760647, 41.9899752], [27.9748513, 41.9881446], [27.9760137, 41.9840781], [27.9660884, 41.9793505], [27.9618161, 41.9798481], [27.9612915, 41.977768], [27.9572162, 41.9762019], [27.9550897, 41.9775144], [27.956632, 41.9813796], [27.9485544, 41.9803667], [27.94378, 41.9772299], [27.9395682, 41.9781422], [27.9335752, 41.9848802], [27.931148, 41.9785043], [27.9250741, 41.9763186], [27.9246937, 41.9805011], [27.9216534, 41.9827238], [27.9204866, 41.9780803], [27.9189938, 41.9777925], [27.9166034, 41.9730005], [27.9118216, 41.9727468], [27.90004, 41.981769], [27.8998969, 41.9918689], [27.8848464, 41.9960789], [27.8790201, 41.9946146], [27.8764565, 41.9971103], [27.8771696, 41.9998969], [27.8682718, 41.9997142], [27.8650403, 42.0055539], [27.8626379, 42.0065643], [27.8596988, 42.0057508], [27.8580909, 42.0009439], [27.8610805, 41.9972858], [27.8613197, 41.9945849], [27.8565468, 41.9929622], [27.8552094, 41.9909214], [27.8531457, 41.991296], [27.8511272, 41.9948238], [27.8529202, 41.9969765], [27.8571814, 41.9975461], [27.8568959, 41.9997356], [27.8530499, 42.0016998], [27.8502123, 42.0006714], [27.8497077, 41.9942738], [27.8452282, 41.9906313], [27.8347074, 41.9943468], [27.8311171, 41.9987805], [27.8274205, 41.9974752], [27.8275593, 41.9935868], [27.8211141, 41.9913145], [27.8185016, 41.9861293], [27.8185596, 41.9764409], [27.8197098, 41.9749323], [27.8260779, 41.9742506], [27.8202963, 41.9658691], [27.8202856, 41.9626103], [27.8260627, 41.9591678], [27.829944, 41.9618153], [27.8332435, 41.9619185], [27.8373862, 41.952949], [27.8360475, 41.9480284], [27.828645, 41.947521], [27.8250799, 41.9485219], [27.8191518, 41.9537758], [27.8137058, 41.953999], [27.8135924, 41.9499562], [27.8176084, 41.9451484], [27.8152673, 41.9424546], [27.8081798, 41.9461704], [27.807063, 41.9500205], [27.8019846, 41.9531378], [27.8001344, 41.950559], [27.7930076, 41.9477028], [27.7916881, 41.9485526], [27.7926842, 41.9520274], [27.7913273, 41.9537603], [27.7786986, 41.9535635], [27.7785984, 41.9558681], [27.7861328, 41.9606353], [27.7846046, 41.9636137], [27.778816, 41.9659381], [27.7750434, 41.9655524], [27.7733001, 41.9602216], [27.7705859, 41.9596915], [27.7664136, 41.9676751], [27.7504253, 41.9700712], [27.7433351, 41.96783], [27.7432153, 41.9691041], [27.7486105, 41.9709822], [27.7485414, 41.9724945], [27.742305, 41.9753626], [27.7375304, 41.9798394], [27.7338086, 41.9779741], [27.7345823, 41.9742229], [27.7327071, 41.9736548], [27.7143297, 41.9768716], [27.7078394, 41.9749279], [27.7057519, 41.9777324], [27.6964779, 41.9780777], [27.6946962, 41.9771093], [27.6956501, 41.9756436], [27.7025219, 41.9759835], [27.7033614, 41.9700625], [27.697732, 41.9738854], [27.6894082, 41.9713603], [27.6841538, 41.9715765], [27.6812385, 41.968942], [27.6814326, 41.963987], [27.6733697, 41.9628435], [27.6721426, 41.9563956], [27.6697305, 41.9571661], [27.6709571, 41.9607123], [27.6673292, 41.9621844], [27.6625807, 41.9577218], [27.6586687, 41.9566815], [27.6555802, 41.9581881], [27.658693, 41.9608085], [27.6518752, 41.9622391], [27.6473897, 41.9597946], [27.6425788, 41.9541336], [27.6391643, 41.9547028], [27.6384804, 41.9594264], [27.6368523, 41.9588417], [27.635574, 41.9552551], [27.6334148, 41.954607], [27.6220261, 41.9588561], [27.6197597, 41.9572536], [27.6198274, 41.9555051], [27.6281614, 41.9522506], [27.6296323, 41.9498498], [27.6280019, 41.9487183], [27.6262227, 41.950637], [27.623345, 41.9506641], [27.6252179, 41.9486007], [27.6126099, 41.9385165], [27.6078954, 41.9393068], [27.6094763, 41.9448477], [27.6041967, 41.9474373], [27.6013282, 41.9465287], [27.5967029, 41.937865], [27.5887617, 41.9313915], [27.5856261, 41.9309331], [27.5847911, 41.9321403], [27.5876365, 41.9365513], [27.5822476, 41.9351838], [27.5743385, 41.9374709], [27.5744101, 41.9325816], [27.5708221, 41.9313859], [27.5698465, 41.9265315], [27.566526, 41.9238054], [27.5747839, 41.9233147], [27.5765893, 41.9196741], [27.5657935, 41.9192365], [27.5612528, 41.9152127], [27.5622038, 41.9123998], [27.5716432, 41.9126179], [27.5716298, 41.904405], [27.560005, 41.9051269], [27.5544526, 41.9081507], [27.5542688, 41.9106177], [27.5502811, 41.9109744], [27.54845, 41.9142899], [27.5434045, 41.9163058], [27.5359762, 41.9143816], [27.5215673, 41.9156351], [27.5197434, 41.9173835], [27.5171792, 41.9138866], [27.5105595, 41.9144695], [27.5048411, 41.9128966], [27.5001204, 41.9085532], [27.481699, 41.9047205]]]}, "properties": {"id": "tr-39-demirkoy", "name": "Demirköy", "province": "kirklareli", "province_plate": "39", "osm_relation_id": 1835617, "bbox": [41.7367512, 27.481699, 42.0065643, 28.0573091], "center": [41.87949247670953, 27.80041135457493]}}, {"type": "Feature", "geometry": {"type": "Polygon", "coordinates": [[[27.1838997, 41.3530748], [27.1885014, 41.3483307], [27.1904603, 41.3424263], [27.194193, 41.345005], [27.1998017, 41.340043], [27.2037627, 41.3401243], [27.2094726, 41.3374511], [27.2141012, 41.3319061], [27.220098, 41.3309622], [27.2203018, 41.3290167], [27.2230948, 41.3271816], [27.2282304, 41.3248887], [27.2328043, 41.3257413], [27.2347413, 41.32114], [27.2332864, 41.3203753], [27.2361525, 41.319502], [27.2428958, 41.3209106], [27.2487545, 41.312617], [27.2586197, 41.31194], [27.2663645, 41.2957425], [27.274005, 41.2861187], [27.2885108, 41.2774271], [27.2915547, 41.273437], [27.2959436, 41.2721601], [27.2986604, 41.2685952], [27.3007573, 41.269021], [27.3065942, 41.2631655], [27.3105262, 41.2634873], [27.3192332, 41.2588578], [27.335549, 41.2538622], [27.3432063, 41.2482096], [27.340539, 41.2475186], [27.3399501, 41.2440174], [27.3413184, 41.243434], [27.3401916, 41.2421903], [27.3361838, 41.2422715], [27.3400776, 41.2408048], [27.3388918, 41.2404722], [27.3565418, 41.2280665], [27.3583007, 41.2288587], [27.369902, 41.2225322], [27.3730802, 41.2231734], [27.3776722, 41.2201391], [27.3811993, 41.2247249], [27.38662, 41.2255943], [27.389667, 41.2227054], [27.3895812, 41.2247066], [27.3932505, 41.2270306], [27.3933792, 41.2314927], [27.4045157, 41.2309924], [27.4091291, 41.2292092], [27.4165106, 41.2308391], [27.427851, 41.2271758], [27.4418092, 41.2199858], [27.4446684, 41.2282773], [27.4477208, 41.2263003], [27.4506068, 41.2306132], [27.4587285, 41.2338326], [27.4627626, 41.2379312], [27.4689263, 41.2402184], [27.4728316, 41.2390687], [27.4762487, 41.2410291], [27.4792313, 41.2403192], [27.4804544, 41.2379634], [27.4839198, 41.2389961], [27.492173, 41.2365128], [27.5061929, 41.2454016], [27.5113106, 41.2503384], [27.524271, 41.2575976], [27.5300216, 41.2526614], [27.5297427, 41.2514192], [27.5415659, 41.25813], [27.5439477, 41.2555813], [27.554698, 41.2611141], [27.5566292, 41.2581784], [27.5595689, 41.2596462], [27.5619507, 41.2583881], [27.5670883, 41.2497609], [27.5733661, 41.2530809], [27.576633, 41.2579384], [27.5858116, 41.2651142], [27.5865412, 41.2695011], [27.5908327, 41.2719364], [27.5872707, 41.2732911], [27.5888586, 41.2747102], [27.5881076, 41.2770244], [27.5964761, 41.2809348], [27.5906547, 41.2858056], [27.5922918, 41.2876103], [27.5915837, 41.2896579], [27.5881934, 41.2929308], [27.5823247, 41.3054323], [27.5840413, 41.3083014], [27.5804171, 41.3129687], [27.5826788, 41.3171981], [27.5705016, 41.3208242], [27.5841808, 41.3312902], [27.5883865, 41.3366393], [27.5778618, 41.3413353], [27.5875054, 41.3498506], [27.5887298, 41.35415], [27.5931716, 41.3584343], [27.5964331, 41.3593201], [27.6062178, 41.3691761], [27.5911669, 41.3870231], [27.5900173, 41.3863721], [27.5903821, 41.3873702], [27.5857472, 41.3896562], [27.5872493, 41.3925699], [27.5822067, 41.3953064], [27.5885831, 41.3942691], [27.5910902, 41.3954191], [27.5942445, 41.39991], [27.5917983, 41.400763], [27.5997161, 41.4059456], [27.6044369, 41.4126404], [27.606883, 41.4116587], [27.6092648, 41.414314], [27.6101231, 41.417484], [27.6090288, 41.418353], [27.6115393, 41.4185139], [27.6136653, 41.4214931], [27.6199293, 41.4347799], [27.6187062, 41.4351901], [27.6211953, 41.4450185], [27.6177943, 41.445493], [27.6210451, 41.4601522], [27.6182127, 41.4707727], [27.6190495, 41.474358], [27.6201761, 41.4737872], [27.6210558, 41.4759174], [27.6195109, 41.4778627], [27.6293814, 41.4848877], [27.6311409, 41.4899429], [27.6511931, 41.5094852], [27.6471871, 41.5122916], [27.6486416, 41.5186587], [27.6317525, 41.5230536], [27.620219, 41.510136], [27.6188028, 41.5109394], [27.6160777, 41.5051064], [27.6006281, 41.4918074], [27.5974202, 41.4919521], [27.589277, 41.4835133], [27.5828785, 41.4851779], [27.5672766, 41.4819737], [27.524389, 41.4842688], [27.5195825, 41.485812], [27.5321031, 41.4948853], [27.5381327, 41.5052912], [27.5437009, 41.5106903], [27.5386047, 41.5138396], [27.541877, 41.5218567], [27.538079, 41.5243549], [27.5435722, 41.5294954], [27.5473165, 41.5369725], [27.5431216, 41.5387794], [27.5449347, 41.5415018], [27.5392914, 41.5439831], [27.5341201, 41.549114], [27.5333583, 41.554381], [27.5356436, 41.5594228], [27.5300109, 41.5641432], [27.523756, 41.5669367], [27.5229192, 41.5660938], [27.5221145, 41.5679079], [27.5175118, 41.5699066], [27.4956787, 41.569433], [27.488029, 41.5663507], [27.4815059, 41.560627], [27.4792421, 41.5612131], [27.4765491, 41.5596075], [27.4756157, 41.5630595], [27.4713242, 41.5663667], [27.4668503, 41.5639666], [27.4606061, 41.5666798], [27.4457574, 41.569417], [27.4376786, 41.5675226], [27.4371743, 41.5661099], [27.4305117, 41.5680043], [27.4302971, 41.5665594], [27.427336, 41.5664952], [27.4198043, 41.5691039], [27.4177444, 41.5741607], [27.4035501, 41.5752282], [27.397027, 41.56851], [27.3947474, 41.5605158], [27.3969734, 41.5583471], [27.3959541, 41.5553846], [27.3937976, 41.556629], [27.3872745, 41.5553926], [27.3822856, 41.5565247], [27.3772108, 41.5551438], [27.3763633, 41.5570786], [27.3743248, 41.5572312], [27.3741531, 41.5553605], [27.3727262, 41.5570626], [27.3726082, 41.5560189], [27.3688853, 41.5564203], [27.3568475, 41.5614459], [27.3499274, 41.5609241], [27.3493588, 41.5592864], [27.3440051, 41.5605708], [27.3442733, 41.5628427], [27.3428249, 41.5636374], [27.3403895, 41.5643198], [27.3398209, 41.563228], [27.3337805, 41.5673059], [27.3299611, 41.5666397], [27.3282996, 41.5677961], [27.3189962, 41.5534898], [27.3198008, 41.5520527], [27.3179555, 41.547195], [27.3144042, 41.5445613], [27.3120761, 41.5448744], [27.3105204, 41.5482629], [27.3076236, 41.5497162], [27.308557, 41.5510169], [27.3064756, 41.5520447], [27.2975921, 41.5558022], [27.2870563, 41.5565408], [27.2833335, 41.5591419], [27.2836661, 41.5603461], [27.2739089, 41.567234], [27.2707563, 41.5753657], [27.2587967, 41.5602819], [27.2532759, 41.5475509], [27.2535181, 41.5426983], [27.2463083, 41.5318728], [27.249248, 41.5304592], [27.2474134, 41.526122], [27.2474778, 41.5229652], [27.2493124, 41.5224512], [27.2474778, 41.5222262], [27.2455144, 41.5091799], [27.2520161, 41.5079105], [27.2550201, 41.5053072], [27.2608995, 41.5049858], [27.2521126, 41.4891473], [27.2548592, 41.4875319], [27.2538614, 41.4867282], [27.2551489, 41.4853619], [27.251265, 41.4826131], [27.2435295, 41.4841643], [27.2337127, 41.4792131], [27.2283804, 41.4688191], [27.2293889, 41.4622266], [27.2280586, 41.4574667], [27.2191858, 41.4478774], [27.2134077, 41.4327116], [27.2000026, 41.4227457], [27.2025346, 41.4216516], [27.2018909, 41.4208149], [27.2099161, 41.4207827], [27.2212886, 41.4167599], [27.2294763, 41.4162798], [27.2289806, 41.4148104], [27.2263098, 41.4140324], [27.2258159, 41.4092914], [27.2085696, 41.3813007], [27.2049004, 41.3689788], [27.206955, 41.3684112], [27.200169, 41.3662694], [27.1990585, 41.3634873], [27.2000134, 41.362203], [27.1974063, 41.3623801], [27.1984148, 41.3604757], [27.19702, 41.3607294], [27.1972132, 41.3592436], [27.1906739, 41.3580236], [27.1880185, 41.3534493], [27.1838997, 41.3530748]]]}, "properties": {"id": "tr-39-luleburgaz", "name": "Lüleburgaz", "province": "kirklareli", "province_plate": "39", "osm_relation_id": 1835618, "bbox": [41.2199858, 27.1838997, 41.5753657, 27.6511931], "center": [41.40235129093761, 27.41306159274824]}}, {"type": "Feature", "geometry": {"type": "Polygon", "coordinates": [[[26.8686797, 41.4060799], [26.8707991, 41.4035555], [26.8766463, 41.4066054], [26.8800151, 41.4050925], [26.8834162, 41.3991856], [26.8795109, 41.3979784], [26.8787384, 41.3946706], [26.8907332, 41.3853578], [26.8935549, 41.378314], [26.9046378, 41.376712], [26.9027495, 41.3704885], [26.9061118, 41.3598523], [26.903919, 41.3552614], [26.8956256, 41.3483673], [26.8938553, 41.3438729], [26.896323, 41.3438971], [26.895411, 41.342713], [26.8967843, 41.3422942], [26.8943488, 41.3405543], [26.8984258, 41.3394749], [26.8992519, 41.3422136], [26.9032645, 41.3401515], [26.9064295, 41.3420928], [26.9084573, 41.3413034], [26.9058394, 41.3393782], [26.9062579, 41.3380813], [26.9088006, 41.3387096], [26.9209102, 41.3353172], [26.9150019, 41.3309035], [26.9176626, 41.3273988], [26.9193149, 41.3162956], [26.9267285, 41.3144261], [26.9342289, 41.3103183], [26.9388843, 41.3188903], [26.9429344, 41.3225162], [26.9680238, 41.319962], [26.9689089, 41.3379242], [26.9725406, 41.3447912], [26.9687748, 41.3476263], [26.9730341, 41.3530869], [26.968689, 41.3574196], [26.9728398, 41.356887], [26.9734248, 41.3608312], [26.9760704, 41.360681], [26.9766176, 41.3633062], [26.9805917, 41.3624572], [26.9808018, 41.3605925], [26.9819176, 41.3615346], [26.9862628, 41.3597067], [26.9860375, 41.3613414], [26.9904148, 41.3625492], [26.9897818, 41.3638618], [26.9949531, 41.3644818], [26.9964766, 41.3613333], [27.0011437, 41.3624285], [27.0044696, 41.3603831], [27.0005107, 41.3591913], [27.0017552, 41.3577498], [27.004416, 41.3579672], [27.0036864, 41.3561875], [27.0058, 41.3555191], [27.0047593, 41.3538601], [27.0079243, 41.3539567], [27.00683, 41.3535379], [27.0087498, 41.3472448], [27.0120978, 41.3467645], [27.0157671, 41.3530225], [27.0119047, 41.3572586], [27.0101881, 41.362968], [27.0125806, 41.3642402], [27.0159602, 41.3711406], [27.0210564, 41.3763094], [27.0210886, 41.3793686], [27.0233738, 41.3803025], [27.0265067, 41.3867585], [27.024951, 41.3886098], [27.0268929, 41.3897367], [27.0250583, 41.3912902], [27.0300257, 41.3941957], [27.0277619, 41.3959503], [27.0311737, 41.3991374], [27.0271182, 41.4006101], [27.0145547, 41.3973587], [27.0114416, 41.398071], [27.0007389, 41.3960592], [27.001605, 41.4002077], [26.9965088, 41.4049236], [27.0001995, 41.4137105], [27.0019121, 41.4261275], [26.9733667, 41.4265107], [26.9725728, 41.4214665], [26.9705343, 41.4192862], [26.9710386, 41.4171059], [26.969043, 41.4151829], [26.9704914, 41.4078366], [26.968689, 41.4073699], [26.9683885, 41.4021794], [26.9551384, 41.4053903], [26.9535828, 41.4104678], [26.9433045, 41.4194874], [26.931889, 41.4254327], [26.9267438, 41.4236141], [26.9258273, 41.4270657], [26.927843, 41.4308795], [26.9263744, 41.4367023], [26.9246448, 41.4379918], [26.9257307, 41.4403699], [26.9226944, 41.4410857], [26.9222116, 41.4453964], [26.9208383, 41.4461444], [26.9217288, 41.4520309], [26.9195509, 41.4547408], [26.9173729, 41.454588], [26.9172871, 41.459509], [26.9135776, 41.4587651], [26.9136315, 41.4631114], [26.8891668, 41.4656918], [26.8834269, 41.453414], [26.883502, 41.4411581], [26.8818819, 41.4315946], [26.8783951, 41.4228664], [26.8795538, 41.4206781], [26.8787615, 41.4138816], [26.8751764, 41.4133645], [26.8757021, 41.4104196], [26.8698978, 41.410154], [26.8718612, 41.4069675], [26.8686797, 41.4060799]]]}, "properties": {"id": "tr-39-pehlivankoy", "name": "Pehlivanköy", "province": "kirklareli", "province_plate": "39", "osm_relation_id": 1835619, "bbox": [41.3103183, 26.8686797, 41.4656918, 27.0311737], "center": [41.38707243223034, 26.94132775081541]}}, {"type": "Feature", "geometry": {"type": "Polygon", "coordinates": [[[27.3282996, 41.5677961], [27.3299611, 41.5666397], [27.3337805, 41.5673059], [27.3392415, 41.5634207], [27.3403895, 41.5643198], [27.3442733, 41.5628427], [27.3440051, 41.5605708], [27.3493588, 41.5592864], [27.3499274, 41.5609241], [27.3568475, 41.5614459], [27.3688853, 41.5564203], [27.3726082, 41.5560189], [27.3727262, 41.5570626], [27.3741531, 41.5553605], [27.3755479, 41.5572552], [27.3772108, 41.5551438], [27.3822856, 41.5565247], [27.3872745, 41.5553926], [27.3937976, 41.556629], [27.3959541, 41.5553846], [27.3969734, 41.5583471], [27.3947474, 41.5605158], [27.397027, 41.56851], [27.4035501, 41.5752282], [27.4177444, 41.5741607], [27.4198043, 41.5691039], [27.427336, 41.5664952], [27.4302971, 41.5665594], [27.4305117, 41.5680043], [27.4371743, 41.5661099], [27.4376786, 41.5675226], [27.4457574, 41.569417], [27.4606061, 41.5666798], [27.4668503, 41.5639666], [27.4713242, 41.5663667], [27.4756157, 41.5630595], [27.4765491, 41.5596075], [27.4792421, 41.5612131], [27.4815059, 41.560627], [27.488029, 41.5663507], [27.4956787, 41.569433], [27.5163424, 41.5702919], [27.5221145, 41.5679079], [27.5229192, 41.5660938], [27.523756, 41.5669367], [27.5300109, 41.5641432], [27.5356436, 41.5594228], [27.5333583, 41.554381], [27.5341201, 41.549114], [27.5392914, 41.5439831], [27.5449347, 41.5415018], [27.5431216, 41.5387794], [27.5473165, 41.5369725], [27.5435722, 41.5294954], [27.538079, 41.5243549], [27.541877, 41.5218567], [27.5386047, 41.5138396], [27.5437009, 41.5106903], [27.5381327, 41.5052912], [27.5321031, 41.4948853], [27.5195825, 41.485812], [27.5263309, 41.4840518], [27.5558043, 41.4821835], [27.5672766, 41.4819737], [27.5828785, 41.4851779], [27.5900817, 41.4839152], [27.5974202, 41.4919521], [27.6006281, 41.4918074], [27.6160777, 41.5051064], [27.6188028, 41.5109394], [27.620219, 41.510136], [27.6317525, 41.5230536], [27.6498306, 41.5192621], [27.6510751, 41.5223708], [27.6501739, 41.524885], [27.652148, 41.5272545], [27.649498, 41.5265075], [27.6515257, 41.5301861], [27.6495623, 41.5295837], [27.6503885, 41.531672], [27.6492298, 41.5312142], [27.654165, 41.5398636], [27.6564395, 41.5412448], [27.6531029, 41.5407549], [27.6521587, 41.5430998], [27.6577055, 41.5519804], [27.6351643, 41.5539716], [27.6102253, 41.5662597], [27.6035142, 41.5673942], [27.5879359, 41.5773871], [27.5966263, 41.5843772], [27.5966585, 41.5878038], [27.6007247, 41.5890235], [27.6020229, 41.5901309], [27.600832, 41.5913425], [27.6040721, 41.5912623], [27.6018083, 41.5936775], [27.6063609, 41.6014799], [27.6106703, 41.6006498], [27.6123762, 41.6036663], [27.6185775, 41.6063939], [27.6199615, 41.6148488], [27.623502, 41.6205355], [27.6215815, 41.6215942], [27.6216996, 41.6268072], [27.6273966, 41.6364541], [27.6265919, 41.6499077], [27.6320207, 41.6547898], [27.636175, 41.6630797], [27.6391017, 41.6629578], [27.6431894, 41.6658271], [27.6499842, 41.6664088], [27.6580489, 41.6758609], [27.6646685, 41.6806128], [27.6650333, 41.6972215], [27.6573837, 41.7080353], [27.6660311, 41.7245489], [27.6680374, 41.7245249], [27.6700544, 41.7294173], [27.6741099, 41.7330123], [27.6785087, 41.7331804], [27.6821029, 41.7300178], [27.6904499, 41.740714], [27.6930678, 41.7491592], [27.7165746, 41.7528092], [27.7280331, 41.7625573], [27.7346849, 41.7636856], [27.73314, 41.7660304], [27.7354038, 41.7686391], [27.7444804, 41.7670467], [27.7454245, 41.7694793], [27.7420235, 41.7764486], [27.7442551, 41.7782168], [27.7420771, 41.7845851], [27.7431929, 41.788217], [27.7398777, 41.7904168], [27.7384078, 41.7950083], [27.7325928, 41.7954882], [27.7240527, 41.7859771], [27.7044296, 41.7825131], [27.702198, 41.7867211], [27.6988506, 41.787745], [27.6941085, 41.7866571], [27.6928425, 41.788785], [27.6889586, 41.787569], [27.6849246, 41.7976958], [27.6867914, 41.7995674], [27.6867056, 41.8041741], [27.6790237, 41.8019988], [27.6669645, 41.8037423], [27.6624369, 41.8022867], [27.6499915, 41.8137225], [27.6407861, 41.8111156], [27.6379108, 41.8089405], [27.6359796, 41.804478], [27.6299929, 41.8021427], [27.630465, 41.8123791], [27.627418, 41.8138824], [27.6252937, 41.8208069], [27.6174831, 41.8208709], [27.6145863, 41.8241809], [27.6082778, 41.822422], [27.6090288, 41.8285301], [27.6060891, 41.8294255], [27.5944376, 41.8233814], [27.5922489, 41.81892], [27.5873351, 41.814778], [27.5827861, 41.8163053], [27.581799, 41.807501], [27.5780976, 41.8022947], [27.563914, 41.8022067], [27.5595045, 41.8057016], [27.5503313, 41.8058456], [27.5470269, 41.807525], [27.5382711, 41.8060575], [27.5299573, 41.796576], [27.5270176, 41.7893929], [27.5203872, 41.7863691], [27.522726, 41.7826411], [27.5139284, 41.7791208], [27.5141215, 41.773072], [27.5096369, 41.7706555], [27.5058818, 41.7749203], [27.4973416, 41.7790488], [27.4939942, 41.7783768], [27.4912584, 41.7705355], [27.485894, 41.7740322], [27.4873102, 41.7712157], [27.4866128, 41.7678069], [27.4839628, 41.7659103], [27.4843061, 41.7514805], [27.480669, 41.7498636], [27.4757767, 41.7532574], [27.4755192, 41.7515765], [27.4706375, 41.7508001], [27.4623442, 41.7444445], [27.4575484, 41.7343013], [27.4501133, 41.7299698], [27.4520016, 41.7276718], [27.4520874, 41.7244448], [27.4502849, 41.7233398], [27.4513042, 41.7204169], [27.449727, 41.7198643], [27.448858, 41.7152836], [27.4506068, 41.7133374], [27.4455106, 41.7046712], [27.4465406, 41.6953229], [27.4438905, 41.6899312], [27.4353933, 41.6856047], [27.4322176, 41.6879122], [27.4216604, 41.6801881], [27.4132924, 41.6776746], [27.4189997, 41.6749473], [27.4165642, 41.6691852], [27.4165213, 41.6640879], [27.4184847, 41.6615391], [27.4125945, 41.6585893], [27.4086571, 41.6530502], [27.4062216, 41.6450895], [27.3999452, 41.6377211], [27.3879182, 41.6146242], [27.3755264, 41.6200062], [27.3712778, 41.6272804], [27.3651446, 41.6312256], [27.3615682, 41.6241366], [27.3571372, 41.619549], [27.3579311, 41.6173754], [27.3534357, 41.6128114], [27.3504746, 41.6045969], [27.3388767, 41.5888309], [27.339263, 41.5847945], [27.3338234, 41.5791688], [27.3303687, 41.5692404], [27.3282996, 41.5677961]]]}, "properties": {"id": "tr-39-pinarhisar", "name": "Pınarhisar", "province": "kirklareli", "province_plate": "39", "osm_relation_id": 1835620, "bbox": [41.4819737, 27.3282996, 41.8294255, 27.7454245], "center": [41.66335017854974, 27.545011603853922]}}, {"type": "Feature", "geometry": {"type": "Polygon", "coordinates": [[[27.5879359, 41.5773871], [27.6035142, 41.5673942], [27.6102253, 41.5662597], [27.6351643, 41.5539716], [27.6577055, 41.5519804], [27.6521587, 41.5430998], [27.6531029, 41.5407549], [27.6564395, 41.5412448], [27.654165, 41.5398636], [27.6492298, 41.5312142], [27.6503885, 41.531672], [27.6495623, 41.5295837], [27.6515257, 41.5301861], [27.649498, 41.5265075], [27.652148, 41.5272545], [27.6501739, 41.524885], [27.6507425, 41.5204751], [27.6486416, 41.5186587], [27.6471871, 41.5122916], [27.6511931, 41.5094852], [27.6311409, 41.4899429], [27.6293814, 41.4848877], [27.6200473, 41.4787871], [27.6210558, 41.4759174], [27.6201761, 41.4737872], [27.6190495, 41.474358], [27.6182127, 41.4707727], [27.6210451, 41.4601522], [27.6178479, 41.4486132], [27.6177943, 41.445493], [27.6211953, 41.4450185], [27.6191354, 41.4330987], [27.6244236, 41.4313049], [27.6231694, 41.4296479], [27.6293707, 41.4272186], [27.6324177, 41.4314176], [27.6362371, 41.4286826], [27.6379967, 41.4306132], [27.6468755, 41.4267725], [27.648232, 41.4289561], [27.6519549, 41.4272749], [27.6594543, 41.4425173], [27.6682627, 41.451661], [27.6711058, 41.4568797], [27.6821136, 41.4528029], [27.6916623, 41.453406], [27.6926815, 41.4550062], [27.6951384, 41.4539447], [27.701962, 41.4584637], [27.7063501, 41.4637863], [27.7087533, 41.4643572], [27.7154911, 41.4643893], [27.7211315, 41.4608484], [27.7264666, 41.4636336], [27.7415299, 41.4597622], [27.748948, 41.4607208], [27.7488041, 41.4590024], [27.7506494, 41.46291], [27.7529025, 41.4636818], [27.764039, 41.4628135], [27.7670852, 41.4661423], [27.7684271, 41.4707727], [27.7701759, 41.4705636], [27.7788556, 41.4808689], [27.7767849, 41.481745], [27.77789, 41.4845662], [27.7798211, 41.4843251], [27.7803469, 41.4888901], [27.7964938, 41.4899912], [27.8019547, 41.4924584], [27.8320706, 41.5133094], [27.8409446, 41.5013161], [27.8494298, 41.5040779], [27.8548157, 41.5015951], [27.8567442, 41.4977161], [27.8547084, 41.494371], [27.855851, 41.4923097], [27.8541613, 41.4887294], [27.8557107, 41.4861786], [27.8620952, 41.4862821], [27.8619162, 41.4851222], [27.8653471, 41.4837848], [27.8659469, 41.4855909], [27.873441, 41.4818897], [27.8738701, 41.4847028], [27.8788054, 41.4823077], [27.8768742, 41.4849359], [27.8789663, 41.4847993], [27.880404, 41.4868407], [27.8838485, 41.4846975], [27.882641, 41.4832601], [27.8835797, 41.4824805], [27.8864926, 41.4837022], [27.8997925, 41.491814], [27.9026878, 41.498638], [27.9060244, 41.495938], [27.9110348, 41.497959], [27.9172468, 41.5128916], [27.9291344, 41.5235516], [27.9335838, 41.5296546], [27.9362154, 41.5355912], [27.9351318, 41.5377033], [27.9486823, 41.5491622], [27.9483819, 41.5527994], [27.9566538, 41.5689033], [27.9542398, 41.5774754], [27.959218, 41.5833741], [27.9656231, 41.5861748], [27.9628926, 41.5928791], [27.966283, 41.5934167], [27.9654085, 41.5918801], [27.9667014, 41.589533], [27.9759979, 41.5926584], [27.9884148, 41.5890524], [27.9868448, 41.587234], [27.9879659, 41.5823589], [27.986834, 41.5796544], [27.9888028, 41.5732095], [27.9917639, 41.5732858], [27.998271, 41.5687106], [28.0008244, 41.5628026], [28.0093466, 41.5593806], [28.0097395, 41.561176], [28.0149221, 41.5626902], [28.0121326, 41.5646489], [28.0130875, 41.5680524], [28.0112851, 41.5696096], [28.0138037, 41.5721676], [28.0153191, 41.5778045], [28.0124545, 41.578583], [28.013742, 41.5835747], [28.0110168, 41.5847544], [28.0151566, 41.5884383], [28.0192244, 41.5887266], [28.0197796, 41.5914693], [28.0270596, 41.5933851], [28.0276288, 41.5958297], [28.0359828, 41.5950575], [28.0358628, 41.5938469], [28.0376243, 41.5949934], [28.0379999, 41.5972881], [28.0356548, 41.5991787], [28.043611, 41.6040033], [28.0410269, 41.6093553], [28.0460761, 41.6093358], [28.046422, 41.6116402], [28.0501127, 41.6133408], [28.0477953, 41.6148006], [28.0491686, 41.6163247], [28.0541682, 41.614576], [28.0572903, 41.6055676], [28.0601817, 41.6039134], [28.0607686, 41.5987651], [28.0674505, 41.5952742], [28.0695963, 41.5900747], [28.0671501, 41.5869933], [28.0698537, 41.5866884], [28.070755, 41.5844896], [28.0926204, 41.5811993], [28.098312, 41.5834527], [28.097856, 41.585918], [28.1028986, 41.5884859], [28.1020832, 41.5902191], [28.1055379, 41.5940225], [28.1078338, 41.5940706], [28.1099367, 41.5911339], [28.1116962, 41.5917919], [28.1118035, 41.5946002], [28.1203222, 41.5944237], [28.1214165, 41.5965098], [28.1239271, 41.5948409], [28.126266, 41.59659], [28.1258583, 41.5941669], [28.1278109, 41.592514], [28.1308579, 41.5924177], [28.1290984, 41.5948088], [28.1327033, 41.5968949], [28.134795, 41.5935225], [28.1410109, 41.5908111], [28.1467995, 41.5916776], [28.1429225, 41.5950174], [28.143126, 41.597963], [28.1402725, 41.5983271], [28.1339264, 41.603911], [28.129195, 41.6036302], [28.1289536, 41.6065664], [28.1268078, 41.6074007], [28.1252065, 41.6109022], [28.1211349, 41.6106796], [28.1205792, 41.6140796], [28.1182891, 41.6163146], [28.1140324, 41.6163367], [28.1096739, 41.6230619], [28.1008707, 41.628819], [28.101184, 41.6317656], [28.0970161, 41.6311426], [28.0982165, 41.6329908], [28.1028298, 41.6312567], [28.0989836, 41.6332613], [28.1000643, 41.6334829], [28.0980379, 41.6353079], [28.0986258, 41.6372059], [28.0946669, 41.6380979], [28.0888492, 41.6502965], [28.0881303, 41.6564972], [28.0903566, 41.6629698], [28.0972016, 41.663615], [28.0989236, 41.6657991], [28.105161, 41.667772], [28.105192, 41.669568], [28.1013858, 41.6710926], [28.0989504, 41.6769908], [28.099578, 41.6797233], [28.0931139, 41.6823676], [28.0911881, 41.6872672], [28.08957, 41.687173], [28.0879587, 41.6895586], [28.0808447, 41.6907247], [28.0643713, 41.7031573], [28.0609167, 41.7140342], [28.048026, 41.7223788], [28.0449071, 41.7261741], [28.045572, 41.729937], [28.0418622, 41.7306023], [28.0405372, 41.7324838], [28.0398613, 41.7383323], [28.0437612, 41.739257], [28.0443084, 41.740698], [28.0429619, 41.7419388], [28.0432516, 41.7455251], [28.0398399, 41.7484628], [28.041429, 41.749227], [28.0405372, 41.750544], [28.0418676, 41.7527491], [28.037909, 41.754136], [28.0378926, 41.7561907], [28.0352211, 41.7584157], [28.0359185, 41.7595161], [28.0330807, 41.7619731], [28.0304038, 41.7614409], [28.0290198, 41.7652061], [28.0232692, 41.7672467], [28.0162954, 41.7747923], [28.017688, 41.776136], [28.014949, 41.776417], [28.0049447, 41.7877259], [28.0021031, 41.7879906], [27.999419, 41.786785], [27.9989759, 41.784776], [27.9930675, 41.7862011], [27.9823816, 41.7852651], [27.965666, 41.781025], [27.9629838, 41.782441], [27.9602373, 41.7801449], [27.9617822, 41.7737041], [27.9572546, 41.772864], [27.9536605, 41.7686951], [27.9468262, 41.7685591], [27.9448521, 41.7661744], [27.9393589, 41.7657983], [27.9366875, 41.7632215], [27.9313445, 41.7649741], [27.9325461, 41.7690232], [27.9295528, 41.7709676], [27.9258728, 41.7657343], [27.9263878, 41.7589239], [27.9291773, 41.7583317], [27.9235554, 41.7535855], [27.922579, 41.7479666], [27.9238343, 41.7446686], [27.9214954, 41.7391049], [27.922461, 41.737888], [27.917912, 41.7367111], [27.9080951, 41.7379921], [27.9061639, 41.7404819], [27.9054451, 41.7483108], [27.9007351, 41.7473182], [27.9027414, 41.7513364], [27.9020119, 41.7529532], [27.9041147, 41.7528252], [27.9039109, 41.7558186], [27.907784, 41.7569151], [27.9074514, 41.7585958], [27.913363, 41.7626213], [27.9143822, 41.7667106], [27.9135883, 41.7689031], [27.9106808, 41.7687751], [27.9119468, 41.7707596], [27.9096186, 41.7755284], [27.9055309, 41.7770406], [27.9031384, 41.7757845], [27.9008746, 41.7781848], [27.8964329, 41.7774007], [27.8963578, 41.7737842], [27.8924417, 41.7718718], [27.8892016, 41.7753364], [27.8850174, 41.7746723], [27.8840518, 41.7706956], [27.8799856, 41.7720718], [27.8812623, 41.7736961], [27.8753185, 41.7748883], [27.8728616, 41.772752], [27.873044, 41.7710956], [27.8692138, 41.7708556], [27.868098, 41.7688311], [27.8708768, 41.7652701], [27.8657377, 41.7588759], [27.8619075, 41.7610527], [27.8523481, 41.7518967], [27.8395271, 41.7481827], [27.8368449, 41.7483108], [27.8372526, 41.7537536], [27.8360081, 41.7559226], [27.8376281, 41.7583397], [27.8297623, 41.7637781], [27.8233373, 41.7650061], [27.8211801, 41.7622596], [27.8169644, 41.7641978], [27.8083384, 41.7622211], [27.8051841, 41.7634456], [27.8002274, 41.7593241], [27.7975559, 41.7616449], [27.7939725, 41.7606126], [27.789799, 41.7642458], [27.7830934, 41.7670387], [27.7839196, 41.7698474], [27.7817202, 41.7705755], [27.7823853, 41.7722399], [27.7760124, 41.7759765], [27.7643502, 41.7778407], [27.7495336, 41.7757125], [27.7458215, 41.7765526], [27.7442551, 41.781073], [27.7440297, 41.7775847], [27.7420235, 41.7764486], [27.7454245, 41.7694793], [27.7444804, 41.7670467], [27.7354038, 41.7686391], [27.73314, 41.7660304], [27.7346849, 41.7636856], [27.7280331, 41.7625573], [27.7165746, 41.7528092], [27.6930678, 41.7491592], [27.6904499, 41.740714], [27.6821029, 41.7300178], [27.6785087, 41.7331804], [27.6741099, 41.7330123], [27.6700544, 41.7294173], [27.6680374, 41.7245249], [27.6660311, 41.7245489], [27.6573837, 41.7080353], [27.6650333, 41.6972215], [27.6646685, 41.6806128], [27.6580489, 41.6758609], [27.6499842, 41.6664088], [27.6431894, 41.6658271], [27.6391017, 41.6629578], [27.636175, 41.6630797], [27.6320207, 41.6547898], [27.6265919, 41.6499077], [27.6273966, 41.6364541], [27.6216996, 41.6268072], [27.6215815, 41.6215942], [27.623502, 41.6205355], [27.6199615, 41.6148488], [27.6185775, 41.6063939], [27.6123762, 41.6036663], [27.6106703, 41.6006498], [27.6063609, 41.6014799], [27.6018083, 41.5936775], [27.6040721, 41.5912623], [27.600832, 41.5913425], [27.6020229, 41.5901309], [27.6007247, 41.5890235], [27.5966585, 41.5878038], [27.5966263, 41.5843772], [27.5879359, 41.5773871]]]}, "properties": {"id": "tr-39-vize", "name": "Vize", "province": "kirklareli", "province_plate": "39", "osm_relation_id": 1835621, "bbox": [41.4267725, 27.5879359, 41.7879906, 28.1467995], "center": [41.627096929202445, 27.836496547384876]}}, {"type": "Feature", "geometry": {"type": "Polygon", "coordinates": [[[38.9127045, 38.28286], [38.9163315, 38.2817319], [38.9219437, 38.2830009], [38.9243245, 38.2792413], [38.9330323, 38.2823072], [38.9381905, 38.2792411], [38.9404177, 38.2581155], [38.9424991, 38.2573573], [38.9436793, 38.2591264], [38.9470267, 38.2595645], [38.9565539, 38.2579301], [38.9535284, 38.2534144], [38.9634863, 38.2499925], [38.9624439, 38.24485], [38.9578628, 38.2414666], [38.9597297, 38.2399498], [38.9682869, 38.2389505], [38.9646005, 38.2355004], [38.9662742, 38.2350453], [38.9665532, 38.2310001], [38.968656, 38.2290954], [38.9758014, 38.2276626], [38.9749217, 38.2257747], [38.9849209, 38.23427], [38.9840627, 38.2365453], [38.9799213, 38.2371183], [38.9732694, 38.241989], [38.9723679, 38.2599691], [38.9894056, 38.2577279], [38.9893627, 38.256043], [38.9938688, 38.2531448], [39.0033531, 38.2510385], [39.0111015, 38.2450721], [39.0112388, 38.2426041], [39.0205587, 38.2316266], [39.0245533, 38.2285054], [39.0281796, 38.2307978], [39.0319776, 38.225505], [39.0349817, 38.2276963], [39.0448993, 38.227967], [39.0469121, 38.2314214], [39.0578127, 38.2279323], [39.075365, 38.2330396], [39.0801501, 38.2325339], [39.1008556, 38.2391051], [39.1045904, 38.238197], [39.1149974, 38.2330901], [39.1208124, 38.2271738], [39.1227865, 38.2175482], [39.119683, 38.210644], [39.1286328, 38.2186527], [39.1388564, 38.2310565], [39.1413765, 38.25572], [39.1511612, 38.2914326], [39.1514252, 38.2992522], [39.1433633, 38.3118548], [39.119012, 38.3303146], [39.1131485, 38.3440357], [39.1062794, 38.3478962], [39.0997085, 38.3414976], [39.0862602, 38.3413963], [39.0745337, 38.3433421], [39.0591654, 38.3364926], [39.0482239, 38.338132], [39.0380475, 38.3337156], [39.0294415, 38.3320606], [39.0166128, 38.3333443], [39.0061845, 38.3324172], [38.9994355, 38.3259485], [38.9890407, 38.3193777], [38.9677752, 38.3188946], [38.9618418, 38.311618], [38.9478252, 38.3043414], [38.9279536, 38.2975452], [38.9177967, 38.2902729], [38.9127045, 38.28286]]]}, "properties": {"id": "tr-44-doganyol", "name": "Doğanyol", "province": "malatya", "province_plate": "44", "osm_relation_id": 1246231, "bbox": [38.210644, 38.9127045, 38.3478962, 39.1514252], "center": [38.283635453334, 39.04982500270284]}}, {"type": "Feature", "geometry": {"type": "Polygon", "coordinates": [[[38.5793924, 38.2383992], [38.5839843, 38.2335958], [38.6099052, 38.2354835], [38.6100873, 38.2229046], [38.6167093, 38.2058969], [38.608296, 38.2035176], [38.6050128, 38.1996084], [38.6058711, 38.1951565], [38.6104504, 38.1933587], [38.6204094, 38.1848768], [38.6114169, 38.1723822], [38.6051845, 38.1747822], [38.5990246, 38.1748368], [38.5971851, 38.1727977], [38.5889625, 38.1531199], [38.5918362, 38.1465071], [38.5925821, 38.1376615], [38.5847394, 38.1279322], [38.6131561, 38.0979226], [38.6247206, 38.0915767], [38.6380071, 38.0878638], [38.6384332, 38.0841421], [38.642435, 38.0782475], [38.6538993, 38.0706117], [38.6674483, 38.0624407], [38.6765389, 38.064605], [38.6779871, 38.0627521], [38.6830247, 38.0628331], [38.6837596, 38.0578903], [38.6813995, 38.0561983], [38.6825234, 38.0509214], [38.6927962, 38.04954], [38.6957949, 38.0506468], [38.6959827, 38.0486571], [38.7009555, 38.0465153], [38.7138194, 38.0450241], [38.7189836, 38.0470707], [38.7157966, 38.0502078], [38.7218284, 38.0526027], [38.7289067, 38.0518904], [38.7321662, 38.0530597], [38.735824, 38.0470707], [38.7527006, 38.0294859], [38.7476666, 38.0268043], [38.7532424, 38.0242275], [38.7418358, 37.9946176], [38.7471052, 37.9835858], [38.7620986, 37.981816], [38.7671326, 37.9781621], [38.7684002, 37.9749077], [38.7708628, 37.9809596], [38.7854578, 37.9886666], [38.7802971, 37.9929479], [38.7953085, 38.0034932], [38.7994734, 38.0091861], [38.8230137, 38.0136945], [38.8188308, 38.0208132], [38.8198267, 38.0395838], [38.825867, 38.0438349], [38.8455896, 38.044821], [38.8488818, 38.0475328], [38.8506982, 38.0527476], [38.8618424, 38.0567553], [38.8621641, 38.0606138], [38.8710378, 38.0578131], [38.885512, 38.0601669], [38.883147, 38.0741542], [38.8867797, 38.0801118], [38.8901097, 38.079516], [38.8942155, 38.0757628], [38.9046029, 38.0778479], [38.9095979, 38.0842818], [38.9204962, 38.0858753], [38.9292186, 38.0904321], [38.9342514, 38.0879303], [38.9561236, 38.0900896], [38.9622728, 38.087424], [38.9633134, 38.0849073], [38.968176, 38.0847285], [38.9734359, 38.0867539], [38.978904, 38.0833882], [38.9769741, 38.082167], [38.9764443, 38.0793969], [38.978412, 38.0751372], [38.9874182, 38.0802309], [39.0115798, 38.0827181], [39.0234619, 38.0757926], [39.0335276, 38.0839839], [39.0440664, 38.0829712], [39.0531802, 38.0839666], [39.0509657, 38.0879203], [39.0530182, 38.1023301], [39.0516103, 38.1074679], [39.0567926, 38.1088951], [39.0562189, 38.113424], [39.0527763, 38.1156665], [39.0541089, 38.1227431], [39.0595503, 38.1267179], [39.0572183, 38.1351328], [39.072543, 38.1470545], [39.0734684, 38.1517558], [39.1106695, 38.164769], [39.1160369, 38.1682909], [39.1259413, 38.1704074], [39.1317483, 38.1730787], [39.1321562, 38.1752664], [39.1361756, 38.178616], [39.140468, 38.177239], [39.154183, 38.1786864], [39.1625579, 38.1808915], [39.1663591, 38.1835598], [39.1663894, 38.1852472], [39.154427, 38.182697], [39.136295, 38.1891359], [39.125989, 38.1868672], [39.1117475, 38.1955929], [39.10654, 38.2038182], [39.110813, 38.2084594], [39.119683, 38.210644], [39.1227865, 38.2175482], [39.1223573, 38.2231787], [39.1208124, 38.2271738], [39.1149974, 38.2330901], [39.1008556, 38.2391051], [39.0801501, 38.2325339], [39.075365, 38.2330396], [39.0578127, 38.2279323], [39.0469121, 38.2314214], [39.0448993, 38.227967], [39.0349817, 38.2276963], [39.0319776, 38.225505], [39.0281796, 38.2307978], [39.0245533, 38.2285054], [39.0205587, 38.2316266], [39.0112388, 38.2426041], [39.0111015, 38.2450721], [39.0033531, 38.2510385], [38.9938688, 38.2531448], [38.9893627, 38.256043], [38.9894056, 38.2577279], [38.9723679, 38.2599691], [38.9732694, 38.241989], [38.9799213, 38.2371183], [38.9840627, 38.2365453], [38.9849209, 38.23427], [38.9749217, 38.2257747], [38.9758014, 38.2276626], [38.968656, 38.2290954], [38.9665532, 38.2310001], [38.9662742, 38.2350453], [38.9646005, 38.2355004], [38.9682869, 38.2389505], [38.9597297, 38.2399498], [38.9578628, 38.2414666], [38.9624439, 38.24485], [38.9634863, 38.2499925], [38.9535284, 38.2534144], [38.9565539, 38.2579301], [38.9470267, 38.2595645], [38.9436793, 38.2591264], [38.9424991, 38.2573573], [38.9404177, 38.2581155], [38.9381905, 38.2792411], [38.9330323, 38.2823072], [38.9243245, 38.2792413], [38.9219437, 38.2830009], [38.9163315, 38.2817319], [38.9127045, 38.28286], [38.9177967, 38.2902729], [38.9279536, 38.2975452], [38.9325775, 38.2991266], [38.9287662, 38.3026006], [38.911407, 38.3085781], [38.9064073, 38.3077194], [38.9046263, 38.3141848], [38.9055705, 38.3162556], [38.901515, 38.3236124], [38.8936615, 38.3237976], [38.8907647, 38.3207169], [38.8868379, 38.3210368], [38.8775253, 38.3265415], [38.8768172, 38.3249928], [38.8412404, 38.3248413], [38.8395881, 38.321929], [38.8348889, 38.3235619], [38.8294172, 38.3169627], [38.813796, 38.3211378], [38.8080668, 38.3258681], [38.806479, 38.3299417], [38.8084745, 38.3364893], [38.8076377, 38.3427838], [38.7933898, 38.3472435], [38.7891626, 38.3458467], [38.7861585, 38.352965], [38.7766635, 38.3652898], [38.7722969, 38.3638008], [38.766911, 38.358585], [38.7729621, 38.3565491], [38.7729406, 38.3520731], [38.775022, 38.3513327], [38.775258, 38.3486571], [38.7797212, 38.346503], [38.7786054, 38.3411177], [38.7737587, 38.3351652], [38.7743627, 38.3337801], [38.7619543, 38.3304888], [38.7298965, 38.3490442], [38.7280082, 38.3434234], [38.7360332, 38.333342], [38.7297678, 38.3250854], [38.7247467, 38.3273327], [38.7206053, 38.3261123], [38.7207984, 38.3232253], [38.7172652, 38.3221877], [38.7324071, 38.3144205], [38.732686, 38.3056315], [38.7361936, 38.302657], [38.7388658, 38.2944164], [38.7364626, 38.2874272], [38.7404108, 38.2829301], [38.7393808, 38.2811784], [38.7318063, 38.2808498], [38.7256479, 38.2913513], [38.6877448, 38.2951701], [38.6587429, 38.2785844], [38.6464262, 38.2764956], [38.641963, 38.2781464], [38.6423049, 38.2693568], [38.6167288, 38.2631869], [38.6197543, 38.2612494], [38.612913, 38.2586927], [38.6025667, 38.259059], [38.5986185, 38.2568686], [38.5922241, 38.2571382], [38.5838341, 38.2506003], [38.5825971, 38.2438303], [38.5793924, 38.2383992]]]}, "properties": {"id": "tr-44-puturge", "name": "Pütürge", "province": "malatya", "province_plate": "44", "osm_relation_id": 1246232, "bbox": [37.9749077, 38.5793924, 38.3652898, 39.1663894], "center": [38.176705842829264, 38.828054019209965]}}, {"type": "Feature", "geometry": {"type": "Polygon", "coordinates": [[[37.5768793, 38.0260192], [37.5875115, 38.0146512], [37.6013303, 38.0131128], [37.5984871, 38.0082184], [37.5985515, 38.0042367], [37.5808275, 38.0057076], [37.5809777, 37.9933641], [37.5838959, 37.9829127], [37.5984442, 37.9735001], [37.5990343, 37.9716902], [37.5977039, 37.9696603], [37.603097, 37.9577975], [37.6005295, 37.9447594], [37.6161398, 37.9441115], [37.6258963, 37.9511977], [37.6360635, 37.9502259], [37.6620464, 37.9538701], [37.6723677, 37.9484443], [37.6872591, 37.9537891], [37.6923941, 37.957595], [37.6949615, 37.9528173], [37.6927022, 37.9492541], [37.6986074, 37.943666], [37.6959372, 37.9398594], [37.6988128, 37.9372675], [37.6844787, 37.9209772], [37.6823759, 37.9133597], [37.6877403, 37.9077729], [37.6935768, 37.9078745], [37.702321, 37.912569], [37.7044996, 37.9162086], [37.7110799, 37.9146432], [37.7622734, 37.9327622], [37.7621233, 37.9284993], [37.7686539, 37.9242361], [37.7600966, 37.91488], [37.7519897, 37.912985], [37.7486869, 37.9103792], [37.7551424, 37.9096685], [37.7687978, 37.9031177], [37.7694587, 37.9018574], [37.7665947, 37.8961205], [37.7665257, 37.8896413], [37.7748995, 37.8929455], [37.7949536, 37.8935418], [37.8231811, 37.889503], [37.8447354, 37.8942868], [37.8539713, 37.886509], [37.8694542, 37.8885742], [37.8767377, 37.8974886], [37.8848063, 37.8946664], [37.8871627, 37.890883], [37.8951755, 37.8915283], [37.9102491, 37.8988884], [37.9656261, 37.8910416], [37.9746973, 37.8879823], [37.9904943, 37.8888848], [38.0000501, 37.8952787], [38.0073768, 37.8935043], [38.0170295, 37.8949881], [38.0241624, 37.8983836], [38.0281747, 37.9062143], [38.0371296, 37.9139677], [38.0348424, 37.9184022], [38.0374785, 37.9188915], [38.0366644, 37.9222248], [38.0402308, 37.9249158], [38.0401145, 37.9272856], [38.0349065, 37.9337765], [38.043766, 37.936997], [38.0574024, 37.9391885], [38.0633891, 37.9422853], [38.0679166, 37.9417015], [38.0758238, 37.9435037], [38.0788288, 37.9420657], [38.0771011, 37.9432827], [38.0760326, 37.9487041], [38.0901313, 37.9582898], [38.1056664, 37.948746], [38.1323741, 37.9476133], [38.1547989, 37.9502563], [38.1571236, 37.9613529], [38.1559819, 37.9632732], [38.1589884, 37.9706239], [38.1576204, 37.9775427], [38.1604099, 37.9817542], [38.1672955, 37.9854188], [38.1693711, 37.9945623], [38.1589153, 37.9963132], [38.1552558, 38.0099075], [38.1500279, 38.0189689], [38.1240191, 38.0276174], [38.1133906, 38.0334929], [38.0990663, 38.0605406], [38.0878346, 38.0719463], [38.0870207, 38.0846315], [38.0915785, 38.0882188], [38.1320601, 38.0869337], [38.1295434, 38.0931654], [38.1257744, 38.0965574], [38.1090941, 38.1027844], [38.107624, 38.1163263], [38.1155024, 38.122595], [38.1195977, 38.1408236], [38.1388235, 38.1532379], [38.1315171, 38.1562835], [38.1280303, 38.1593459], [38.1288886, 38.1606956], [38.1270861, 38.1641374], [38.1223225, 38.1668536], [38.1287813, 38.1708349], [38.1293004, 38.1727551], [38.126378, 38.1775317], [38.1222582, 38.1795221], [38.12258, 38.1829798], [38.125348, 38.1857796], [38.1223869, 38.1873313], [38.1138038, 38.1855773], [38.1093406, 38.1884107], [38.0883924, 38.173356], [38.0819177, 38.1636481], [38.0778193, 38.1655208], [38.0759096, 38.1635807], [38.0725836, 38.1641205], [38.0748581, 38.1745798], [38.0737209, 38.177363], [38.0689787, 38.1774642], [38.0654168, 38.16849], [38.0590217, 38.1652824], [38.0554604, 38.1652846], [38.0527997, 38.1630408], [38.0467732, 38.1637192], [38.0390453, 38.1604932], [38.0354404, 38.1608981], [38.0250764, 38.1578105], [38.0114937, 38.1576249], [38.00982, 38.1603751], [38.0061722, 38.1603582], [37.9940486, 38.1671741], [37.9885554, 38.175575], [37.9893493, 38.1770594], [37.9855298, 38.1863194], [37.9885621, 38.1986984], [37.9903965, 38.1997079], [37.9891465, 38.2030943], [37.9902499, 38.2066304], [37.987928, 38.211819], [37.9890012, 38.2231474], [37.9784005, 38.2264827], [37.9583752, 38.2149687], [37.9424, 38.2089076], [37.9400182, 38.219824], [37.9298901, 38.2218132], [37.9275512, 38.2202286], [37.9171228, 38.2197397], [37.9158783, 38.223381], [37.9095053, 38.2247464], [37.9107284, 38.2259095], [37.9098916, 38.2309326], [37.9060077, 38.2340845], [37.9031753, 38.2354161], [37.9001713, 38.2338654], [37.8966522, 38.234725], [37.8902793, 38.2407924], [37.8637361, 38.2334104], [37.8469991, 38.2359891], [37.8367746, 38.2359217], [37.8265071, 38.2428148], [37.8181815, 38.242444], [37.8145337, 38.2442473], [37.781167, 38.2224033], [37.7746224, 38.2231787], [37.7499461, 38.219234], [37.7516841, 38.1953926], [37.7512979, 38.1741749], [37.7486372, 38.1647616], [37.7351188, 38.164458], [37.7181244, 38.1577768], [37.7273941, 38.1487326], [37.7268791, 38.1329701], [37.715249, 38.1213907], [37.7100561, 38.1126798], [37.7040266, 38.1096069], [37.6908302, 38.0958287], [37.6744794, 38.0844123], [37.6480436, 38.0761698], [37.6310062, 38.0667777], [37.6198053, 38.0640071], [37.6124668, 38.0600622], [37.6011801, 38.0585754], [37.5958264, 38.0595638], [37.5786495, 38.0540473], [37.578789, 38.0377067], [37.5825763, 38.0349941], [37.5768793, 38.0260192]]]}, "properties": {"id": "tr-44-dogansehir", "name": "Doğanşehir", "province": "malatya", "province_plate": "44", "osm_relation_id": 1825945, "bbox": [37.886509, 37.5768793, 38.2442473, 38.1693711], "center": [38.049346764447186, 37.88047811893792]}}, {"type": "Feature", "geometry": {"type": "Polygon", "coordinates": [[[38.6314057, 38.4020332], [38.654108, 38.3904967], [38.6660814, 38.3942134], [38.6799215, 38.3901435], [38.6815524, 38.3880243], [38.6755096, 38.3802104], [38.6774753, 38.3788238], [38.6780762, 38.350037], [38.6817992, 38.3468817], [38.6868524, 38.3457878], [38.6857152, 38.3441722], [38.6892986, 38.3438104], [38.6888051, 38.3386436], [38.6933756, 38.3305309], [38.6928606, 38.327905], [38.6879897, 38.3308339], [38.682078, 38.3280733], [38.6998451, 38.3235703], [38.7027633, 38.3196227], [38.7207984, 38.3232253], [38.7206053, 38.3261123], [38.7247467, 38.3273327], [38.7297678, 38.3250854], [38.7360332, 38.333342], [38.7280082, 38.3434234], [38.7298965, 38.3490442], [38.7619543, 38.3304888], [38.7743627, 38.3337801], [38.7737587, 38.3351652], [38.7786054, 38.3411177], [38.7797212, 38.346503], [38.775258, 38.3486571], [38.775022, 38.3513327], [38.7729406, 38.3520731], [38.7729621, 38.3565491], [38.766911, 38.358585], [38.7722969, 38.3638008], [38.7766635, 38.3652898], [38.7861585, 38.352965], [38.7891626, 38.3458467], [38.7933898, 38.3472435], [38.8076377, 38.3427838], [38.8084745, 38.3364893], [38.806479, 38.3299417], [38.8119936, 38.3218448], [38.8294172, 38.3169627], [38.8348889, 38.3235619], [38.8395881, 38.321929], [38.8412404, 38.3248413], [38.8768172, 38.3249928], [38.8775253, 38.3265415], [38.8868379, 38.3210368], [38.8907647, 38.3207169], [38.8936615, 38.3237976], [38.901515, 38.3236124], [38.9055705, 38.3162556], [38.9046263, 38.3141848], [38.9064073, 38.3077194], [38.911407, 38.3085781], [38.9287662, 38.3026006], [38.9325775, 38.2991266], [38.9478252, 38.3043414], [38.9618418, 38.311618], [38.9677752, 38.3188946], [38.9531428, 38.327428], [38.9476393, 38.3334557], [38.9338645, 38.3415268], [38.9277227, 38.3492262], [38.9176505, 38.3556887], [38.908956, 38.3569956], [38.894535, 38.3561557], [38.8902424, 38.3581649], [38.8848907, 38.3647569], [38.8820887, 38.3767707], [38.8767066, 38.3864261], [38.8568233, 38.4000437], [38.8344346, 38.4097645], [38.8318099, 38.4166295], [38.8337801, 38.4319105], [38.8302175, 38.435251], [38.813149, 38.4435089], [38.7930337, 38.4352519], [38.7569425, 38.4298308], [38.7488785, 38.4273367], [38.7358245, 38.4195547], [38.7280425, 38.4167768], [38.7141646, 38.4151137], [38.6733246, 38.4234458], [38.6521569, 38.4295087], [38.6453533, 38.4224278], [38.6390447, 38.4122396], [38.6391735, 38.4068928], [38.6314057, 38.4020332]]]}, "properties": {"id": "tr-44-kale", "name": "Kale", "province": "malatya", "province_plate": "44", "osm_relation_id": 1826120, "bbox": [38.2991266, 38.6314057, 38.4435089, 38.9677752], "center": [38.372286033664615, 38.79064563389626]}}, {"type": "Feature", "geometry": {"type": "Polygon", "coordinates": [[[37.9855298, 38.1863194], [37.989993, 38.1721338], [37.9940486, 38.1671741], [38.0061722, 38.1603582], [38.00982, 38.1603751], [38.0114937, 38.1576249], [38.0152702, 38.1575574], [38.0250764, 38.1578105], [38.0354404, 38.1608981], [38.0390453, 38.1604932], [38.0467732, 38.1637192], [38.0527997, 38.1630408], [38.0554604, 38.1652846], [38.0590217, 38.1652824], [38.0654168, 38.16849], [38.0689787, 38.1774642], [38.0737209, 38.177363], [38.0748581, 38.1745798], [38.0725836, 38.1641205], [38.0759096, 38.1635807], [38.0778193, 38.1655208], [38.0819177, 38.1636481], [38.0883924, 38.173356], [38.1093406, 38.1884107], [38.1138038, 38.1855773], [38.1223869, 38.1873313], [38.125348, 38.1857796], [38.12258, 38.1829798], [38.1222582, 38.1795221], [38.126378, 38.1775317], [38.1293004, 38.1727551], [38.1287813, 38.1708349], [38.1223225, 38.1668536], [38.1270861, 38.1641374], [38.1288886, 38.1606956], [38.1280303, 38.1593459], [38.1315171, 38.1562835], [38.1388235, 38.1532379], [38.1195977, 38.1408236], [38.1155024, 38.122595], [38.107624, 38.1163263], [38.1090941, 38.1027844], [38.1257744, 38.0965574], [38.1295434, 38.0931654], [38.1317705, 38.1052243], [38.1486511, 38.1076822], [38.1564819, 38.1131973], [38.1592659, 38.1193167], [38.1704974, 38.116019], [38.1876462, 38.1036802], [38.1937593, 38.1408404], [38.2052135, 38.1414425], [38.2154396, 38.1482475], [38.2175731, 38.1588566], [38.2229375, 38.1675959], [38.2594681, 38.202546], [38.263235, 38.2100626], [38.2695865, 38.2066904], [38.2749939, 38.2084777], [38.271346, 38.201497], [38.2565832, 38.1881071], [38.2555532, 38.1840256], [38.2580852, 38.1787631], [38.270788, 38.1675285], [38.2791566, 38.1664149], [38.2675695, 38.1617923], [38.282032, 38.1565619], [38.2831049, 38.1543347], [38.2910871, 38.1495426], [38.2880401, 38.1472307], [38.281517, 38.1463364], [38.2685136, 38.1471802], [38.2754659, 38.1401936], [38.2848215, 38.1330376], [38.301773, 38.1326325], [38.3071374, 38.1415943], [38.3113861, 38.1572706], [38.2908725, 38.1601389], [38.2996273, 38.1663306], [38.3150501, 38.167431], [38.3212995, 38.1646604], [38.3103131, 38.1485639], [38.3038974, 38.1317211], [38.3062791, 38.1266068], [38.3077168, 38.1280415], [38.3209884, 38.1252817], [38.3242929, 38.1199389], [38.3109355, 38.112342], [38.2987046, 38.1103836], [38.3016014, 38.1088303], [38.3014726, 38.1068718], [38.3035969, 38.1051496], [38.312813, 38.1065509], [38.3269858, 38.1128486], [38.3454609, 38.1164782], [38.3506206, 38.1191935], [38.3650212, 38.117423], [38.3781194, 38.1187235], [38.3958081, 38.1064144], [38.4018253, 38.1070765], [38.4151265, 38.1025569], [38.4163141, 38.1159549], [38.422451, 38.1159887], [38.4291503, 38.1258615], [38.4417411, 38.1751234], [38.4562602, 38.1819215], [38.4532642, 38.1877024], [38.4413766, 38.1909742], [38.4369564, 38.197315], [38.4172153, 38.1988665], [38.4078598, 38.2070276], [38.405478, 38.2143112], [38.4028172, 38.2174976], [38.399384, 38.2178685], [38.3955109, 38.2251678], [38.3915841, 38.2252184], [38.3867776, 38.2287835], [38.3884191, 38.2312866], [38.3877969, 38.2334946], [38.3779263, 38.2425957], [38.3781624, 38.246101], [38.3725834, 38.2453258], [38.3699012, 38.2465391], [38.3645582, 38.2456291], [38.3643651, 38.2438934], [38.3618545, 38.2430844], [38.3608031, 38.2445843], [38.3519625, 38.2413823], [38.3463836, 38.2414834], [38.3333802, 38.2450899], [38.3307838, 38.2499769], [38.3440017, 38.2502128], [38.3467269, 38.2535155], [38.3475423, 38.2610977], [38.3470166, 38.2635323], [38.3447313, 38.2644505], [38.3452248, 38.2678705], [38.3501601, 38.2720316], [38.3437335, 38.275906], [38.339678, 38.3032152], [38.3195937, 38.3137807], [38.3199091, 38.3203936], [38.3082817, 38.3262627], [38.3088795, 38.3294179], [38.3056155, 38.3374638], [38.3037688, 38.3359484], [38.3003531, 38.3414561], [38.3023496, 38.3452972], [38.299799, 38.3507605], [38.3146859, 38.3517941], [38.3114799, 38.3635598], [38.3166003, 38.3631531], [38.3189018, 38.3686567], [38.3228637, 38.3730519], [38.3256474, 38.373818], [38.3259459, 38.3749881], [38.323972, 38.3756736], [38.3249044, 38.3815318], [38.322984, 38.3847193], [38.3179262, 38.3878834], [38.3208241, 38.3925721], [38.3197443, 38.3946186], [38.3087146, 38.394945], [38.2947217, 38.4037166], [38.2877051, 38.4254387], [38.2857227, 38.4279248], [38.2825363, 38.4279248], [38.2809913, 38.4296478], [38.2809377, 38.4319002], [38.2904087, 38.4307506], [38.2903658, 38.4547164], [38.28822, 38.453641], [38.2856237, 38.4553046], [38.2861601, 38.4563799], [38.2843065, 38.4574031], [38.2852077, 38.4596714], [38.2795429, 38.4608476], [38.2775473, 38.4640903], [38.287705, 38.4732987], [38.2897782, 38.4716337], [38.2985412, 38.4776495], [38.2981252, 38.4790923], [38.3018457, 38.4797325], [38.3071813, 38.4871286], [38.3008455, 38.4915194], [38.2765531, 38.4998075], [38.2402324, 38.5031428], [38.2316166, 38.5065034], [38.2264136, 38.5056616], [38.217016, 38.5003566], [38.2135316, 38.5009678], [38.206913, 38.50653], [38.194379, 38.5056247], [38.190372, 38.5067412], [38.1873228, 38.5045086], [38.1847461, 38.5080082], [38.1800047, 38.5069068], [38.1710458, 38.5111194], [38.1608423, 38.5107209], [38.1540369, 38.5067449], [38.1492884, 38.5084935], [38.1450961, 38.5068635], [38.1446763, 38.5097559], [38.1419019, 38.510846], [38.1440611, 38.5135556], [38.1419306, 38.5151923], [38.1329765, 38.515705], [38.1312842, 38.513595], [38.1280074, 38.5141366], [38.1243141, 38.5166659], [38.1235018, 38.5211346], [38.1210588, 38.5215255], [38.1200877, 38.5207022], [38.1212058, 38.5188415], [38.1060542, 38.5141034], [38.1070695, 38.5199499], [38.1057127, 38.5210114], [38.0951401, 38.5197165], [38.086967, 38.5262164], [38.0849847, 38.5252067], [38.086617, 38.5198827], [38.0909943, 38.5166928], [38.0900717, 38.5143088], [38.0941057, 38.5083818], [38.0894923, 38.4986256], [38.0940199, 38.4977355], [38.0721545, 38.4573695], [38.075974, 38.4485306], [38.081553, 38.4474383], [38.0876684, 38.4483962], [38.0934191, 38.4559244], [38.1114864, 38.4472702], [38.107903, 38.4423966], [38.1096411, 38.4418924], [38.115263, 38.4482953], [38.1192541, 38.4633847], [38.1267214, 38.4814608], [38.1286311, 38.4813264], [38.1346392, 38.4751783], [38.1412267, 38.4795459], [38.1463122, 38.4791595], [38.1521916, 38.4749431], [38.1579208, 38.4788739], [38.1703126, 38.4808225], [38.1763101, 38.4731792], [38.1760096, 38.4677697], [38.1671584, 38.4600915], [38.1654632, 38.4527317], [38.1605387, 38.4450267], [38.1537366, 38.4441024], [38.1446814, 38.4340769], [38.1420851, 38.4282106], [38.1340644, 38.4282423], [38.1280088, 38.4184099], [38.1227302, 38.4170985], [38.1183148, 38.4120195], [38.1179919, 38.4066756], [38.1142182, 38.4030496], [38.1065297, 38.3875365], [38.1037577, 38.3875405], [38.103139, 38.3837179], [38.1009025, 38.3843764], [38.096981, 38.3800685], [38.0970347, 38.377806], [38.1014013, 38.3745678], [38.0948353, 38.3694705], [38.0957813, 38.3672804], [38.0936122, 38.3618323], [38.0888271, 38.3655506], [38.0809521, 38.3552029], [38.0806158, 38.3522601], [38.0871963, 38.3479335], [38.0915701, 38.3555926], [38.0999207, 38.3526621], [38.0979466, 38.3405959], [38.0983758, 38.3313893], [38.1044053, 38.3299754], [38.1052422, 38.3231242], [38.1089544, 38.3226697], [38.1068477, 38.3147528], [38.1110143, 38.3129726], [38.0906081, 38.3069448], [38.0881404, 38.3076352], [38.0912518, 38.2955784], [38.089907, 38.289631], [38.080287, 38.2828796], [38.0804372, 38.2788033], [38.0701011, 38.2624527], [38.0614042, 38.2627826], [38.0378217, 38.2839699], [38.0322647, 38.2798814], [38.0275655, 38.2852039], [38.0248832, 38.2846144], [38.0262565, 38.2816837], [38.0235743, 38.2814984], [38.0232954, 38.2780622], [38.0208921, 38.2774221], [38.0229091, 38.275586], [38.0176949, 38.2727728], [38.009305, 38.2591601], [38.0028971, 38.2577513], [38.0016683, 38.2515661], [37.9986405, 38.2483591], [37.9994774, 38.245983], [37.9962158, 38.2452078], [37.9951821, 38.2377554], [37.9890012, 38.2231474], [37.987928, 38.211819], [37.9902499, 38.2066304], [37.9891465, 38.2030943], [37.9903965, 38.1997079], [37.9885621, 38.1986984], [37.9855298, 38.1863194]]]}, "properties": {"id": "tr-44-yesilyurt", "name": "Yeşilyurt", "province": "malatya", "province_plate": "44", "osm_relation_id": 1826216, "bbox": [38.0931654, 37.9855298, 38.5262164, 38.4562602], "center": [38.28499115897389, 38.21037304410454]}}, {"type": "Feature", "geometry": {"type": "Polygon", "coordinates": [[[37.58322, 38.3384416], [37.598691, 38.3244036], [37.6046991, 38.3225014], [37.6147198, 38.3246393], [37.6180029, 38.3227875], [37.6261353, 38.3218953], [37.6281738, 38.3238986], [37.6434302, 38.3219458], [37.6758528, 38.3066081], [37.6735782, 38.3044191], [37.6709389, 38.2946185], [37.6678276, 38.2702796], [37.6685786, 38.2585872], [37.702825, 38.2519315], [37.717545, 38.2522517], [37.7364278, 38.2550488], [37.7339709, 38.2544001], [37.746039, 38.2422567], [37.7499461, 38.219234], [37.7746224, 38.2231787], [37.781167, 38.2224033], [37.8145337, 38.2442473], [37.8181815, 38.242444], [37.8265071, 38.2428148], [37.8367746, 38.2359217], [37.8469991, 38.2359891], [37.8637361, 38.2334104], [37.8902793, 38.2407924], [37.8966522, 38.234725], [37.9001713, 38.2338654], [37.9031753, 38.2354161], [37.9060077, 38.2340845], [37.9098916, 38.2309326], [37.9107284, 38.2259095], [37.9095053, 38.2247464], [37.9158783, 38.223381], [37.9171228, 38.2197397], [37.9275512, 38.2202286], [37.9298901, 38.2218132], [37.9400182, 38.219824], [37.9424, 38.2089076], [37.9583752, 38.2149687], [37.9784005, 38.2264827], [37.9898858, 38.2236338], [37.9951821, 38.2377554], [37.9962158, 38.2452078], [37.9994774, 38.245983], [37.9986405, 38.2483591], [38.0016683, 38.2515661], [38.0019758, 38.2563527], [38.0056572, 38.2590422], [38.009305, 38.2591601], [38.0176949, 38.2727728], [38.0229091, 38.275586], [38.0208921, 38.2774221], [38.0232954, 38.2780622], [38.0235743, 38.2814984], [38.0262565, 38.2816837], [38.0248832, 38.2846144], [38.0259132, 38.2855408], [38.0322647, 38.2798814], [38.0378217, 38.2839699], [38.0614042, 38.2627826], [38.0701011, 38.2624527], [38.0804372, 38.2788033], [38.080287, 38.2828796], [38.089907, 38.289631], [38.0912518, 38.2955784], [38.0881404, 38.3076352], [38.0906081, 38.3069448], [38.1110143, 38.3129726], [38.1068477, 38.3147528], [38.1089544, 38.3226697], [38.1052422, 38.3231242], [38.1044053, 38.3299754], [38.0983758, 38.3313893], [38.0979466, 38.3405959], [38.0999207, 38.3526621], [38.0915701, 38.3555926], [38.0871963, 38.3479335], [38.0806158, 38.3522601], [38.0809521, 38.3552029], [38.0888271, 38.3655506], [38.0936122, 38.3618323], [38.0957813, 38.3672804], [38.0948353, 38.3694705], [38.1014013, 38.3745678], [38.0970347, 38.377806], [38.096981, 38.3800685], [38.1009025, 38.3843764], [38.103139, 38.3837179], [38.1037577, 38.3875405], [38.1065297, 38.3875365], [38.1142182, 38.4030496], [38.1179919, 38.4066756], [38.1183148, 38.4120195], [38.1227302, 38.4170985], [38.1280088, 38.4184099], [38.1340644, 38.4282423], [38.1420851, 38.4282106], [38.1446814, 38.4340769], [38.1537366, 38.4441024], [38.1605387, 38.4450267], [38.1654632, 38.4527317], [38.1671584, 38.4600915], [38.1760096, 38.4677697], [38.1763101, 38.4731792], [38.1703126, 38.4808225], [38.1579208, 38.4788739], [38.1521916, 38.4749431], [38.1463122, 38.4791595], [38.1412267, 38.4795459], [38.1346392, 38.4751783], [38.1286311, 38.4813264], [38.1267214, 38.4814608], [38.1192541, 38.4633847], [38.115263, 38.4482953], [38.1096411, 38.4418924], [38.107903, 38.4423966], [38.1114864, 38.4472702], [38.0934191, 38.4559244], [38.0876684, 38.4483962], [38.081553, 38.4474383], [38.075974, 38.4485306], [38.0721545, 38.4573695], [38.0940199, 38.4977355], [38.0894923, 38.4986256], [38.0941057, 38.5083818], [38.0900717, 38.5143088], [38.0909943, 38.5166928], [38.086617, 38.5198827], [38.0849847, 38.5252067], [38.085168, 38.5193986], [38.0834592, 38.5167998], [38.0796469, 38.5167333], [38.07641, 38.5122667], [38.0665282, 38.5125647], [38.062035, 38.5084351], [38.0601129, 38.5084646], [38.0553701, 38.5147714], [38.0376187, 38.5149515], [38.0327544, 38.5169785], [38.0296409, 38.5163468], [38.0269013, 38.5189409], [38.0255038, 38.5145285], [38.0188268, 38.5151629], [38.0221969, 38.5101279], [38.0197493, 38.5090273], [38.0136512, 38.5119756], [38.0140677, 38.5148505], [38.010255, 38.5181512], [38.0028409, 38.5207365], [37.9936731, 38.5215195], [37.991816, 38.5235345], [37.9891846, 38.5227684], [37.9867864, 38.5255377], [37.9857016, 38.5228458], [37.9820836, 38.5228344], [37.9824149, 38.5204543], [37.9790181, 38.5204044], [37.9767752, 38.5179856], [37.972786, 38.5192949], [37.9705677, 38.5166655], [37.9675885, 38.5161344], [37.9652596, 38.5244746], [37.9503105, 38.5243209], [37.9464392, 38.5283078], [37.9397177, 38.5295018], [37.9352975, 38.5269838], [37.927165, 38.5273027], [37.9198694, 38.5256409], [37.9168868, 38.5210747], [37.9064713, 38.5166849], [37.900536, 38.5116727], [37.8724158, 38.5117819], [37.8622341, 38.5040244], [37.8552604, 38.5064424], [37.8500783, 38.5106569], [37.8464842, 38.5105226], [37.8453469, 38.5084657], [37.8404331, 38.5093053], [37.8347039, 38.5125962], [37.8362059, 38.5159038], [37.8320485, 38.5193035], [37.8288191, 38.5173686], [37.8320002, 38.5128816], [37.8316998, 38.5098762], [37.8246832, 38.5070721], [37.8180098, 38.4987935], [37.8098559, 38.4992637], [37.8086543, 38.4958546], [37.8107571, 38.493705], [37.8067016, 38.4906987], [37.8007579, 38.4927141], [37.7924967, 38.4901444], [37.787025, 38.4921431], [37.7837848, 38.4912025], [37.7839136, 38.4889688], [37.7785921, 38.4892207], [37.7768969, 38.4869365], [37.7719402, 38.4895566], [37.767477, 38.4871716], [37.7635932, 38.4891199], [37.7573705, 38.4894558], [37.7578211, 38.4863654], [37.7489698, 38.4892207], [37.7422643, 38.4867349], [37.7393889, 38.487961], [37.7390885, 38.4931004], [37.7325439, 38.4936042], [37.7326727, 38.4890528], [37.7386379, 38.4865502], [37.7459979, 38.4776141], [37.7494097, 38.4760519], [37.7447104, 38.4613012], [37.7404618, 38.4604275], [37.7425647, 38.4581592], [37.7417493, 38.45579], [37.7448606, 38.4533367], [37.7328872, 38.4440604], [37.7398395, 38.4346484], [37.7381658, 38.4304462], [37.7409982, 38.4278071], [37.7389812, 38.425521], [37.7272653, 38.4167455], [37.72542, 38.4167623], [37.7214932, 38.4211166], [37.7041983, 38.4152323], [37.6994133, 38.4083724], [37.6926327, 38.4030926], [37.6834488, 38.4048245], [37.6731705, 38.3979132], [37.6509833, 38.3961642], [37.6429796, 38.3923298], [37.6319718, 38.383954], [37.6251483, 38.3818514], [37.6183462, 38.3850809], [37.6133466, 38.3839035], [37.6099562, 38.3796311], [37.6118874, 38.3764014], [37.6191616, 38.3793283], [37.6304054, 38.3729024], [37.6364136, 38.3739622], [37.6527643, 38.3625895], [37.6524746, 38.3569024], [37.627852, 38.3509709], [37.622112, 38.3585934], [37.6220369, 38.3609322], [37.6143765, 38.3629764], [37.6126385, 38.3614622], [37.6128959, 38.3567005], [37.6106858, 38.3516356], [37.6024031, 38.3466377], [37.5952148, 38.3463011], [37.5883911, 38.3526117], [37.58322, 38.3384416]]]}, "properties": {"id": "tr-44-akcadag", "name": "Akçadağ", "province": "malatya", "province_plate": "44", "osm_relation_id": 1826235, "bbox": [38.2089076, 37.58322, 38.5295018, 38.1763101], "center": [38.37176812160133, 37.89167789478656]}}, {"type": "Feature", "geometry": {"type": "Polygon", "coordinates": [[[37.2606253, 38.4958882], [37.2624063, 38.4958546], [37.2660327, 38.4918575], [37.2615266, 38.488213], [37.2779631, 38.4777653], [37.2846579, 38.464964], [37.28513, 38.4558068], [37.2955155, 38.4548994], [37.3013091, 38.4513034], [37.3105788, 38.4399932], [37.3247838, 38.4416571], [37.3306632, 38.4443629], [37.3383021, 38.4347156], [37.3440528, 38.4376402], [37.3456621, 38.4401781], [37.354846, 38.4367494], [37.3608327, 38.4269498], [37.3489237, 38.4222261], [37.3531508, 38.4176365], [37.3627853, 38.415804], [37.3662615, 38.4166782], [37.3663687, 38.4063379], [37.3716688, 38.4070105], [37.3783421, 38.4041856], [37.4018168, 38.4128281], [37.4328446, 38.3992249], [37.4409985, 38.3940284], [37.4474787, 38.3916739], [37.4564695, 38.3912367], [37.4576068, 38.3851986], [37.4561047, 38.3813636], [37.4575424, 38.3754089], [37.4621558, 38.3784536], [37.4648809, 38.3768556], [37.4854159, 38.3773771], [37.4875617, 38.382642], [37.4997496, 38.3734071], [37.4998569, 38.3686798], [37.5017452, 38.3660217], [37.5079465, 38.3624717], [37.5274086, 38.3621352], [37.5491881, 38.3484383], [37.5547457, 38.3472603], [37.5584364, 38.3484046], [37.5741005, 38.3365734], [37.58322, 38.3384416], [37.5883911, 38.3526117], [37.5952148, 38.3463011], [37.6024031, 38.3466377], [37.6106858, 38.3516356], [37.6128959, 38.3567005], [37.6126385, 38.3614622], [37.6143765, 38.3629764], [37.6220369, 38.3609322], [37.622112, 38.3585934], [37.627852, 38.3509709], [37.6524746, 38.3569024], [37.6527643, 38.3625895], [37.6364136, 38.3739622], [37.6304054, 38.3729024], [37.6191616, 38.3793283], [37.6118874, 38.3764014], [37.6099562, 38.3796311], [37.6133466, 38.3839035], [37.6183462, 38.3850809], [37.6251483, 38.3818514], [37.6319718, 38.383954], [37.6429796, 38.3923298], [37.6509833, 38.3961642], [37.6731705, 38.3979132], [37.6834488, 38.4048245], [37.6926327, 38.4030926], [37.6994133, 38.4083724], [37.7041983, 38.4152323], [37.7214932, 38.4211166], [37.72542, 38.4167623], [37.7272653, 38.4167455], [37.7389812, 38.425521], [37.7409982, 38.4278071], [37.7381658, 38.4304462], [37.7398395, 38.4346484], [37.7328872, 38.4440604], [37.7448606, 38.4533367], [37.7417493, 38.45579], [37.7425647, 38.4581592], [37.7404618, 38.4604275], [37.7447104, 38.4613012], [37.7494097, 38.4760519], [37.7459979, 38.4776141], [37.7386379, 38.4865502], [37.7326727, 38.4890528], [37.7325439, 38.4936042], [37.7390885, 38.4931004], [37.7393889, 38.487961], [37.7422643, 38.4867349], [37.7489698, 38.4892207], [37.7578211, 38.4863654], [37.7573705, 38.4894558], [37.7635932, 38.4891199], [37.767477, 38.4871716], [37.7719402, 38.4895566], [37.7768969, 38.4869365], [37.7785921, 38.4892207], [37.7839136, 38.4889688], [37.7837848, 38.4912025], [37.787025, 38.4921431], [37.7924967, 38.4901444], [37.8007579, 38.4927141], [37.8067016, 38.4906987], [37.8107571, 38.493705], [37.8086543, 38.4958546], [37.8098559, 38.4992637], [37.8180098, 38.4987935], [37.8246832, 38.5070721], [37.8316998, 38.5098762], [37.8320002, 38.5128816], [37.8288191, 38.5173686], [37.8320485, 38.5193035], [37.8362059, 38.5159038], [37.8347039, 38.5125962], [37.8404331, 38.5093053], [37.8453469, 38.5084657], [37.8464842, 38.5105226], [37.8500783, 38.5106569], [37.8552604, 38.5064424], [37.8622341, 38.5040244], [37.8724158, 38.5117819], [37.900536, 38.5116727], [37.9064713, 38.5166849], [37.9168868, 38.5210747], [37.9198694, 38.5256409], [37.927165, 38.5273027], [37.9352975, 38.5269838], [37.9382179, 38.5292046], [37.932229, 38.5302907], [37.9275083, 38.5351584], [37.9244399, 38.5465376], [37.9195046, 38.546739], [37.9145264, 38.5504813], [37.9039478, 38.5658009], [37.9042697, 38.5707081], [37.9015445, 38.573602], [37.8857732, 38.5719747], [37.8728556, 38.5725955], [37.8672766, 38.578752], [37.8657532, 38.5779804], [37.8663969, 38.5804965], [37.8607321, 38.5872394], [37.8521919, 38.5850673], [37.852546, 38.5872562], [37.8480828, 38.5872646], [37.8432011, 38.5968243], [37.8443491, 38.5989038], [37.850765, 38.5968579], [37.852267, 38.5982833], [37.8507864, 38.5997758], [37.8524709, 38.6001699], [37.8533292, 38.6033645], [37.8499925, 38.6067517], [37.8527069, 38.6114298], [37.8549707, 38.6109352], [37.8484797, 38.6195362], [37.8508508, 38.6210785], [37.8495312, 38.6209276], [37.8503251, 38.623325], [37.8477502, 38.6248337], [37.8435552, 38.6236016], [37.8428364, 38.6256384], [37.8453952, 38.6254791], [37.8461945, 38.628354], [37.8452933, 38.6320167], [37.836442, 38.6348997], [37.834425, 38.6385452], [37.8322577, 38.6373887], [37.8323221, 38.6402883], [37.8258312, 38.6376234], [37.8191364, 38.6310025], [37.8168619, 38.6306924], [37.8112077, 38.6364836], [37.8028393, 38.6394587], [37.8013372, 38.6388385], [37.8027427, 38.6359892], [37.7960694, 38.6363998], [37.7916062, 38.6309942], [37.7878082, 38.6329553], [37.7819824, 38.6398023], [37.7765965, 38.6421319], [37.7323722, 38.6462714], [37.7594518, 38.6745882], [37.7353763, 38.6779721], [37.7291536, 38.7001809], [37.7389383, 38.7065107], [37.7328014, 38.7096252], [37.726407, 38.7102614], [37.7265787, 38.7112661], [37.7156353, 38.7142464], [37.7186393, 38.7095917], [37.7089834, 38.7014536], [37.6951646, 38.7016546], [37.6904869, 38.700114], [37.6875257, 38.694889], [37.6804876, 38.6953579], [37.6697159, 38.6999297], [37.6660037, 38.7118688], [37.6712823, 38.7141961], [37.6721191, 38.7170256], [37.669158, 38.7196373], [37.670145, 38.7218305], [37.6680207, 38.7236887], [37.6686644, 38.7273213], [37.6634931, 38.7274553], [37.6586652, 38.7312049], [37.6560688, 38.7308701], [37.657485, 38.7345693], [37.6558971, 38.7368289], [37.6590085, 38.7413647], [37.6644587, 38.7423354], [37.6646304, 38.7458164], [37.6676774, 38.747741], [37.6662397, 38.7511716], [37.6695227, 38.7542674], [37.6706815, 38.7591868], [37.674694, 38.7588187], [37.6747584, 38.7634535], [37.6778269, 38.7619476], [37.6765609, 38.7673685], [37.6789212, 38.769878], [37.6766252, 38.7704134], [37.6756811, 38.7733577], [37.680434, 38.7742109], [37.6757669, 38.7758754], [37.6728701, 38.775131], [37.6713252, 38.7779079], [37.6438164, 38.7794134], [37.6416492, 38.7775566], [37.6437735, 38.7738931], [37.6336241, 38.7751812], [37.629075, 38.7720529], [37.623496, 38.7769544], [37.6201916, 38.7752983], [37.6120806, 38.7777908], [37.6104069, 38.784582], [37.6058793, 38.7878102], [37.6099992, 38.7912723], [37.595644, 38.7942994], [37.5895929, 38.7971424], [37.5657964, 38.817609], [37.5514412, 38.8228083], [37.5487161, 38.8265948], [37.5437593, 38.8218554], [37.535026, 38.8195651], [37.5246834, 38.8191472], [37.5248766, 38.8124261], [37.5181174, 38.8033633], [37.5293827, 38.7929949], [37.5318905, 38.7724272], [37.5308418, 38.7704426], [37.5341551, 38.7687891], [37.5338352, 38.7657038], [37.5195122, 38.7581494], [37.5057042, 38.7447872], [37.4811888, 38.7368122], [37.4692797, 38.7310877], [37.4378657, 38.690166], [37.4244332, 38.6893788], [37.4226844, 38.680803], [37.4150777, 38.6703833], [37.4175346, 38.6624753], [37.4157965, 38.659895], [37.4052286, 38.6542482], [37.395122, 38.6514162], [37.395755, 38.6316898], [37.3904872, 38.6165016], [37.3824191, 38.6081015], [37.347207, 38.6007233], [37.3308778, 38.5930928], [37.3168659, 38.5780475], [37.3209568, 38.5691001], [37.3062229, 38.5675625], [37.3121452, 38.5506491], [37.3160934, 38.5469739], [37.3076391, 38.5464873], [37.2774052, 38.519782], [37.2664189, 38.5015139], [37.2606253, 38.4958882]]]}, "properties": {"id": "tr-44-darende", "name": "Darende", "province": "malatya", "province_plate": "44", "osm_relation_id": 1826260, "bbox": [38.3365734, 37.2606253, 38.8265948, 37.9382179], "center": [38.558605921115536, 37.57477897131134]}}, {"type": "Feature", "geometry": {"type": "Polygon", "coordinates": [[[37.6921177, 38.7336654], [37.6983404, 38.730686], [37.6987052, 38.7275892], [37.7047777, 38.726702], [37.7057647, 38.7308199], [37.7547741, 38.7433396], [37.757349, 38.7471888], [37.7731418, 38.7474565], [37.7788496, 38.7410634], [37.7843642, 38.7405446], [37.7881837, 38.7431387], [37.7955222, 38.7414986], [37.7974105, 38.7449127], [37.8030753, 38.7422852], [37.802968, 38.7443437], [37.8043842, 38.7447621], [37.8117013, 38.7430383], [37.8069591, 38.7412642], [37.8080964, 38.7404274], [37.8068948, 38.7398751], [37.8306913, 38.7302173], [37.8251338, 38.7271205], [37.8263998, 38.7227345], [37.828803, 38.7206251], [37.8116154, 38.711986], [37.8043842, 38.7029942], [37.8021741, 38.6953746], [37.7932048, 38.6892281], [37.7847504, 38.6874695], [37.7813601, 38.6847728], [37.781639, 38.6829722], [37.7761888, 38.6794964], [37.7627134, 38.6777878], [37.7323722, 38.6462714], [37.7765965, 38.6421319], [37.7819824, 38.6398023], [37.7878082, 38.6329553], [37.7916062, 38.6309942], [37.7960694, 38.6363998], [37.8027427, 38.6359892], [37.8013372, 38.6388385], [37.8028393, 38.6394587], [37.8112077, 38.6364836], [37.8168619, 38.6306924], [37.8191364, 38.6310025], [37.8258312, 38.6376234], [37.8323221, 38.6402883], [37.8322577, 38.6373887], [37.834425, 38.6385452], [37.836442, 38.6348997], [37.8452933, 38.6320167], [37.8461945, 38.628354], [37.8453952, 38.6254791], [37.8428364, 38.6256384], [37.8435552, 38.6236016], [37.8477502, 38.6248337], [37.8503251, 38.623325], [37.8495312, 38.6209276], [37.8508508, 38.6210785], [37.8484797, 38.6195362], [37.8549707, 38.6109352], [37.8527069, 38.6114298], [37.8499925, 38.6067517], [37.8533292, 38.6033645], [37.8524709, 38.6001699], [37.8507864, 38.5997758], [37.852267, 38.5982833], [37.850765, 38.5968579], [37.8443491, 38.5989038], [37.8432011, 38.5968243], [37.8480828, 38.5872646], [37.852546, 38.5872562], [37.8521919, 38.5850673], [37.8607321, 38.5872394], [37.8663969, 38.5804965], [37.8657532, 38.5779804], [37.8672766, 38.578752], [37.8740787, 38.5724445], [37.9015445, 38.573602], [37.9019195, 38.5771166], [37.908411, 38.5806139], [37.9083252, 38.5842035], [37.909913, 38.585646], [37.9065442, 38.5896882], [37.908411, 38.5898391], [37.9080891, 38.590879], [37.9107713, 38.5898727], [37.912209, 38.5928916], [37.9166508, 38.5923046], [37.9220152, 38.5945519], [37.9195261, 38.5982246], [37.9214573, 38.5991973], [37.9214358, 38.600891], [37.9176378, 38.6058211], [37.9197836, 38.6063912], [37.9168224, 38.6105663], [37.9193115, 38.6117568], [37.9178738, 38.6185638], [37.9226267, 38.6205421], [37.9240537, 38.619687], [37.9302657, 38.6238363], [37.9328298, 38.6366261], [37.9353619, 38.6358551], [37.9365957, 38.6374893], [37.9317248, 38.6482992], [37.9400289, 38.648073], [37.9418099, 38.6512235], [37.9377007, 38.6517932], [37.9345572, 38.6542565], [37.942636, 38.6544325], [37.9487729, 38.6584959], [37.949878, 38.6627267], [37.954309, 38.6625005], [37.9564869, 38.6646535], [37.9585469, 38.6631958], [37.9581928, 38.6670912], [37.9562402, 38.6671415], [37.9580855, 38.6677195], [37.9581177, 38.6730805], [37.9664969, 38.6690514], [37.9689968, 38.6700147], [37.971046, 38.6685572], [37.9746938, 38.670266], [37.9803586, 38.6691854], [37.9829013, 38.6677195], [37.9830515, 38.6624921], [38.010335, 38.6610344], [38.0309129, 38.656393], [38.0398607, 38.6534355], [38.0415881, 38.6497488], [38.0469203, 38.6504945], [38.0541623, 38.6453245], [38.0550957, 38.650461], [38.0596661, 38.6510475], [38.0590653, 38.653159], [38.0615544, 38.652187], [38.0661893, 38.6538628], [38.0699658, 38.6610344], [38.0888057, 38.6533433], [38.0923033, 38.6570298], [38.0926895, 38.6624251], [38.095243, 38.6637822], [38.0945778, 38.6724941], [38.0964875, 38.6772182], [38.1006503, 38.6769], [38.1034612, 38.6786086], [38.1105208, 38.6763304], [38.1132674, 38.677503], [38.115263, 38.683751], [38.1136751, 38.6963627], [38.1152844, 38.6994106], [38.123331, 38.6920753], [38.1294679, 38.6944368], [38.1330728, 38.6938506], [38.1356478, 38.6911877], [38.1338024, 38.6868497], [38.1390381, 38.6793457], [38.1417632, 38.6790274], [38.1465697, 38.682076], [38.1472993, 38.6845885], [38.1502175, 38.6844545], [38.1465804, 38.6880054], [38.1510329, 38.6918074], [38.1623304, 38.6964548], [38.1589937, 38.7005912], [38.1600881, 38.7073144], [38.1643903, 38.7082521], [38.1644654, 38.7099935], [38.1699908, 38.712706], [38.1734991, 38.712999], [38.1731021, 38.7148491], [38.1684565, 38.7156109], [38.1741214, 38.7201563], [38.1635427, 38.7257813], [38.1560325, 38.7360255], [38.1488871, 38.7422684], [38.1441879, 38.7503851], [38.1440377, 38.7538992], [38.1478143, 38.7629181], [38.1470418, 38.7645577], [38.1517625, 38.7716346], [38.1582641, 38.7765195], [38.1606459, 38.7861877], [38.1469345, 38.7866895], [38.1431794, 38.7910716], [38.1440377, 38.7924765], [38.1395316, 38.7967745], [38.1401753, 38.7991827], [38.1480932, 38.8015406], [38.1477713, 38.8062227], [38.1529212, 38.8047847], [38.1517839, 38.809199], [38.1566334, 38.8137302], [38.1535435, 38.8153018], [38.1597018, 38.8382703], [38.1543159, 38.8476795], [38.1542945, 38.8562687], [38.1459045, 38.8627852], [38.1424498, 38.8686494], [38.1425571, 38.8757995], [38.140862, 38.8780881], [38.1456685, 38.8960264], [38.1417846, 38.9003516], [38.1497454, 38.9133758], [38.1388449, 38.9155797], [38.1325149, 38.9213895], [38.1349182, 38.9366464], [38.1407976, 38.9426214], [38.1312704, 38.9451581], [38.1316137, 38.9511324], [38.1245756, 38.9512659], [38.1185674, 38.9556045], [38.0838918, 38.9367799], [38.0833768, 38.9436228], [38.0972814, 38.9630795], [38.0973672, 38.9703869], [38.0907583, 38.9787278], [38.0951356, 38.9794617], [38.1071949, 38.9857333], [38.1014442, 38.9915374], [38.0836772, 39.0030108], [38.0975818, 39.0060956], [38.0932903, 39.011948], [38.0936336, 39.014649], [38.0976677, 39.0175499], [38.0953931, 39.020084], [38.0998563, 39.0231847], [38.0939769, 39.0299858], [38.0930328, 39.0389197], [38.0875611, 39.055401], [38.0907102, 39.0575528], [38.0840635, 39.0748437], [38.0674552, 39.0789748], [38.0583572, 39.0771091], [38.0393457, 39.0819064], [38.0053567, 39.0758098], [37.9920101, 39.0791746], [37.979865, 39.0777754], [37.9689645, 39.0787082], [37.960639, 39.0823727], [37.9486656, 39.071412], [37.9409408, 39.0674471], [37.9295682, 39.0701126], [37.9208564, 39.0660477], [37.910428, 39.0662809], [37.8995704, 39.0679469], [37.8938627, 39.0719118], [37.8769326, 39.0748103], [37.8682637, 39.0828557], [37.8651953, 39.083955], [37.8667831, 39.0851043], [37.8545737, 39.0900675], [37.8536296, 39.0876026], [37.8480506, 39.0908003], [37.8460979, 39.0877025], [37.8440165, 39.0888184], [37.8439951, 39.0907337], [37.8321504, 39.0945974], [37.7861452, 39.0997764], [37.7811026, 39.0978947], [37.7704811, 39.1024074], [37.7670479, 39.1018579], [37.7628207, 39.0969788], [37.75913, 39.0815232], [37.7591514, 39.0716952], [37.7551389, 39.0627155], [37.7602887, 39.0599164], [37.7669191, 39.050302], [37.7662754, 39.0467525], [37.7682495, 39.041053], [37.7653459, 39.0380452], [37.7650094, 39.0341445], [37.7697301, 39.0250017], [37.7674556, 39.0181001], [37.769494, 39.0053786], [37.7682495, 39.0050284], [37.7729058, 38.9996257], [37.7697086, 38.9998424], [37.7623486, 38.9933219], [37.7605891, 38.9892692], [37.761662, 38.9855999], [37.7593446, 38.9842322], [37.7599668, 38.9822473], [37.7628422, 38.9812298], [37.7587974, 38.9744824], [37.7618602, 38.971074], [37.7616405, 38.9667082], [37.7632177, 38.9646478], [37.7670371, 38.9639471], [37.7759206, 38.9645644], [37.7823365, 38.9690022], [37.7885377, 38.9692191], [37.7894068, 38.9686519], [37.7871644, 38.9653819], [37.7900076, 38.9633381], [37.7879369, 38.9615278], [37.7880335, 38.958975], [37.7995884, 38.9522671], [37.8017449, 38.9467602], [37.797786, 38.9465182], [37.7979791, 38.9452666], [37.7923036, 38.941353], [37.7851152, 38.9404768], [37.7858233, 38.9378481], [37.7840531, 38.9391833], [37.7817464, 38.9343764], [37.7819717, 38.9268233], [37.779665, 38.9235847], [37.7802014, 38.9178919], [37.775352, 38.9167233], [37.774719, 38.9122738], [37.7701592, 38.9109548], [37.7742147, 38.9060875], [37.7738821, 38.9038416], [37.7766824, 38.9031654], [37.7756202, 38.901913], [37.777015, 38.8958427], [37.7685499, 38.8873083], [37.7700949, 38.879391], [37.7620268, 38.8741791], [37.7599454, 38.8698022], [37.7601599, 38.8685158], [37.7691936, 38.8671291], [37.7763819, 38.8637208], [37.7806091, 38.8574885], [37.7802872, 38.8522416], [37.7752983, 38.850253], [37.7758777, 38.8481474], [37.7670049, 38.8397243], [37.7737212, 38.8356963], [37.7741504, 38.8333228], [37.7723265, 38.832487], [37.7821004, 38.8296621], [37.7960372, 38.8226913], [37.7898145, 38.8117238], [37.7903724, 38.8045004], [37.7887416, 38.7978114], [37.7906298, 38.7872582], [37.7741074, 38.7864554], [37.7723694, 38.7841639], [37.7670479, 38.7830265], [37.7679062, 38.780969], [37.7643013, 38.7828257], [37.7505898, 38.7814039], [37.7466202, 38.7760511], [37.7466202, 38.7736589], [37.7429938, 38.7722201], [37.7427578, 38.769167], [37.7360523, 38.7698445], [37.7306449, 38.7631272], [37.7285528, 38.7649174], [37.722609, 38.7620146], [37.7172446, 38.7616297], [37.7179527, 38.7587518], [37.7141976, 38.7530793], [37.7165365, 38.7505692], [37.7153456, 38.7449295], [37.7074706, 38.741532], [37.7050888, 38.7419755], [37.7046597, 38.7376742], [37.692697, 38.7365611], [37.6921177, 38.7336654]]]}, "properties": {"id": "tr-44-hekimhan", "name": "Hekimhan", "province": "malatya", "province_plate": "44", "osm_relation_id": 1826311, "bbox": [38.5724445, 37.6921177, 39.1024074, 38.1741214], "center": [38.85288655247977, 37.94553243771176]}}, {"type": "Feature", "geometry": {"type": "Polygon", "coordinates": [[[37.4864566, 39.0035944], [37.4871969, 38.9999175], [37.4918532, 38.9987001], [37.4924433, 38.997216], [37.4968207, 38.9975495], [37.5045347, 38.9898947], [37.5019598, 38.9907536], [37.4991166, 38.9861753], [37.5083521, 38.9795406], [37.5044596, 38.9787861], [37.5046635, 38.9764758], [37.5102103, 38.972931], [37.5077104, 38.9712877], [37.5040948, 38.9728475], [37.5082791, 38.9678177], [37.5111544, 38.9684266], [37.5101352, 38.9644643], [37.5082274, 38.9635673], [37.5168943, 38.9444238], [37.5247233, 38.9370602], [37.5286082, 38.9371367], [37.5312178, 38.9347887], [37.5312692, 38.9252725], [37.5363865, 38.921976], [37.5432312, 38.923041], [37.5321819, 38.914216], [37.5259891, 38.8991247], [37.5277491, 38.8835482], [37.5343005, 38.8830154], [37.5326056, 38.8809349], [37.5371035, 38.8791587], [37.5406888, 38.8720285], [37.5393199, 38.8709119], [37.5408844, 38.8680697], [37.5380162, 38.8661918], [37.5369732, 38.8674607], [37.5333226, 38.8661157], [37.5341375, 38.8623089], [37.5381791, 38.8576897], [37.5423185, 38.8572328], [37.5492464, 38.8492616], [37.5462166, 38.8469281], [37.5452908, 38.8408449], [37.5464017, 38.8396912], [37.5438432, 38.8353906], [37.5433124, 38.829881], [37.5492525, 38.8269807], [37.5514412, 38.8228083], [37.5657964, 38.817609], [37.5895929, 38.7971424], [37.595644, 38.7942994], [37.6099992, 38.7912723], [37.6058793, 38.7878102], [37.6104069, 38.784582], [37.6120806, 38.7777908], [37.6201916, 38.7752983], [37.623496, 38.7769544], [37.629075, 38.7720529], [37.6336241, 38.7751812], [37.6437735, 38.7738931], [37.6416492, 38.7775566], [37.6438164, 38.7794134], [37.6713252, 38.7779079], [37.6728701, 38.775131], [37.6757669, 38.7758754], [37.680434, 38.7742109], [37.6756811, 38.7733577], [37.6766252, 38.7704134], [37.6789212, 38.769878], [37.6765609, 38.7673685], [37.6778269, 38.7619476], [37.6747584, 38.7634535], [37.674694, 38.7588187], [37.6706815, 38.7591868], [37.6695227, 38.7542674], [37.6662397, 38.7511716], [37.6676774, 38.747741], [37.6646304, 38.7458164], [37.6644587, 38.7423354], [37.6590085, 38.7413647], [37.6558971, 38.7368289], [37.657485, 38.7345693], [37.6560688, 38.7308701], [37.6586652, 38.7312049], [37.6634931, 38.7274553], [37.6686644, 38.7273213], [37.6680207, 38.7236887], [37.670145, 38.7218305], [37.669158, 38.7196373], [37.6721191, 38.7170256], [37.6712823, 38.7141961], [37.6660037, 38.7118688], [37.6697159, 38.6999297], [37.6804876, 38.6953579], [37.6875257, 38.694889], [37.6904869, 38.700114], [37.6951646, 38.7016546], [37.7089834, 38.7014536], [37.7186393, 38.7095917], [37.7156353, 38.7142464], [37.7265787, 38.7112661], [37.726407, 38.7102614], [37.7328014, 38.7096252], [37.7389383, 38.7065107], [37.7291536, 38.7001809], [37.7353763, 38.6779721], [37.7594518, 38.6745882], [37.7627134, 38.6777878], [37.7761888, 38.6794964], [37.781639, 38.6829722], [37.7813601, 38.6847728], [37.7847504, 38.6874695], [37.7932048, 38.6892281], [37.8021741, 38.6953746], [37.8043842, 38.7029942], [37.8116154, 38.711986], [37.828803, 38.7206251], [37.8263998, 38.7227345], [37.8251338, 38.7271205], [37.8306913, 38.7302173], [37.8071737, 38.7396408], [37.8080964, 38.7404274], [37.8069591, 38.7412642], [37.8117013, 38.7430383], [37.8043842, 38.7447621], [37.802968, 38.7443437], [37.8030753, 38.7422852], [37.7974105, 38.7449127], [37.7955222, 38.7414986], [37.7881837, 38.7431387], [37.7843642, 38.7405446], [37.7788496, 38.7410634], [37.7731418, 38.7474565], [37.757349, 38.7471888], [37.7547741, 38.7433396], [37.7057647, 38.7308199], [37.7047777, 38.726702], [37.7030611, 38.7265011], [37.6978469, 38.7280746], [37.6992202, 38.7294138], [37.6983404, 38.730686], [37.6921177, 38.7336654], [37.692697, 38.7365611], [37.7046597, 38.7376742], [37.7050888, 38.7419755], [37.7074706, 38.741532], [37.7153456, 38.7449295], [37.7165365, 38.7505692], [37.7141976, 38.7530793], [37.7179527, 38.7587518], [37.7172446, 38.7616297], [37.722609, 38.7620146], [37.7285528, 38.7649174], [37.7306449, 38.7631272], [37.7360523, 38.7698445], [37.7427578, 38.769167], [37.7429938, 38.7722201], [37.7466202, 38.7736589], [37.7466202, 38.7760511], [37.7505898, 38.7814039], [37.7643013, 38.7828257], [37.7679062, 38.780969], [37.7670479, 38.7830265], [37.7723694, 38.7841639], [37.7741074, 38.7864554], [37.7906298, 38.7872582], [37.7887416, 38.7978114], [37.7903724, 38.8045004], [37.7898145, 38.8117238], [37.7960372, 38.8226913], [37.7821004, 38.8296621], [37.7723265, 38.832487], [37.7741504, 38.8333228], [37.7737212, 38.8356963], [37.7670049, 38.8397243], [37.7758777, 38.8481474], [37.7752983, 38.850253], [37.7802872, 38.8522416], [37.7806091, 38.8574885], [37.7763819, 38.8637208], [37.7691936, 38.8671291], [37.7601599, 38.8685158], [37.7599454, 38.8698022], [37.7620268, 38.8741791], [37.7700949, 38.879391], [37.7685499, 38.8873083], [37.777015, 38.8958427], [37.7756202, 38.901913], [37.7766824, 38.9031654], [37.7738821, 38.9038416], [37.7742147, 38.9060875], [37.7701592, 38.9109548], [37.774719, 38.9122738], [37.775352, 38.9167233], [37.7802014, 38.9178919], [37.779665, 38.9235847], [37.7819717, 38.9268233], [37.7817464, 38.9343764], [37.7840531, 38.9391833], [37.7858233, 38.9378481], [37.7851152, 38.9404768], [37.7923036, 38.941353], [37.7979791, 38.9452666], [37.797786, 38.9465182], [37.8017449, 38.9467602], [37.7995884, 38.9522671], [37.7880335, 38.958975], [37.7879369, 38.9615278], [37.7900076, 38.9633381], [37.7871644, 38.9653819], [37.7894068, 38.9686519], [37.7823365, 38.9690022], [37.7759206, 38.9645644], [37.7670371, 38.9639471], [37.7632177, 38.9646478], [37.7611297, 38.9709715], [37.7381517, 38.9704531], [37.7307688, 38.9718818], [37.7146045, 38.9672544], [37.7070308, 38.9730227], [37.6930155, 38.9786093], [37.6835795, 38.9885218], [37.6769093, 38.9898199], [37.6776338, 38.9916625], [37.6810026, 38.992463], [37.6779342, 38.993989], [37.6756918, 38.9925297], [37.6766789, 38.9961653], [37.6744687, 38.9962571], [37.674451, 38.9998397], [37.659274, 38.9961751], [37.6602817, 39.0069891], [37.6532125, 39.0094399], [37.6412971, 39.0077483], [37.6346124, 39.0105935], [37.6354278, 39.0131636], [37.6225047, 39.0168274], [37.6131585, 39.0152137], [37.6033354, 39.010982], [37.5945738, 39.0133668], [37.5847122, 39.0108744], [37.5765891, 39.0175087], [37.5566506, 39.010199], [37.5591121, 39.0089198], [37.5351351, 39.0061045], [37.5349664, 39.0122485], [37.5389353, 39.0195348], [37.5396963, 39.0248466], [37.5285043, 39.0210287], [37.5256079, 39.0254533], [37.5258249, 39.0299281], [37.5233298, 39.0318832], [37.5183535, 39.0328373], [37.5097688, 39.0291359], [37.5007116, 39.0338009], [37.4977778, 39.0383279], [37.4994712, 39.0425487], [37.4961633, 39.0434051], [37.4916279, 39.043682], [37.4917406, 39.0409072], [37.4898148, 39.0411947], [37.4908018, 39.0312026], [37.4927222, 39.029269], [37.4891925, 39.0240265], [37.4906731, 39.023143], [37.4877118, 39.0165079], [37.4918318, 39.0145823], [37.4893319, 39.0071044], [37.4905443, 39.0061873], [37.4895036, 39.0041947], [37.4864566, 39.0035944]]]}, "properties": {"id": "tr-44-kuluncak", "name": "Kuluncak", "province": "malatya", "province_plate": "44", "osm_relation_id": 1826312, "bbox": [38.6745882, 37.4864566, 39.043682, 37.8306913], "center": [38.87260702255732, 37.66127984194928]}}, {"type": "Feature", "geometry": {"type": "Polygon", "coordinates": [[[38.1955574, 39.1018247], [38.2050848, 39.0851709], [38.2290315, 39.0767094], [38.2450819, 39.0746105], [38.250575, 39.062349], [38.230319, 39.0564174], [38.2323789, 39.0467525], [38.2419061, 39.0355863], [38.2400178, 39.031686], [38.2351255, 39.0301192], [38.2363271, 39.0280856], [38.2458114, 39.0263853], [38.288083, 39.0134486], [38.2913875, 39.0112478], [38.2859373, 39.007046], [38.2894992, 39.0036111], [38.288598, 38.9945727], [38.278985, 38.9952732], [38.2722044, 38.9796285], [38.2835769, 38.9786277], [38.299241, 38.9736233], [38.3143901, 38.9722553], [38.3252906, 38.9682515], [38.3337879, 38.9689522], [38.3449888, 38.9597759], [38.3519411, 38.9701533], [38.3607387, 38.978561], [38.3709526, 38.9842322], [38.3867883, 38.9683182], [38.3978176, 38.9617447], [38.3978605, 38.9551039], [38.39962, 38.9525675], [38.3985471, 38.9507653], [38.4018516, 38.9492968], [38.4002208, 38.9452917], [38.3943843, 38.943289], [38.3885479, 38.9365797], [38.3875608, 38.9325404], [38.3893203, 38.9321064], [38.3939551, 38.9196867], [38.4015941, 38.9100699], [38.3999633, 38.9074652], [38.4022807, 38.9071312], [38.4074306, 38.901387], [38.4057998, 38.8993831], [38.4073447, 38.8909661], [38.4040832, 38.8815459], [38.4013366, 38.8816127], [38.4008216, 38.872258], [38.3959293, 38.8675134], [38.3972167, 38.8655754], [38.3951568, 38.8631695], [38.3995341, 38.8629022], [38.4071731, 38.856486], [38.419876, 38.853144], [38.4152412, 38.8498687], [38.415842, 38.8465264], [38.4129237, 38.8451226], [38.4120654, 38.8411116], [38.4089755, 38.8379695], [38.4057139, 38.8304813], [38.4130096, 38.820518], [38.418846, 38.8187794], [38.4179019, 38.8173081], [38.4222364, 38.814633], [38.4244251, 38.8147668], [38.4241676, 38.8165725], [38.4321069, 38.8182109], [38.4282445, 38.8226579], [38.4301757, 38.8273052], [38.4415912, 38.8209193], [38.4639072, 38.7967077], [38.4705161, 38.7916235], [38.473091, 38.7918242], [38.4719752, 38.7850671], [38.4753226, 38.7770381], [38.4728335, 38.7734247], [38.4810287, 38.7542924], [38.4919355, 38.7512276], [38.5019412, 38.7463339], [38.5090507, 38.7479844], [38.5144592, 38.751417], [38.5245474, 38.7636465], [38.5383903, 38.7648215], [38.5684927, 38.753607], [38.587118, 38.7513647], [38.603855, 38.7544102], [38.6248406, 38.7442356], [38.6352363, 38.7483421], [38.6454501, 38.7564414], [38.6452785, 38.7612603], [38.6334338, 38.768555], [38.627254, 38.77431], [38.6272001, 38.7768708], [38.6299895, 38.7796476], [38.6371134, 38.7823909], [38.6458811, 38.7799472], [38.6461229, 38.7853048], [38.6490675, 38.7859338], [38.6500868, 38.7884939], [38.6523944, 38.7894208], [38.6531447, 38.7932166], [38.6560468, 38.79464], [38.6549161, 38.8007796], [38.6567187, 38.8038221], [38.6541876, 38.8043098], [38.6541409, 38.8079417], [38.6520114, 38.8079999], [38.6503956, 38.8124905], [38.6473134, 38.8134875], [38.6464074, 38.8167041], [38.6486583, 38.8250798], [38.6448196, 38.8282159], [38.637441, 38.8283396], [38.6350126, 38.8305224], [38.6308936, 38.83117], [38.6340165, 38.8446636], [38.6265032, 38.8433801], [38.625022, 38.8473223], [38.6258749, 38.8505478], [38.6233157, 38.8540392], [38.6156352, 38.8555977], [38.6171141, 38.8565105], [38.6126515, 38.8591779], [38.6096305, 38.858079], [38.6077141, 38.8604361], [38.6044482, 38.8601337], [38.6009248, 38.8645952], [38.6009311, 38.86883], [38.5953579, 38.8698264], [38.6026082, 38.8727951], [38.5985401, 38.8759901], [38.5985154, 38.877861], [38.6001792, 38.8804418], [38.6059469, 38.8810942], [38.6086177, 38.8887113], [38.6015689, 38.8868657], [38.5869884, 38.8923022], [38.571968, 38.9059958], [38.560853, 38.9125578], [38.5548019, 38.9197535], [38.5342455, 38.928167], [38.5300398, 38.9315723], [38.5279797, 38.9357785], [38.5284518, 38.9387161], [38.5313701, 38.9397842], [38.5420131, 38.9389163], [38.5559177, 38.9417202], [38.5609817, 38.9373808], [38.5697793, 38.9337756], [38.5743713, 38.9353111], [38.5730838, 38.9375477], [38.5789203, 38.9456922], [38.5999059, 38.9435226], [38.6043692, 38.9442235], [38.6082637, 38.9471274], [38.614127, 38.9474486], [38.6190354, 38.9510156], [38.6056351, 38.9571563], [38.597567, 38.9590918], [38.5990476, 38.9762923], [38.6011934, 38.9797953], [38.632307, 39.004645], [38.6593008, 39.021251], [38.6780242, 39.0420367], [38.6757803, 39.0476524], [38.669815, 39.0504853], [38.6667358, 39.053968], [38.6593008, 39.053918], [38.6572408, 39.0565507], [38.6504388, 39.0579503], [38.6507177, 39.0602663], [38.6477136, 39.0632487], [38.649044, 39.0648814], [38.6423063, 39.0690797], [38.6430358, 39.0699793], [38.6405038, 39.0730446], [38.6441516, 39.0762763], [38.6367488, 39.0775755], [38.6376929, 39.0798242], [38.6326289, 39.0851209], [38.6339593, 39.0863535], [38.6286807, 39.0879357], [38.6201674, 39.0957798], [38.618617, 39.0955466], [38.6186814, 39.0985192], [38.606708, 39.1063704], [38.6021376, 39.1049217], [38.5932433, 39.0957298], [38.5912585, 39.0896095], [38.5839951, 39.0868365], [38.5802829, 39.0804322], [38.5748112, 39.0793828], [38.5723221, 39.0771424], [38.5671294, 39.0776505], [38.5711527, 39.0877442], [38.5691678, 39.0900342], [38.5592329, 39.09747], [38.5299539, 39.1112821], [38.5236668, 39.1105995], [38.5218966, 39.1074277], [38.5123157, 39.1010586], [38.507123, 39.1025739], [38.5029816, 39.1011585], [38.5001063, 39.0980113], [38.4908151, 39.0995433], [38.4768033, 39.0975783], [38.4681773, 39.1004425], [38.4642291, 39.1049218], [38.4574056, 39.1077607], [38.4602165, 39.101733], [38.4572285, 39.0894929], [38.4429216, 39.0978114], [38.4452927, 39.1020327], [38.4445095, 39.1053796], [38.4281587, 39.1188573], [38.4180951, 39.1163268], [38.4152627, 39.113946], [38.3963156, 39.1106828], [38.3687424, 39.1106328], [38.3573699, 39.1173756], [38.3525848, 39.1227527], [38.3295607, 39.1281627], [38.3287453, 39.1314751], [38.3253765, 39.1333559], [38.3136606, 39.134055], [38.3069229, 39.1326069], [38.2968378, 39.135969], [38.294971, 39.1382325], [38.2969665, 39.1403628], [38.2913017, 39.1429424], [38.2809162, 39.1400799], [38.2680416, 39.1405792], [38.2509183, 39.136718], [38.1955574, 39.1018247]]]}, "properties": {"id": "tr-44-arapgir", "name": "Arapgir", "province": "malatya", "province_plate": "44", "osm_relation_id": 1826363, "bbox": [38.7442356, 38.1955574, 39.1429424, 38.6780242], "center": [38.968514008958046, 38.467190586297626]}}, {"type": "Feature", "geometry": {"type": "Polygon", "coordinates": [[[38.0833768, 38.9436228], [38.0838918, 38.9367799], [38.1185674, 38.9556045], [38.1245756, 38.9512659], [38.1316137, 38.9511324], [38.1312704, 38.9451581], [38.1407976, 38.9426214], [38.1349182, 38.9366464], [38.1325149, 38.9213895], [38.1388449, 38.9155797], [38.1497454, 38.9133758], [38.1417846, 38.9003516], [38.1456685, 38.8960264], [38.140862, 38.8780881], [38.1425571, 38.8757995], [38.1424498, 38.8686494], [38.1459045, 38.8627852], [38.1542945, 38.8562687], [38.1543159, 38.8476795], [38.1597018, 38.8382703], [38.1535435, 38.8153018], [38.1566334, 38.8137302], [38.1517839, 38.809199], [38.1529212, 38.8047847], [38.1477713, 38.8062227], [38.1480932, 38.8015406], [38.1397033, 38.7987312], [38.1395316, 38.7967745], [38.1440377, 38.7924765], [38.1431794, 38.7910716], [38.1469345, 38.7866895], [38.1606459, 38.7861877], [38.1582641, 38.7765195], [38.1517625, 38.7716346], [38.1470418, 38.7645577], [38.1478143, 38.7629181], [38.1440377, 38.7538992], [38.1451964, 38.7471218], [38.1646585, 38.7248271], [38.1735205, 38.72024], [38.187468, 38.7163894], [38.1852579, 38.708001], [38.1789601, 38.704292], [38.1896245, 38.7000888], [38.1911158, 38.6974094], [38.2038188, 38.6892616], [38.2125735, 38.6898645], [38.2171869, 38.6969991], [38.2215643, 38.6986068], [38.2309413, 38.6886251], [38.2332587, 38.6900153], [38.2364344, 38.6878212], [38.2387519, 38.6905512], [38.2410264, 38.6905177], [38.24476, 38.6882567], [38.2446313, 38.6860793], [38.2480001, 38.6866655], [38.2476353, 38.6882567], [38.2523131, 38.6878044], [38.2547378, 38.6908192], [38.2559395, 38.689831], [38.2740497, 38.6695624], [38.2799721, 38.6573984], [38.2793498, 38.6555384], [38.2740712, 38.6574319], [38.254888, 38.6587724], [38.2513046, 38.6567784], [38.2541799, 38.6507459], [38.2573342, 38.6482154], [38.256154, 38.6470256], [38.2511544, 38.6477294], [38.2531285, 38.6397687], [38.2522487, 38.6356456], [38.2573771, 38.6352098], [38.2722258, 38.6284881], [38.2714319, 38.626728], [38.2729339, 38.6247164], [38.2812381, 38.6203912], [38.2818818, 38.6174908], [38.3004212, 38.6127292], [38.3049917, 38.6131652], [38.3077168, 38.616401], [38.3149051, 38.6158142], [38.3203769, 38.6128801], [38.331685, 38.6118071], [38.3380365, 38.6080177], [38.3574905, 38.6065052], [38.3597954, 38.6187405], [38.3658035, 38.6324196], [38.3783185, 38.6495503], [38.4038845, 38.6712253], [38.4124954, 38.6842961], [38.42537, 38.6887179], [38.4672085, 38.6970594], [38.4713746, 38.7034444], [38.4749906, 38.7159415], [38.4761046, 38.7289955], [38.4732184, 38.7319838], [38.4670081, 38.7460661], [38.4712138, 38.7502164], [38.4810287, 38.7542924], [38.4728335, 38.7734247], [38.4753226, 38.7770381], [38.4719752, 38.7850671], [38.473091, 38.7918242], [38.4705161, 38.7916235], [38.4639072, 38.7967077], [38.4415912, 38.8209193], [38.4301757, 38.8273052], [38.4282445, 38.8226579], [38.4321069, 38.8182109], [38.4241676, 38.8165725], [38.4244251, 38.8147668], [38.4222364, 38.814633], [38.4179019, 38.8173081], [38.418846, 38.8187794], [38.4130096, 38.820518], [38.4057139, 38.8304813], [38.4089755, 38.8379695], [38.4120654, 38.8411116], [38.4129237, 38.8451226], [38.415842, 38.8465264], [38.4152412, 38.8498687], [38.419876, 38.853144], [38.4071731, 38.856486], [38.3995341, 38.8629022], [38.3951568, 38.8631695], [38.3972167, 38.8655754], [38.3959293, 38.8675134], [38.4008216, 38.872258], [38.4013366, 38.8816127], [38.4040832, 38.8815459], [38.4073447, 38.8909661], [38.4057998, 38.8993831], [38.4074306, 38.901387], [38.4022807, 38.9071312], [38.3999633, 38.9074652], [38.4015941, 38.9100699], [38.3939551, 38.9196867], [38.3893203, 38.9321064], [38.3875608, 38.9325404], [38.3885479, 38.9365797], [38.3943843, 38.943289], [38.4002208, 38.9452917], [38.4018516, 38.9492968], [38.3985471, 38.9507653], [38.39962, 38.9525675], [38.3978605, 38.9551039], [38.3978176, 38.9617447], [38.3867883, 38.9683182], [38.3709526, 38.9842322], [38.3607387, 38.978561], [38.3519411, 38.9701533], [38.3449888, 38.9597759], [38.3337879, 38.9689522], [38.3252906, 38.9682515], [38.3143901, 38.9722553], [38.299241, 38.9736233], [38.2835769, 38.9786277], [38.2722044, 38.9796285], [38.278985, 38.9952732], [38.288598, 38.9945727], [38.2894992, 39.0036111], [38.2859373, 39.007046], [38.2913875, 39.0112478], [38.288083, 39.0134486], [38.2458114, 39.0263853], [38.2363271, 39.0280856], [38.2351255, 39.0301192], [38.2400178, 39.031686], [38.2419061, 39.0355863], [38.2323789, 39.0467525], [38.230319, 39.0564174], [38.250575, 39.062349], [38.2450819, 39.0746105], [38.2290315, 39.0767094], [38.2050848, 39.0851709], [38.1960725, 39.0994267], [38.1792497, 39.0941311], [38.160882, 39.0977615], [38.1386089, 39.0888351], [38.1116581, 39.0827059], [38.1024742, 39.0787082], [38.0973672, 39.0695462], [38.0887842, 39.0622324], [38.0907102, 39.0575528], [38.0875611, 39.055401], [38.0930328, 39.0389197], [38.0939769, 39.0299858], [38.0998563, 39.0231847], [38.0953931, 39.020084], [38.0976677, 39.0175499], [38.0936336, 39.014649], [38.0932903, 39.011948], [38.0975818, 39.0060956], [38.0836772, 39.0030108], [38.1014442, 38.9915374], [38.1071949, 38.9857333], [38.0951356, 38.9794617], [38.0907583, 38.9787278], [38.0973672, 38.9703869], [38.0972814, 38.9630795], [38.0833768, 38.9436228]]]}, "properties": {"id": "tr-44-arguvan", "name": "Arguvan", "province": "malatya", "province_plate": "44", "osm_relation_id": 1826364, "bbox": [38.6065052, 38.0833768, 39.0994267, 38.4810287], "center": [38.847496810338455, 38.27457093973634]}}, {"type": "Feature", "geometry": {"type": "Polygon", "coordinates": [[[37.9015445, 38.573602], [37.9042697, 38.5707081], [37.9039478, 38.5658009], [37.9086256, 38.5604486], [37.9096985, 38.55669], [37.9195046, 38.546739], [37.9244399, 38.5465376], [37.9275083, 38.5351584], [37.932229, 38.5302907], [37.9464392, 38.5283078], [37.9503105, 38.5243209], [37.96392, 38.5250911], [37.9666229, 38.5223721], [37.9675885, 38.5161344], [37.9705677, 38.5166655], [37.972786, 38.5192949], [37.9767752, 38.5179856], [37.9790181, 38.5204044], [37.9824149, 38.5204543], [37.9820836, 38.5228344], [37.9857016, 38.5228458], [37.9867864, 38.5255377], [37.9891846, 38.5227684], [37.991816, 38.5235345], [37.9936731, 38.5215195], [38.0028409, 38.5207365], [38.010255, 38.5181512], [38.0140677, 38.5148505], [38.0136512, 38.5119756], [38.0197493, 38.5090273], [38.0221969, 38.5101279], [38.0188268, 38.5151629], [38.0255038, 38.5145285], [38.0269013, 38.5189409], [38.0296409, 38.5163468], [38.0327544, 38.5169785], [38.0376187, 38.5149515], [38.0553701, 38.5147714], [38.0601129, 38.5084646], [38.062035, 38.5084351], [38.0665282, 38.5125647], [38.07641, 38.5122667], [38.0796469, 38.5167333], [38.0834592, 38.5167998], [38.085168, 38.5193986], [38.0844038, 38.5246425], [38.086967, 38.5262164], [38.0951401, 38.5197165], [38.1057127, 38.5210114], [38.1070695, 38.5199499], [38.1060542, 38.5141034], [38.1212058, 38.5188415], [38.1200877, 38.5207022], [38.1210588, 38.5215255], [38.1235018, 38.5211346], [38.1243141, 38.5166659], [38.1280074, 38.5141366], [38.1312842, 38.513595], [38.1329765, 38.515705], [38.1419306, 38.5151923], [38.1440611, 38.5135556], [38.1419019, 38.510846], [38.1446763, 38.5097559], [38.1450961, 38.5068635], [38.1492884, 38.5084935], [38.1540369, 38.5067449], [38.1608423, 38.5107209], [38.1710458, 38.5111194], [38.1800047, 38.5069068], [38.1847461, 38.5080082], [38.1873228, 38.5045086], [38.190372, 38.5067412], [38.194379, 38.5056247], [38.206913, 38.50653], [38.2135316, 38.5009678], [38.217016, 38.5003566], [38.2264136, 38.5056616], [38.2316166, 38.5065034], [38.2402324, 38.5031428], [38.2765531, 38.4998075], [38.3008455, 38.4915194], [38.3071813, 38.4871286], [38.3160209, 38.4842323], [38.3533091, 38.498036], [38.3779828, 38.5017024], [38.399377, 38.5015802], [38.4243044, 38.5082621], [38.4091129, 38.5167587], [38.384858, 38.5253309], [38.3618553, 38.5418475], [38.3573921, 38.5517824], [38.3574905, 38.6065052], [38.3380365, 38.6080177], [38.331685, 38.6118071], [38.3203769, 38.6128801], [38.3149051, 38.6158142], [38.3077168, 38.616401], [38.3049917, 38.6131652], [38.3004212, 38.6127292], [38.2818818, 38.6174908], [38.2812381, 38.6203912], [38.2729339, 38.6247164], [38.2714319, 38.626728], [38.2722258, 38.6284881], [38.2573771, 38.6352098], [38.2522487, 38.6356456], [38.2531285, 38.6397687], [38.2511544, 38.6477294], [38.256154, 38.6470256], [38.2573342, 38.6482154], [38.2541799, 38.6507459], [38.2513046, 38.6567784], [38.254888, 38.6587724], [38.2740712, 38.6574319], [38.2793498, 38.6555384], [38.2798004, 38.6565941], [38.2767105, 38.6652734], [38.2677841, 38.6774025], [38.2607674, 38.6831313], [38.2547378, 38.6908192], [38.2523131, 38.6878044], [38.2476353, 38.6882567], [38.2480001, 38.6866655], [38.2446313, 38.6860793], [38.24476, 38.6882567], [38.2410264, 38.6905177], [38.2387519, 38.6905512], [38.2364344, 38.6878212], [38.2332587, 38.6900153], [38.2309413, 38.6886251], [38.2215643, 38.6986068], [38.2171869, 38.6969991], [38.2125735, 38.6898645], [38.2038188, 38.6892616], [38.1911158, 38.6974094], [38.1896245, 38.7000888], [38.1803977, 38.7026928], [38.1788206, 38.704585], [38.1852579, 38.708001], [38.187468, 38.7163894], [38.1741214, 38.7201563], [38.1684565, 38.7156109], [38.1731021, 38.7148491], [38.1734991, 38.712999], [38.1699908, 38.712706], [38.1644654, 38.7099935], [38.1643903, 38.7082521], [38.1600881, 38.7073144], [38.1589937, 38.7005912], [38.1623304, 38.6964548], [38.1510329, 38.6918074], [38.1467521, 38.6882567], [38.1471062, 38.6863472], [38.1502175, 38.6844545], [38.1472993, 38.6845885], [38.1465697, 38.682076], [38.1425464, 38.6794964], [38.1390381, 38.6793457], [38.1363559, 38.68221], [38.1338024, 38.6868497], [38.1356478, 38.6911877], [38.1330728, 38.6938506], [38.1294679, 38.6944368], [38.123331, 38.6920753], [38.1152844, 38.6994106], [38.1136751, 38.6963627], [38.115263, 38.683751], [38.1132674, 38.677503], [38.1105208, 38.6763304], [38.1034612, 38.6786086], [38.1006503, 38.6769], [38.0964875, 38.6772182], [38.0945778, 38.6724941], [38.095243, 38.6637822], [38.0926895, 38.6624251], [38.0923033, 38.6570298], [38.0888057, 38.6533433], [38.0699658, 38.6610344], [38.0661893, 38.6538628], [38.0615544, 38.652187], [38.0590653, 38.653159], [38.0596661, 38.6510475], [38.0550957, 38.650461], [38.0541623, 38.6453245], [38.0469203, 38.6504945], [38.0415881, 38.6497488], [38.0398607, 38.6534355], [38.0309129, 38.656393], [38.010335, 38.6610344], [37.9830515, 38.6624921], [37.9829013, 38.6677195], [37.9803586, 38.6691854], [37.9746938, 38.670266], [37.971046, 38.6685572], [37.9689968, 38.6700147], [37.9664969, 38.6690514], [37.9581177, 38.6730805], [37.9580855, 38.6677195], [37.9562402, 38.6671415], [37.9581928, 38.6670912], [37.9585469, 38.6631958], [37.9564869, 38.6646535], [37.954309, 38.6625005], [37.949878, 38.6627267], [37.9487729, 38.6584959], [37.942636, 38.6544325], [37.9345572, 38.6542565], [37.9377007, 38.6517932], [37.9418099, 38.6512235], [37.9400289, 38.648073], [37.9317248, 38.6482992], [37.9365957, 38.6374893], [37.9353619, 38.6358551], [37.9330873, 38.6371792], [37.9292464, 38.6224951], [37.9178738, 38.6185638], [37.9174876, 38.6172226], [37.9193115, 38.6117568], [37.9168224, 38.6105663], [37.9197836, 38.6063912], [37.9176378, 38.6058211], [37.9214358, 38.600891], [37.9214573, 38.5991973], [37.9195261, 38.5982246], [37.9220152, 38.5945519], [37.9166508, 38.5923046], [37.912209, 38.5928916], [37.9107713, 38.5898727], [37.9080891, 38.590879], [37.908411, 38.5898391], [37.9065442, 38.5896882], [37.909913, 38.585646], [37.9083252, 38.5842035], [37.908411, 38.5806139], [37.9019195, 38.5771166], [37.9015445, 38.573602]]]}, "properties": {"id": "tr-44-yazihan", "name": "Yazıhan", "province": "malatya", "province_plate": "44", "osm_relation_id": 1826497, "bbox": [38.4842323, 37.9015445, 38.7201563, 38.4243044], "center": [38.586838184330645, 38.14543195083937]}}, {"type": "Feature", "geometry": {"type": "Polygon", "coordinates": [[[38.2775473, 38.4640903], [38.2795429, 38.4608476], [38.2852077, 38.4596714], [38.2843065, 38.4574031], [38.2861601, 38.4563799], [38.2856237, 38.4553046], [38.28822, 38.453641], [38.2903658, 38.4547164], [38.2904087, 38.4307506], [38.2809377, 38.4319002], [38.2809913, 38.4296478], [38.2825363, 38.4279248], [38.2857227, 38.4279248], [38.2877051, 38.4254387], [38.2947217, 38.4037166], [38.3087146, 38.394945], [38.3197443, 38.3946186], [38.3208241, 38.3925721], [38.3179262, 38.3878834], [38.322984, 38.3847193], [38.3249044, 38.3815318], [38.323972, 38.3756736], [38.3259459, 38.3749881], [38.3256474, 38.373818], [38.3228637, 38.3730519], [38.3189018, 38.3686567], [38.3166003, 38.3631531], [38.3114799, 38.3635598], [38.3146859, 38.3517941], [38.2997912, 38.3512049], [38.3023496, 38.3452972], [38.3003531, 38.3414561], [38.3037688, 38.3359484], [38.3056155, 38.3374638], [38.3088795, 38.3294179], [38.3082817, 38.3262627], [38.3199091, 38.3203936], [38.3195937, 38.3137807], [38.339678, 38.3032152], [38.3412122, 38.2988286], [38.3437335, 38.275906], [38.3501601, 38.2720316], [38.3452248, 38.2678705], [38.3447313, 38.2644505], [38.3470166, 38.2635323], [38.3475423, 38.2610977], [38.3467269, 38.2535155], [38.3440017, 38.2502128], [38.3307838, 38.2499769], [38.3333802, 38.2450899], [38.3397317, 38.2426968], [38.3519625, 38.2413823], [38.3608031, 38.2445843], [38.3618545, 38.2430844], [38.3643651, 38.2438934], [38.3645582, 38.2456291], [38.3781624, 38.246101], [38.3779263, 38.2425957], [38.3877969, 38.2334946], [38.3884191, 38.2312866], [38.3867776, 38.2287835], [38.3915841, 38.2252184], [38.3955109, 38.2251678], [38.399384, 38.2178685], [38.4028172, 38.2174976], [38.405478, 38.2143112], [38.4078598, 38.2070276], [38.4172153, 38.1988665], [38.4369564, 38.197315], [38.4413766, 38.1909742], [38.4532642, 38.1877024], [38.4562602, 38.1819215], [38.4919597, 38.1902752], [38.4949779, 38.1695866], [38.4971236, 38.1657402], [38.496437, 38.1582492], [38.5073397, 38.1586112], [38.5175943, 38.1532886], [38.5258129, 38.1553758], [38.5308981, 38.1539298], [38.5381078, 38.1497451], [38.5475492, 38.1474501], [38.5668182, 38.1390798], [38.5706805, 38.133814], [38.5756587, 38.133544], [38.5847394, 38.1279322], [38.5925821, 38.1376615], [38.5918362, 38.1465071], [38.5889625, 38.1531199], [38.5971851, 38.1727977], [38.5990246, 38.1748368], [38.6051845, 38.1747822], [38.6114169, 38.1723822], [38.6204094, 38.1848768], [38.6104504, 38.1933587], [38.6058711, 38.1951565], [38.6050128, 38.1996084], [38.608296, 38.2035176], [38.6167093, 38.2058969], [38.6100873, 38.2229046], [38.6099052, 38.2354835], [38.5839843, 38.2335958], [38.5793924, 38.2383992], [38.5825971, 38.2438303], [38.5838341, 38.2506003], [38.5922241, 38.2571382], [38.5986185, 38.2568686], [38.6025667, 38.259059], [38.612913, 38.2586927], [38.6197543, 38.2612494], [38.6167288, 38.2631869], [38.6423049, 38.2693568], [38.641963, 38.2781464], [38.6464262, 38.2764956], [38.6587429, 38.2785844], [38.6877448, 38.2951701], [38.7256479, 38.2913513], [38.7318063, 38.2808498], [38.7393808, 38.2811784], [38.7404108, 38.2829301], [38.7364626, 38.2874272], [38.7388658, 38.2944164], [38.7361936, 38.302657], [38.732686, 38.3056315], [38.7324071, 38.3144205], [38.7172652, 38.3221877], [38.7100482, 38.3220721], [38.7027633, 38.3196227], [38.6998451, 38.3235703], [38.682078, 38.3280733], [38.6879897, 38.3308339], [38.6928606, 38.327905], [38.6933756, 38.3305309], [38.6888051, 38.3386436], [38.6892986, 38.3438104], [38.6857152, 38.3441722], [38.6868524, 38.3457878], [38.6817992, 38.3468817], [38.6780762, 38.350037], [38.6774753, 38.3788238], [38.6755096, 38.3802104], [38.6815524, 38.3880243], [38.6799215, 38.3901435], [38.6660814, 38.3942134], [38.654108, 38.3904967], [38.6314057, 38.4020332], [38.6391735, 38.4068928], [38.6390447, 38.4122396], [38.6453533, 38.4224278], [38.6521569, 38.4295087], [38.6291656, 38.4381697], [38.6147156, 38.4456619], [38.6047136, 38.4465018], [38.5919416, 38.4437239], [38.5797194, 38.4487139], [38.5730435, 38.4567779], [38.5661085, 38.4609359], [38.5447156, 38.4637129], [38.5324935, 38.4687179], [38.5058286, 38.4642699], [38.4847106, 38.4720519], [38.4685975, 38.474829], [38.4243044, 38.5082621], [38.399377, 38.5015802], [38.3779828, 38.5017024], [38.3533091, 38.498036], [38.3160209, 38.4842323], [38.3071813, 38.4871286], [38.3018457, 38.4797325], [38.2981252, 38.4790923], [38.2985412, 38.4776495], [38.2897782, 38.4716337], [38.287705, 38.4732987], [38.2775473, 38.4640903]]]}, "properties": {"id": "tr-44-battalgazi", "name": "Battalgazi", "province": "malatya", "province_plate": "44", "osm_relation_id": 1826542, "bbox": [38.1279322, 38.2775473, 38.5082621, 38.7404108], "center": [38.33765830776139, 38.48800885230043]}}]}